url,title,description,body,image_url,category
https://www.bbc.co.uk/news/world-europe-60638042,Ukraine: Angry Zelensky vows to punish Russian atrocities,The Ukrainian president says the country will not forgive or forget those who murder its civilians.,"Video shows people running to escape Russian shelling in Irpin, just outside of the capital Kyiv

President Volodymyr Zelensky has said everyone who commits atrocities against Ukraine's civilians will be punished.

He said Ukrainians would not forgive or forget, and accused invading Russian troops of deliberate murder.

""There will be no quiet place on Earth for you. Except for the grave,"" the president said.

Ukrainian officials say Russia is striking civilian targets around the country, including hospitals, nurseries, and schools.

But Russia denies targeting civilians, saying it is carrying out a ""special military operation"" against Ukrainian ""nationalists"" and ""neo-Nazis"".

Ukraine's Deputy Prime Minister Olha Stefanishyna told the BBC that, after ""strong resistance"" from the Ukrainian army, there was an ""enormous operation"" by Russia against civilians.

On Sunday alone, a family of four were killed when Russian forces fired shells at people fleeing the conflict in the town of Irpin, north-west of Kyiv.

And in the port city of Mariupol, promised evacuations were cancelled on both Saturday and Sunday amid fresh attacks.

The city council there said Russian shelling had made safe movement impossible. Russia has blamed Ukrainian forces.

The city is now in its sixth day with no running water, no power, and no sanitation. Food and water are fast running out.

Moscow announced it would open new evacuation corridors at 09:00 local time (07:00 GMT) in Mariupol and other cities. However, the routes published by Russia's RIA Novosti news agency show some of the corridors end in Russia and Belarus.

The corridor from Kyiv will lead to Russian ally Belarus, and civilians from Kharkiv will only have a corridor leading to Russia.

Corridors from the cities of Mariupol and Sumy will lead both to other Ukrainian cities and to Russia, the AFP news agency reports.

Ms Stefanishyna spoke to the BBC from a sandbagged room on Sunday morning

In a video address to mark the Orthodox Church's Forgiveness Sunday, Mr Zelensky said that instead of forgiveness there would be a day of judgment.

""We will not forgive, we will not forget, we will punish everyone who committed atrocities in this war on our land,"" he said.

He said Russia had announced shelling of defence targets which were built in cities in Soviet times.

""Thousands of people work there. Hundreds of thousands live nearby. This is murder. Premeditated murder,"" he said.

He also condemned Western governments for failing to speak out against the plan.

The World Health Organization said health facilities were being attacked, with its director-general Tedros Adhanom Ghebreyesussaying they had caused ""multiple deaths and injuries"".

The British government has accused Russia of targeting populated areas ""in multiple locations"", noting in anintelligence updatethat it had ""previously used similar tactics in Chechnya in 1999 and Syria in 2016"".

On Sunday, UN monitors said 364 civilian deaths had been confirmed in Ukraine since the invasion began on 24 February, but the real figure was likely to be ""considerably higher"".

The UNHCR said more than 1.5 million people had fled Ukraine since Russia invaded.

Ukraine's Deputy Prime Minister Olha Stefanishyna - who was speaking to BBC TV's Sunday Morning programme - accused Russia of ""military tactics right in the cities of Ukraine"", adding they were carrying out a ""terroristic plan"", with attacks coming from the air and also by land.

""Shelled hospitals, the shelled houses for kindergartens and schools, and the ordinary households,"" she said. ""This is how the reality looks.""

She said Ukraine was seeing ""another wave of implementation of this terroristic plan of [the] Russian Federation"".

Ms Stefanishyna claimed Russia was suffering ""enormous losses"" of soldiers and equipment, but this ""does not deter Russia"".

""It only encourages further aggression,"" she said.

LIVE:Latest updates from on the ground

IN KYIV:Locals fear another Grozny or Aleppo

ANALYSIS:Europe finally steps up

EXPLAINED:Why Putin has invaded Ukraine?

IN DEPTH:Full coverage of the conflict

Attacking civilians and civilian infrastructure - such as schools and hospitals - is against theGeneva Conventions,which are treaties agreed by all countries that are supposed to regulate war.

As well as the WHO, other non-government organisations have also reported attacks on civilian targets.

Amnesty Internationalsays it has verified various attacks- including cluster munitions hitting a kindergarten and nursery, and a ballistic missile hitting a hospital.

Are you personally affected by the issues raised in this story? If it is safe to do so email.

if you are willing to speak to a BBC journalist. You can also get in touch in the following ways:

Upload pictures or video

you will need to to submit your question or comment or you can email us at. with any submission.

'Ukraine is united, don't be afraid of Putin' Video, 00:01:35'Ukraine is united, don't be afraid of Putin'

Mariupol: Fires, no water, and bodies in the street

Russia's Ukraine war fuels Finnish support for Nato",https://ichef.bbci.co.uk/ace/branded_news/1200/cpsprodpb/DA95/production/_123575955_976_hi074372763.jpg,Europe
https://www.bbc.co.uk/news/av/world-europe-60641873,Ukraine: Taking cover in a town under attack,"Jeremy Bowen was on the frontline in Irpin, as residents came under Russian fire while trying to flee.","Artillery and air strikes have caused severe damage in Irpin, with at least one mortar attack killing a woman and two children as they tried to flee.

The town has found itself on the frontline between Russian and Ukrainian forces over the past week.

The BBC's Jeremy Bowen spent the day in the town, as residents attempt to flee - a warning that his report contains distressing images of civilian casualties.",https://ichef.bbci.co.uk/news/1024/branded_news/10E89/production/_123575296_gettyimages-1238994406.jpg,
https://www.bbc.co.uk/news/business-60623941,Ukraine war 'catastrophic for global food',One of the world's biggest fertiliser firms says the conflict could deliver a shock to food supplies.,"The war in Ukraine will deliver a shock to the global supply and cost of food, the boss of one of the world's biggest fertiliser companies has said.

Yara International, which operates in more than 60 countries, buys considerable amounts of essential raw materials from Russia.

Fertiliser prices were already high due to soaring wholesale gas prices.

Yara's boss, Svein Tore Holsether, has warned the situation could get even tougher.

""Things are changing by the hour,"" he told the BBC.

""We were already in a difficult situation before the war... and now it's additional disruption to the supply chains and we're getting close to the most important part of this season for the Northern hemisphere, where a lot of fertiliser needs to move on and that will quite likely be impacted.""

Russia and Ukraine are some of the biggest producers in agriculture and food globally.

Russia also produces enormous amounts of nutrients, like potash and phosphate - key ingredients in fertilisers, which enable plants and crops to grow.

""Half the world's population gets food as a result of fertilisers... and if that's removed from the field for some crops, [the yield] will drop by 50%,"" Mr Holsether said.

""For me, it's not whether we are moving into a global food crisis - it's how large the crisis will be.""

Svein Tore Holsether said fertiliser prices were already high due to soaring gas prices

His company has already been affected by the conflict after a missile hit Yara's office in Kyiv. The 11 staff were unharmed.

The Norwegian-based company isn't directly affected by sanctions against Russia, but is having to deal with the fall-out. Trying to secure deliveries has become more difficult due to disruption in the shipping industry.

Just hours after Mr Holsether spoke to the BBC, the Russian government urged its producers to halt fertiliser exports.

He pointed out that about a quarter of the key nutrients used in European food production come from Russia.

""At the same time we're doing whatever we can do at the moment to also find additional sources. But with such short timelines it's limited,"" he said before the news emerged.

Analysts have also warned that the move would mean higher costs for farmers and lower crop yields. That could feed through into even higher costs for food.

Fears of UK food and fuel prices rising due to war

Five ways the Ukraine war could push up prices

Energy shock: The economic reality of Putin's war

Nutrients aren't the only factor to consider, either.

Huge amounts of natural gas are needed to produce ammonia, the key ingredient in nitrogen fertiliser. Yara International relies on vast quantities of Russian gas for its European plants.

Last year, it was forced to temporarily suspend production of about 40% of its capacity in Europe because of the spike in the price of wholesale gas. Other producers also cut supplies.

Combined with higher shipping rates, sanctions on Belarus (another major potash supplier) and extreme weather - this prompted a big jump in fertiliser prices last year, adding to a surge in food prices.

The company says it's making day-to-day evaluations on how to maintain supply and that it is too early to say if more shutdowns may be on the cards.

It acknowledges it has a ""very strong obligation"" to keep production running at what it describes as a critical point.

But Yara's boss says the world must, in the long-term, reduce its dependency on Russia for global food production.

""On the one hand, we're trying to keep fertiliser flowing to the farmers to keep up the agricultural yields.

""At the same time... there has to be a strong reaction. We condemn the Russian military invasion of Ukraine so this is a dilemma and one that frankly is very difficult.""

Climate change and growing populations had already been adding to the challenges the global food production system faces - all before the pandemic started.

The Yara International chief executive describes the war as ""a catastrophe on top of a catastrophe"", highlighting just how vulnerable to shocks the global food supply chain now is.

It will increase food insecurity in poorer countries, he adds.

""We have to keep in mind that in the last two years, there's been an increase of 100 million more people that go to bed hungry... so for this to come on top of it is really worrying.""

LIVE:Latest updates from on the ground

IN KYIV:Locals fear another Grozny or Aleppo

ANALYSIS:Europe finally steps up

EXPLAINED:Why Putin has invaded Ukraine?

IN DEPTH:Full coverage of the conflict

Five ways the Ukraine war could push up prices

Poorest face food crisis amid fertiliser shortage",https://ichef.bbci.co.uk/ace/branded_news/1200/cpsprodpb/5F88/production/_123565442_gettyimages-1238855471.jpg,Business
https://www.bbc.co.uk/news/uk-60579079,Manchester Arena bombing: Saffie Roussos's parents on hearing the truth,The parents of the Manchester Arena bombing's youngest victim speak about their life since she died.,"Saffie Roussos

Last month, the inquiry into the bombing of an Ariana Grande concert at Manchester Arena heard its final scheduled evidence. The BBC's Judith Moritz has followed the family of Saffie-Rose Roussos - the youngest of the 22 victims - as they have uncovered details of their daughter's death while learning to live with their grief.

Saffie Roussos' bedroom looks just how you would expect an eight-year-old's room to look. Her name plate is on the door. Her vibrant My Little Pony dressing gown hangs on a peg. Her tiny pink Converse boots sit on a chair. And at the centre of it, her white bed is festooned with scatter cushions, fairy lights and pom poms.

Her artwork adorns the walls. A painting which reads, ""I love mummy so much"" and a drawing of the whole family, with ""me, Saffie"", written in felt tip.

But Saffie has never visited this room. And although the bed is beautifully made up, she'll never sleep in it. Saffie's childhood stopped abruptly when she was murdered in the 2017 Manchester Arena bombing.

Saffie's drawing of her family

Before she was killed, Saffie lived with her parents Lisa and Andrew, and brother Xander, in their flat above the family fish and chip shop in Leyland, Lancashire. But when the bomb went off, their lives were changed in a fraction of a second.

After the explosion they never returned home. They never opened up the chippy again. Lisa went through months of hospital treatment, and when it was over the family went on holiday to Dorset. And they decided to stay there for good.

""We just basically escaped. I suppose a bit like running away,"" says Andrew Roussos.

Saffie's things were packed up, and for a long time her parents found it too painful to go through them. Their move south gave them space, and put distance between them and the intensity of Manchester. There, the civic ""bee"" emblem had taken on a new dimension, spread across the city on posters, walls and tattoos. Lisa found it both supportive and stifling.

She says: ""In the north, where it happened, they still talk about it now. They still think about the families and everybody, and that's beautiful and I wanted that. But at the same time, with us moving here, you can pick and choose when to look at it, when to face it. It's quiet, you've got the sea, the countryside. I think it was the best decision.""

Lisa admits she had been torn. She initially did not want to move as she felt she was moving away from Saffie, wanting to be where she had lived.

Saffie Roussos

It was a while before she realised that it would be possible to relocate, and still feel close to her little girl. ""Saffie will always be with us,"" she says simply.

Lisa and Andrew started house-hunting. They needed a two-bedroom house, for themselves and Xander, but they decided to search for a three-bed. Saffie would have her own room again as her parents decided it was time to unpack her belongings, and create a new room for her.

Lisa explains they did not want to put her things away into cupboards or the loft, wanting instead to move forward with Saffie.

""We've changed the knobs on her wardrobe. Even though we wanted to keep her furniture, I've updated it a little bit because I know she would like new things.

Lisa and Andrew Roussos

The Roussos family is an intensely private unit. They take comfort in each other, and have largely eschewed public attention. But they have always wanted the world to know how special Saffie was to them. That is what led them to invite me to their home as part of the process of making ourfilm about Saffie for Panorama.

I first met Andrew just weeks after the bombing, when Lisa was still in hospital and the family was reeling from the attack. He told me then that Saffie had always wanted to be famous for singing and dancing like her idol Ariana Grande.

He could never have imagined that her name would be connected with the singer's for the most tragic reasons. He said he was determined to reclaim the joy that had surrounded his daughter during her short life. That meant telling as wide an audience as possible about the wonder of his little girl and the happiness she brought.

Saffie's Ariana Grande posters

We filmed an interview and I told Andrew to keep in touch. I also asked him if Lisa was likely to want to say anything publicly when the time was right. There was significant media interest in their story, and I wondered if she would be as keen to speak about Saffie as her husband.

A few weeks later, Andrew suggested that I visit the couple at Wythenshawe hospital in Manchester. Lisa had been so badly hurt in the attack that she was initially only given a 20% chance of survival. By the summer of 2017, they were living as a family in hospital accommodation while her treatment continued.

When I met Lisa, it was clear that the time was not right for her to do an interview. She was having to cope with her own rehabilitation while coming to terms with the news that her youngest child had not survived the atrocity. I had been invited to meet her as a journalist, but I am also a mum, and my heart went out to her on a personal level. I had been to the arena with my own children a few weeks before the bombing, I knew that it could have been me in Lisa's shoes. I struggled to find the right words to express my sympathy.

It took another two years before Lisa decided that she wanted to talk publicly about what she was going through, and another two before she reached the point of inviting me to see her daughter's room in Dorset. She said she wanted to show me something special.

Watch Panorama

Manchester Arena Bombing: Saffie's Storyis on BBC One Monday 7 March at 20:00 or watch later on BBC iPlayer

There, we sat on Saffie's bed - she felt it was finally time to look through her daughter's baby box of keepsakes, something that she had found too painful after the attack, worried about the emotions it would unleash.

Saffie's bedroom

In fact, Lisa beams as she shows me the scan pictures, talking about the pregnancy and how Saffie would not stop moving, a real livewire as she had been throughout her life. Each treasure - her first lock of hair, her newborn ID bracelet - unlocks a memory and she basks in them.

She picks out a pair of miniature flip flops. ""I bought them in Kefalonia. I remember pushing her in her pram with them on and they kept falling off.""

The tears come, but they are mixed with laughter as Lisa remembers the happy moments. She and Andrew have spoken to me several times about the pattern grief has taken for them. They describe it as a constant never-ending presence that has evolved into something they are learning to live with.

At the same time, they have also reached the stage of wanting to find out more about what happened to Saffie. For a long time, they did not want to know a great level of detail. But as the public inquiry into the attack started in September 2020, their legal team prepared them for hard times ahead.

The couple had always believed that their daughter died within seconds of the bomb exploding, and that she had not suffered. But at the inquiry they learned that Saffie had lived for an hour, and that she had died as a result of blood loss from leg injuries. Her legs were never given tourniquets or splinted. Two sets of experts at the public inquiry are in dispute over whether she might have survived if she had received better emergency care.

Andrew says: ""It was our biggest fear. Our minds were set to, 'right, a bomb detonated, she lost her life, and it went quickly'. So that's what we chose to carry on life with. Finding out exactly what happened is hard to takeâ¦ It's torture on top of torture.""

The couple have been represented at the public inquiry by Pete Weatherby QC, who explains: ""Saffie was able to talk, able to drink water. In the ambulance something like 40 minutes after detonation she asked the ambulance staff if she was going to die. Therefore, the issue of whether there were further interventions that might have made a difference to Saffie became apparent.""

Saffie Roussos

The Roussos family solicitor, Nicola Brook, had to tell the couple Saffie had lived for a while, with an unknown degree of possibility about whether she could have survived. She then had to ask whether they wanted to explore that further.

""That is, without a shadow of a doubt, the hardest conversation I've ever had to have,"" she says.

Lisa and Andrew agreed they were ready to look into the intricacies of Saffie's case. But they have had very different approaches to the Manchester Arena Inquiry, which has been running for 18 months.

Andrew has followed nearly every day of the hearings by remote video link. Lisa has found them too distressing to listen to, and relies on Andrew to outline the main issues for her.

But when it came to giving evidence, âboth were determined to go into the witness box in person, and so they steeled themselves to make the trip from Dorset back up to Manchester. I joined them again that morning, as they packed their car for the trip, which Lisa confessed she had been dreading.

Ex-officer accepts bomber intelligence oversight

Ten key moments from the Manchester Arena Inquiry

Reduced training 'a deliberate choice' before bomb

She said it had been causing her sleepless nights and she would not do it if she didn't have to. ""I know it's going to be emotionally draining. But I just thought, 'Lisa, you've got to do it. You've got to do it for Saffie. She hasn't got that voice, so we have to give it to her.'""

At court,the couple told the inquiry about their experiences on the night of the attack. How Lisa lay on the floor of the arena foyer unable to move. And how Andrew spent all night searching for her and Saffie. He and Xander travelled to three hospitals, and only discovered that Saffie had died the following afternoon.

Andrew Roussos with his son outside the Manchester Arena following the bomb attack

The public inquiry has given him an opportunity to dig deep into what happened. He says, ""What drives me, I suppose, is knowing the information. So I'm there representing us as a family and Saffie as our daughter. Even though the legal team are there to do that, I want to know. I want to scrutinise everybody to the point of getting to the truth.""

Grieving for a child can destroy a marriage. But Lisa and Andrew each say they could not have managed without the other. Their characters complement each other. Andrew is passionate and talkative. Lisa is a calming presence.

The experience of speaking in court was draining for them both. Afterwards they were clearly exhausted, but relieved. Lisa said she was glad she had taken part as it was her one chance to say what she needed to say. ""The build-up to it was awful but I do feel better now that I've done it,"" she says.

But the couple are clear that the inquiry has to make a real difference.

Andrew says he is angry lessons still need to be learned: ""My argument is why didn't you learn from 7/7? Why didn't you learn from 9/11? Why didn't you learn from the Paris attacks in 2016? This wasn't the first terrorist attack.""

Manchester Arena Inquiry: Bomb response shameful, says victim's dad

He adds: ""I just hope the whole process of this inquiry does what it set out to do. What it's meant to do. We're never going to stop thisâ¦ but at least at the next attack we'll be more prepared.""

Their time at court was not the only intense moment of the family's trip to Manchester.

Saffie's mobile phone

Saffie used to love playing with her mobile phone. She had taken endless selfies with it. Naturally, she took it with her on the night of the Ariana Grande concert. But it shattered in the blast and when it was returned to her parents, it seemed beyond repair.

Lisa and Andrew told me they had tried everything to make it work again. They badly wanted to look at the photos on it, to have a last glimpse of Saffie's world. I asked them if they would trust me to take the phone away for forensic work.

In truth, I was not sure if I would be able to get any results, so I was thrilled when I was able to tell them that despite such extensive damage, I was able to have the phone reconstructed - and there were photos to look at.

The pictures were Saffie's last selfies. She took them in the car with Lisa on their way to the concert. The little girl is wearing her Ariana Grande T-shirt, and beaming, on what should have been one of the happiest days of her life.

Selfie of Saffie and Lisa

Tearfully, Lisa remembered them being taken. She said, ""Me and Saffie were in the back of the car on the way to the arena. It's just so so sadâ¦ I wish I'd taken more pictures of me and her. You take them for granted because you don't think of the worst, ever. Why would you? But afterwards you realise how precious and important they are.""

Although it is upsetting to see the selfies, Lisa and Andrew say they will always treasure them. They are determined that Saffie will always be a part of their lives. I ask Lisa about the concept of ""closure"" which is sometimes spoken about.

She says, ""Who wants closure? It's the opposite. You can't have closure. You don't want closure. You want to take that memory with you forever. We want to take her with us forever. I want to talk about her. I want to remember her. I want everyone to remember her.""",https://ichef.bbci.co.uk/ace/branded_news/1200/cpsprodpb/C614/production/_123480705_2hi040414281.jpg,UK
https://www.bbc.co.uk/news/business-60642786,Ukraine conflict: Petrol at fresh record as oil and gas prices soar,"Investors fear a global economic shock, with rising fuel bills causing more pain for households.","Petrol prices have hit another record high as oil and gas costs soar amid fears of a global economic shock from Russia's invasion of Ukraine.

Oil jumped to $139 a barrel at one point, the highest level for almost 14 years, while wholesale gas prices for next-day delivery more than doubled.

It came as the US hinted at a ban on buying Russian energy, as it looked to other countries to increase supplies.

However, European leaders rejected that idea on Monday.

German Chancellor Olaf Scholz said Europe had ""deliberately exempted"" Russian energy from sanctions because its supply cannot be secured ""any other way"" at the moment.

And Netherlands prime minister Mark Rutte said: ""The painful reality is we are still very much dependent on Russian gas and Russian oil and if you now force European companies to quit doing business with Russia that would have enormous ramifications around Europe including Ukraine but also around the world.

""We have to reduce our dependency. That will take time,"" he added.

UK petrol prices have hit an average of 155p a litre, the AA motoring group said.

The market turmoil is fuelling concerns that the price of many everyday items from food to petrol and heating,already rising at their fastest rate for 30 years, could be pushed higher.

Analysts have already warned that UK energy bills could reach as high as Â£3,000 a yeardue to the surge in oil and gas prices.

Russia is the world's second top producer of crude oil after Saudi Arabia, and supplies about a third of Europe's needs. The price of Brent crude rose by more than a fifth last week amid fears of a reduction in Russian supplies.

After peaking at $139.13 a barrel early on Monday, the price of Brent crude - an international benchmark - fell back to around $125.

Ukraine war 'catastrophic for global food'

EU mulls weaponising energy in Russia crisis

The latest rise in UK petrol prices has pushed the cost to more than Â£7 a gallon, the AA said. Filling up a car with a 55-litre tank now costs nearly Â£17 more than a year ago, rising from Â£68.60 to Â£85.59.

The boss of fuel delivery firm Portland Fuel, James Spencer, told the BBC he thought fuel prices could reach Â£1.70-Â£1.75 a litre. ""Even if we can get extra [oil] supplies on to the market, nothing will happen quickly.""

He said that, to a certain extent, individual car drivers have options to cut their use by driving less, but added that businesses that have no alternatives were really starting to feel the squeeze.

The crisis continues to affect share markets. The main stock exchanges in France and Germany sank more than 4% in early trading before paring their losses, closing 1.3% and 2% lower respectively.

In London, the FTSE 100 dropped more than 2%, but then recovered to close 0.4% lower. Last week, the FTSE had its worse week since the start of the pandemic in March 2020.

In the US, markets ended lower with the Dow Jones and S&P 500 down 2.4% and 3% respectively. The Dow is now in a ""correction"", having fallen 10% since its last record closing level on 4 January.

The price of gold, a haven in troubled times for investors looking for security, hit $2,000 an ounce for the first time in almost 18 months.

These are massive movements in the price of commodities - the raw materials that eventually feed, warm and transport us.

The extra movements this morning arose out of talk of an embargo on Russian oil. That is very significant, because Russia is the second biggest world exporter. Anyone passing a petrol station would have seen the impact. If there was an actual embargo, the price of an average tank could head close to Â£100, and indeed is already there at the most expensive service stations in the UK.

But we don't need to be physically reliant on actual Russian supplies for it to feed through into the prices our suppliers pay and then pass on to us. The price for gas in international markets was already at incredible highs last week. It further increased by a third to frankly frightening levels, 10- to 15-times normal, above Â£6 per therm.

If in the first half of this year these prices average Â£3.20, then typical dual fuel bills in October could rise to Â£3,000 a year or Â£250 a month.

On Sunday, the US Secretary of State Antony Blinken said the Biden administration and its allies were discussing a ban on Russian oil supplies.

The comments came as pressure grows on the White House and other Western nations to take tougher action against Moscow over its invasion of Ukraine.

A Russian oil embargo would be a major escalation in the response to the invasion of Ukraine and would potentially have a major impact on the global economy.

However, some European countries are reluctant given their dependence on Russian energy supplies.

""While the US might just push through a ban on Russian oil imports, Europe can ill-afford to do the same. More worryingly, [Russian leader Vladimir] Putin, with his back to the wall, could turn off gas supplies to Europe, cutting off the continent's energy lifeline,"" said Vandana Hari at oil markets analysis firm Vanda Insights.

Mr Johnson said Europe could not simply shut down the use of oil and gas overnight, but that countries should move together quickly to look beyond Russia for its oil and gas supplies.

On Sunday, energy giantShell defended its decision to purchase Russian crude oildespite the invasion of Ukraine.

The company said it was forced to buy oil from Russia in order to maintain timely supplies of fuel to Europe.

""To be clear, without an uninterrupted supply of crude oil to refineries, the energy industry cannot assure continued provision of essential products to people across Europe over the weeks ahead,"" a spokesperson added.

A possible ban on buying Russian oil has intensified pressure to find alternative supplies.

The US is this week expected to press Saudi Arabia to increase crude production, and there is fresh impetus for a deal over Iran's nuclear ambitions that would lift sanctions on its oil exports.

However, progress on a deal has been hampered after Russia sought a US guarantee that the sanctions it faces over the Ukraine conflict will not affect its trade with Tehran.

LIVE:Latest updates from on the ground

IN KYIV:Locals fear another Grozny or Aleppo

ANALYSIS:Europe finally steps up

EXPLAINED:Why Putin has invaded Ukraine?

IN DEPTH:Full coverage of the conflict

Video shows people running to escape Russian shelling in Irpin, just outside of the capital Kyiv

TikTok limits services as Netflix pulls out of Russia

Ukraine war 'catastrophic for global food'

Visa and Mastercard suspend Russian operations

Shell defends decision to buy Russian crude oil",https://ichef.bbci.co.uk/ace/branded_news/1200/cpsprodpb/FC9D/production/_123496646_petrol.jpg,Business
https://www.bbc.co.uk/news/uk-60642926,Ukraine war: PM calls for 'step-by-step' move from Russian fuel,"Meanwhile, the German chancellor says there is no alternative to Russian supplies at the moment.","Boris Johnson says no European country had done more than the UK to settle vulnerable people since 2015

Prime Minister Boris Johnson has called for a ""step-by-step"" move away from dependence on Russian oil and gas as a result of the Ukraine war.

After talks with the Canadian and Dutch PMs, Mr Johnson said nations have to work together to secure alternatives.

Canada's PM Justin Trudeau said Europe did not want to repeat its mistake of being too dependent on Russia.

But Dutch Prime Minister Mark Rutte warned forcing a boycott now would have ""enormous consequences"".

And in Germany, Chancellor Olaf Scholz cautioned against banning Russian oil and gas.

In a statement, he said Europe had ""deliberately exempted"" Russian energy from sanctions because its supply cannot be secured ""any other way"" at the moment.

Will Russia's invasion push up gas bills?

Petrol at fresh record as oil and gas prices soar

Is the UK doing enough to help refugees?

Ukrainians on way to UK hit paperwork dead-end in Calais

Meanwhile, Russia warned that oil prices could surge to $300 a barrel and it might close the main gas pipeline to Germany if the West halted oil imports over the invasion of Ukraine.

""Foregoing Russian oil will have catastrophic consequences for the world market,"" said Russian Deputy Prime Minister Alexander Novak.

Mr Johnson's call came at a Downing Street news conference after he, Mr Trudeau, and Mr Rutte discussed new sanctions against Russia and aid for Ukraine.

Asked about claims that the US was in active discussions with European nations about banning imports of Russian oil, Mr Johnson said Western allies are ""moving very, very fast"" - and things which weeks ago would not have been considered are ""now very much on the table"".

He said he would set out a new energy supply strategy in the coming days, saying the UK was looking at using more of its own fossil fuels.

But he said the UK was not abandoning its commitment to cut carbon emissions.

The UK gets less than 5% of its gas from Russia - but for EU countries the figure is about 40%.

Mr Rutte told the news conference the change would have to be ""diligent and not overnight"", combined with a faster uptake of renewable energy.

An immediate change would ""basically undermine supply chains the world over, particularly in Europe,"" he said, adding: ""It would also have an impact on Ukraine itself.""

Mr Johnson also announced a further Â£175m of UK support for Ukraine and Mr Trudeau said Canada would sanction 10 more Russian oligarchs and officials.

Later the prime minister joined a call with Mr Scholz, US President Joe Biden and French President Emmanuel Macron, where they said they were determined to continue raising the cost on Russia for its invasion of Ukraine.

Mr Johnson said previously unthinkable options for Western leaders were now ""very much on the table""

Western nations are facing calls to do more as Russia continues its bombardment of Ukrainian cities.

The UK has also been criticised after it emerged that only about 50 refugees have been granted visas to enter the country as of Sunday.

During a visit to an RAF station with his fellow leaders, Mr Johnson said the UK was ""processing thousands"" and would be ""very generous"" to refugees, but would not let people in without any checks.

What sanctions are being imposed on Russia?

Will new legal powers find Putin's loot?

The government has so far announced two main schemes for people fleeing Ukraine to come to the UK - one which allows family members of people settled in the UK to join them and the other which allows organisations to sponsor a Ukrainian's entry.

Home Office sources have said they are in the early stages of exploring a scheme to provide humanitarian access to people fleeing the conflict.

But a senior government source told the BBC the focus was still on the two schemes for Ukrainian refugees that have already been announced, and the need for further action was being kept under review.

Labour leader Sir Keir Starmer said the Home Office was in a ""complete mess"" and the government must establish a ""simple route to sanctuary"", while Scotland's First Minister Nicola Sturgeon said the UK was ""not doing anywhere near enough"" to help refugees.

More than 1.5 million people have fled Ukraine since the invasion began, according to the UN refugee agency.

Labour leader Sir Keir Starmer says the Home Office is in a ""complete mess"" over how Ukrainians can get to the UK

Meanwhile, MPs are expected to vote later on the Economic Crime Bill, which aims to make it easier to sanction individuals.

In recent days, the government has announced asset freezes and travel bans on a number of oligarchs - but hasfaced accusations of being too slowto sanction those with links to President Putin.

LIVE:Latest updates from on the ground

IN KYIV:Locals fear another Grozny or Aleppo

ANALYSIS:Europe finally steps up

EXPLAINED:Why Putin has invaded Ukraine?

IN DEPTH:Full coverage of the conflict

The bill will set up a new register that will mean foreign owners of UK property must declare and verify their identities with Companies House.

MPs are expected to vote through all stages of the bill in a single sitting.

Labour said it would support the legislation, but wanted the proposed timeframe for property owners to register to be cut from six months to 28 days.

BIG BUSINESSES AND CLIMATE CHANGE:Deborah Meaden talks to some of the world's biggest business about the biggest problem facing the planet

JUST STAND UP:Can we burn more calories and lower blood sugar levels without even doing any exercise?

PM defends Ukraine refugee response after criticism

TikTok limits services as Netflix pulls out of Russia

Will new legal powers find Putin's loot?

UK calls for renewed world effort to halt invasion

Fleeing Ukrainians urge UK to offer more support

Truss calls for Ukraine support to be stepped up

UK under pressure to speed up Russia sanctions

Tories must sack co-chair over Russia links - Labour

Where have Ukraine's millions of refugees gone?",https://ichef.bbci.co.uk/ace/branded_news/1200/cpsprodpb/328A/production/_123583921_hi074406941.jpg,UK
https://www.bbc.co.uk/news/uk-60640460,Ukraine war: UK grants 50 Ukrainian refugee visas so far,"The home secretary says she is ""surging capacity"" as about 1% of 5,500 applications are granted.","Most refugees are crossing the border into Poland, like this girl who travelled from Lviv

Fifty Ukrainians have been granted visas under a scheme for refugees with family links to the UK, the Home Office has announced.

It is about 1% of the 5,535 people who have applied since the programme launched 48 hours earlier.

Europe minister James Cleverly said he did not know the exact figures but said numbers would increase ""very quickly"".

The Ukrainian ambassador praised the UK effort but urged for the ""maximum"" number of people to be admitted.

Home Secretary Priti Patel said she was ""doing everything possible"" to speed up efforts to issue the travel permits.

The UK has steadily increased its visa offer to refugees from the Ukraine war, extending it to parents, grandparents and siblings as well as ""immediate family"" and extending the visas to three years.

But it has faced criticism that its scheme is less generous than the European Union's, while France accused the UK of a ""lack of humanity"", saying that 150 refugees were turned back at Calais for lacking a visa.

Where have the million Ukrainian refugees gone?

Fleeing Ukrainians urge UK to offer more support

Ukraine refugees can stay in UK for three years

Earlier this week, Prime Minister Boris Johnson said 200,000 Ukrainians would be eligible to travel to the UK as he extended the offer of visas to a wider range of family members.

As of 10:00 GMT on Sunday, the Home Office said 11,750 had begun applications online, while 5,535 had completed them.

It added that 2,368 had booked a visa appointment to submit their application and biometric information, while ""around 50"" visas had been granted.

Mr Cleverly told BBC Breakfast the final figure would be ""significantly"" more than the 50 figure being quoted and said while a process was needed the government would make it ""as quick, easy and as fast as possible"".

""We are looking to create something very, very large-scale very, very quickly"" he said. ""Initially it will be slower than we would like but that will pick up.""

Asked if it was acceptable that about 1% of applications had been granted in the first 48 hours of the scheme, Ms Patel said it was ""the first scheme in the world that's up and running in this short period of time"".

""This is an incredible scheme and we are doing everything possible, surging capacity across every single application centre across the EU,"" she said, adding that staff were being flown into Ukraine's border countries to speed up applications.

Ukraine's immediate neighbours have taken in the majority of the 1.5 million people estimated to have fled the war, with more than one million arriving in Poland.

Mr Celverly said that while ""all of us would want to throw our arms open and be generous"" there needed to be a process but there was no upper limit on how many Ukrainians could come to the UK via government schemes.

""We want to play our part but of course most Ukrainian refugees are in the countries bordering Ukraine and that's where they want to stay and we are providing humanitarian support for them there as well,"" he said.

France's Interior Minister Gerald Darmanin wrote to Ms Patel on Saturday, saying that 400 Ukrainian refugees had arrived at Calais to cross the Channel, but 150 were sent back and told to obtain UK visas at embassies in Paris or Brussels.

Mr Darmanin said the response to people in distress was ""completely unsuitable"" and showed a ""lack of humanity"", calling for the UK to put consular staff at Calais to help Ukrainian refugees cross.

But Ms Patel said it was ""wrong to say we are turning people back"" and said the Home Office already had people working in Calais to support Ukrainian families.

The Sun reportedthat Ms Patel was ""investigating legal options"" to create a humanitarian route, which would mean anyone without ties to the UK fleeing the conflict would have the right to come to the UK.

However, the BBC understands this referred to the already announced route where refugees can be sponsored by individuals, communities or organisation and Mr Cleverly confirmed that there had been no change to the government's policy over the weekend.

Vadym Prystaiko, Ukraine's ambassador to the UK, said that the visa process could be simplified, adding that any issues could be resolved later but right now the ""maximum"" number needed to be admitted.

He said any ""bureaucratic nonsense"" should be cleared away, although he said it was necessary to continue security checks.

But he said the UK was at the ""forefront of the effort"" to support Ukraine.

On Monday the Disasters Emergency Committee announced its Ukraine appeal hadraised more than Â£100m in four days.

MY 15-HOUR JOURNEY TO SAFETY:Home in Kyiv is no longer safe for Zhanna...

DOES YOUR BRAIN NEED A BOOST?:How to banish brain fog and boost your energy levels

Where have Ukraine's millions of refugees gone?

Fleeing Ukrainians urge UK to offer more support

Ukraine refugees can stay in UK for three years",https://ichef.bbci.co.uk/ace/branded_news/1200/cpsprodpb/56D3/production/_123572222_gettyimages-1238942561.jpg,UK
https://www.bbc.co.uk/news/business-60641988,TikTok limits services as Netflix pulls out of Russia,"TikTok suspends live streaming and new content from its platform, while Russians can no longer access Netflix.","Video-sharing site TikTok and streaming giant Netflix have limited and cut their services respectively in Russia following its invasion of Ukraine.

TikTok said it had suspended live streaming and new content from its platform as it assesses tough new laws to crack down on ""fake news"" about Russia's armed forces.

Netflix said it was pulling out in protest at the invasion.

Visa, Mastercard and PwC also joined the list of western firms cutting ties.

TikTok, which has around 36 million users in Russia, said its move was about ensuring the safety of its staff and users.

Since Friday, anyone who writes news deemed false about the military could face up to 15 years in jail.

Among other things, the Kremlin objects to the conflict being called a war, instead calling it a ""special military operation"".

The BBC and other news outlets have already stopped reporting in Russia, saying they can no longer be independent.

In a series of Tweets, TikTok said: ""In light of Russia's new 'fake news' law, we have no choice but to suspend live-streaming and new content to our video service while we review the safety implications of this law.

""Our in-app messaging service will not be affected.""

BBC suspends its journalists' work in Russia

Facebook hits out at Russia blocking its platforms

Apple halts sales and limits services in Russia

It added: ""We will continue to evaluate the evolving circumstances in Russia to determine when we might fully resume our services with safety as our top priority.""

Chinese-owned TikTok, which has one billion users worldwide, has been criticised for not speaking out against Russia invading Ukraine, unlike its peers Meta, which owns Facebook and Instagram, and Twitter.

But in a longer statement on its website on Sunday, it described the war in Ukraine as ""devastating"", adding that it had ""brought pain to our community and our people"".

TikTok says it ""doesn't break down user numbers by country"" but we know that Russia is one of the company's top territories.

It's thought that around 36m people use the app and TikTok's new rules reduce them to spectators of other people's content.

TikTok says it's making the move to protect its users from breaking Russia's new ""fake news"" laws.

But it will no doubt help the company too.

Moderating social networks during times of crisis is hard enough, but having to vet content under the new draconian laws in Russia puts all platforms in a tough position.

I wouldn't be surprised if other apps took similar measures to protect themselves.

Russia has many high-profile creators who make their living from TikTok so we can expect even more people to be motivated to protest against the ""fake news"" laws.

The Kremlin may also lose out in the information war too with less pro-Russia content on people's timelines.

Last week, Netflixtemporarily stopped all future projects and acquisitionsin Russia as it assessed the impact of Moscow's invasion of Ukraine.

But on Sunday, a spokesperson said: ""Given the circumstances on the ground, we have decided to suspend our service in Russia.""

The firm launched in Russia in 2016 and only has 1 million subscribers there - a fraction of the 220 million it has worldwide.

But according to Variety magazine, the streaming platform had four Russian originals in the works.

That includes the crime thriller series Zato, which was shooting and has since been put on hold.

A host of companies have suspended their operationsin Russia since it attacked its neighbour, including Apple, Jaguar Land Rover, H&M and Burberry. Many other firms are reviewing their positions, while some are looking to offload stakes in Russian ventures.

On Sunday, two of the Big Four accounting firms KPMG and PricewaterhouseCoopers LLP (PwC) said they would no longer have a member firm in Russia because of the invasion.

Visa, Mastercard and American Express also suspended operations in Russia, although the country's banks played down the impact on consumers.

LIVE:Latest updates from on the ground

IN KYIV:Locals fear another Grozny or Aleppo

ANALYSIS:Europe finally steps up

EXPLAINED:Why Putin has invaded Ukraine?

IN DEPTH:Full coverage of the conflict

BBC suspends its journalists' work in Russia

Facebook hits out at Russia blocking its platforms

Apple halts sales and limits services in Russia",https://ichef.bbci.co.uk/ace/branded_news/1200/cpsprodpb/168B1/production/_123573329_gettyimages-1238862087.jpg,Business
https://www.bbc.co.uk/news/uk-60640975,"Covid: Fourth jab for Scotland's vulnerable, and testing wind down fears in Wales",Five things you need to know about the coronavirus pandemic this Monday morning.,"Here are five things you need to know about the coronavirus pandemic this Monday morning.

Covid boosters are beingoffered to vulnerable people in Scotland.The fourth jab will be given to older care home residents, over 75s and people over the age of 12 with suppressed immune systems. The rollout follows the latest guidance from the Joint Committee on Vaccination and Immunisation.

The Covid testing system will be wound down in Wales over several months as the nation plans to scrap its remaining rules at the end of March. But there are concerns about this process, withministers saying they are ""reluctant"" for it to happen.That's according to Wales' health minister Eluned Morgan who said one concern was whether the system would be ""ready to spring back"" if there was a new wave of Covid. Welsh Secretary Simon Hart said testing was now ""more targeted"".

A school has created a wellbeing suite, which employs dedicated staff tohelp pupils as the country emerges from the pandemic. Head teacher Claire Huddart, from Horizon Community College, in South Yorkshire, says the mental health of her students is the ""worst it has been"", and she's spent more than Â£500,000 from her school budget on support. Take a look.

A Barnsley school headteacher says her pupils' mental health is ""the worst it's been""

Before the pandemic, the Muslim funeral ritual of washing and shrouding a person who has died before burial was carried out by older volunteers. But many of those are still shielding so are unable to perform the religious obligation called Ghusl. A scheme's been set up to teach younger volunteers how to carry it out.Read more here.

What happened to the sounds ofÂ city life when the pandemic hit and restrictions were imposed? Our absenceÂ meant the hustle and bustle was goneÂ andÂreplaced by different, more natural, sounds.Â Have a listen to what a PhD student found in Belfast city centre.

During Covid lockdown, sounds of human activity were replaced by natural sounds, such as birdsong

Get a longer daily news briefing from the BBC in your inbox, each weekday morning, by signing up here.

Here'swhat we know about the long-term safety of vaccines.

You can find more information, advice and guides on ourcoronavirus page.

What questions do you have about coronavirus?

In some cases, your question will be published, displaying your name, age and location as you provide it, unless you state otherwise. Your contact details will never be published. Please ensure you have read ourterms & conditionsandprivacy policy.

Use this form to ask your question:

you will need to to submit your question or send them via email toYourQuestions@bbc.co.uk. with any question you send in.

BIG BUSINESSES AND CLIMATE CHANGE:Deborah Meaden talks to some of the world's biggest business about the biggest problem facing the planet

JUST STAND UP:Can we burn more calories and lower blood sugar levels without even doing any exercise?",https://ichef.bbci.co.uk/ace/branded_news/1200/cpsprodpb/CC94/production/_111527325_index_daily_update_version02_cv_976new.png,UK
https://www.bbc.co.uk/news/world-europe-60640204,Protests across Russia see thousands detained,"People have been held in 53 cities, from St Petersburg in the west to Vladivostok in the east.","Riot police at a demonstration in Moscow on Sunday

More than 4,300 people were detained at anti-war protests across Russia on Sunday, rights groups and Russian authorities say.

Some 1,700 people were detained in Moscow alone, Ria news agency reports, citing the interior ministry.

The OVD-Info rights group says detentions took place in 53 cities.

Although protests have become increasingly restricted in recent years, numerous rallies have taken place across Russia since the invasion.

In the last 11 days, more than 10,000 people have been detained at protests, OVD-Info says.

""The screws are being fully tightened - essentially we are witnessing military censorship,"" Maria Kuznetsova, OVD-Info's spokeswoman, told Reuters news agency from Tbilisi in Georgia.

""We are seeing rather big protests today - even in Siberian cities, where we only rarely saw such numbers of arrests.""

A policeman by a bus of detained protesters in St Petersburg

A woman being led away in Moscow

Hundreds were detained in St Petersburg

Earlier this week, government critic Alexei Navalny - who is in jail on fraud charges - called for daily demonstrations against the invasion, saying Russia should not be a ""nation of frightened cowards"".

However, a number of new laws have made it harder to protest in Russia in recent years, rights groups say.

""Although Russian legislation avoids explicitly using terms like 'permit' or 'ban'... it effectively requires organisers to seek authorisation for their assemblies,""Amnesty International says.

According toRussian human rights groupOVD-Info - which was set up in 2011 - more than 2,500 people were detained across Russia on Sunday.

Watch: Anti-war protesters arrested and beaten in Yekaterinburg, Russia

It publishes the names and locations of those arrested, as well as total figures.

""Each police department may have more detainees than published lists,"" it says. ""We publish only the names of those people about whom we know for certain and whose names we can publish.""

Protesters in Almaty, Kazakhstan, in front of a Lenin statue

Thousands of people protested against the invasion in Brussels on Sunday

Protests did not just take place in Russia on Sunday, but around the world. In Kazakhstan - an ally of Moscow - a peace rally was permitted in Almaty, attended by around 2,000 people.

Anti-war protesters also took to the streets in cities like Brussels, in Belgium, and London.

In Ukraine itself, Russian troops occupying the southern city of Nova-Kakhovka opened fire to try to disperse demonstrators.

A video from the city, in the Kherson region, shows protesters calling for the Russians to ""go home"" amid the sound of gunfire and stun grenades. The demonstrators appear to hold their ground.

One report said five people had been injured.

LIVE:Latest updates from on the ground

IN KYIV:Locals fear another Grozny or Aleppo

ANALYSIS:Europe finally steps up

EXPLAINED:Why Putin has invaded Ukraine?

IN DEPTH:Full coverage of the conflict

Are you taking part in any of the protests? Email.

if you are willing to speak to a BBC journalist. You can also get in touch in the following ways:

Upload pictures or video

you will need to to submit your question or comment or you can email us at. with any submission.

Russian police beat and arrest anti-war protesters. Video, 00:00:34Russian police beat and arrest anti-war protesters

Thousands march in Kherson against occupiers

Pensioner arrested at anti-war protest in Russia. Video, 00:00:29Pensioner arrested at anti-war protest in Russia",https://ichef.bbci.co.uk/ace/branded_news/1200/cpsprodpb/5A4D/production/_123571132_1bb8b12c-0f3c-4acd-9bd5-7736fc160114.jpg,Europe
https://www.bbc.co.uk/news/world-europe-60640063,Ukraine conflict: Your guide to understanding day 11,More than 1.5 million Ukrainians have fled the country. Here's what you need to know after day 11 of the war.,"Video shows people running to escape Russian shelling in Irpin, just outside of the capital Kyiv

On day 11 of the invasion, towns to the north-west of the capital Kyiv came under relentless bombardment as Russian forces continued their attempt to break through towards the capital.

There was heavy fighting with Russian forces in Bucha, Hostomel and Irpin, where barely a minute went by without an explosion, according to locals.

At least four people - all from the same family - were reportedly killed as they tried to flee Irpin, after Russian mortar shells targeted a damaged bridge they were using.

Russia has been striking civilian targets in Ukraine, including hospitals, nurseries and schools, the Ukrainian deputy prime minister said.

Olha Stefanishyna told the BBC that, after ""strong resistance"" from the Ukrainian army, there had been an ""enormous operation"" by Russia against civilians.

She accused Russia of a ""terroristic plan"", with attacks coming from the air and also by land.

Ukrainian refugees have been arriving in the Polish border city of Przemysl

The number of Ukrainian refugees continues to rise sharply, with more than 1.5 million people having fled the country in just 10 days, according to the United Nations refugee agency, the UNHCR.

Filippo Grandi, the agency's high commissioner, has called it the fastest growing refugee crisis in Europe since World War Two.

Poland has seen the largest number of refugees arrivals, having welcomed 922,400 since 24 February, according to Polish border guards.

A building on fire after a strike near the centre of Mariupol

A second attempt to evacuate people trapped in Mariupol collapsed after just a few hours, with both sides once again blaming each other for breaking the ceasefire.

The International Committee of the Red Cross had hoped to start evacuating 200,000 people from the besieged port city.

It says its teams began opening up the evacuation route from Mariupol to Zaporizhzhia before ""hostilities resumed"".

The Mariupol city council said the plans had been aborted because Russian shelling had made the safe evacuation of civilians impossible.

The city is now in its fifth day with no water, no power and no sanitation, while food and drinking water are fast running out.

More than 300 people were detained in St Petersburg

Nearly 4,000 people were detained at anti-war protests across Russia on Sunday, rights groups and Russian authorities say.

Some 1,700 people were detained in Moscow alone, the Ria news agency reported, citing the interior ministry.

The OVD-Info rights group says people were detained in 53 cities across Russia - from St Petersburg in the west to Vladivostok in the east.

Although protests have become increasingly restricted in recent years, numerous rallies have taken place across Russia since the Ukraine invasion.

More than 10,000 people have been detained since the war began, OVD-Info says.

You can see more pictures of the protests here.

WATCH: Ukrainian military couple marry on the front line

But in the midst of the horror, there have been moments of joy.

At a military checkpoint near Kyiv, a Ukrainian couple have tied the knot.

The mayor of Kyiv, former world heavyweight boxing champion Vitaliy Klitschko, was among the guests.

LIVE:Latest updates from on the ground

IN KYIV:Locals fear another Grozny or Aleppo

ANALYSIS:Europe finally steps up

EXPLAINED:Why Putin has invaded Ukraine?

IN DEPTH:Full coverage of the conflict

Zelensky vows to punish Russian atrocities

Protests across Russia see thousands detained",https://ichef.bbci.co.uk/ace/branded_news/1200/cpsprodpb/14BAB/production/_123570948_hi074374380.jpg,Europe
https://www.bbc.co.uk/sport/gymnastics/60641891,Russian gymnast Ivan Kuliak investigated for wearing pro-war symbol on podium next to Ukrainian,Russian gymnast Ivan Kuliak is being investigated after wearing a national war symbol on his leotard as he stood next to a Ukrainian rival on the podium in Qatar on Saturday.,"Russian gymnast Ivan Kuliak is being investigated after wearing a national war symbol on his leotard as he stood next to a Ukrainian rival on the podium in Qatar on Saturday.

The International Gymnastics Federation (FIG) said it had opened disciplinary proceedings against Kuliak for his ""shocking behaviour"" at the Apparatus World Cup in Doha.

Kuliak earned bronze in the parallel bars final and displayed a letter 'Z' taped to his chest as he stood next to gold medal winner Illia Kovtun of Ukraine.

The letter Z has become symbolic with Russia's invasion of Ukraine and has been seen painted on the side of tanks and military vehicles, as well as being worn by pro-war politicians in Russia.

This weekend was the final opportunity for Russian and Belarusian gymnasts to compete after their countries were sanctioned by the FIG as a result of Russia's invasion of Ukraine.

From Monday, Russian and Belarusian athletes, officials and judges will not be allowed to take part in FIG competitions or FIG-sanctioned competitions.

Allow X content?

This article contains content provided by X. We ask for your permission before anything is loaded, as they may be using cookies and other technologies. You may want to readXâs cookie policyandprivacy policybefore accepting. To view this content chooseâaccept and continueâ.

British Gymnastics

International Gymnastics Federation

UK Sport",https://ichef.bbci.co.uk/ace/branded_sport/1200/cpsprodpb/CA8B/production/_86515815_gymnastics.jpg,Gymnastics
https://www.bbc.co.uk/news/world-europe-60641217,"Ukraine: With placards and tears, Poles are greeting refugees like family","A Polish couple, messaged from Taiwan, have come to meet a Ukrainian refugee - welcome to Przemysl.","A soldier serves soup to a Ukrainian woman in the building of the main railway station of Przemysl which has been turned into a temporary reception centre for refugees

Refugees from across Ukraine are being welcomed as they arrive in the Polish border town of Przemysl, but there are concerns about how the relief effort can be maintained if the war goes on.

""We have had 180,000 refugees in 10 days. If it carries on like this, we'll have had half a million people coming through by the end of the month.""

In the packed train station at Przemysl, eight miles from the Ukrainian border, mayor Wojciech Bakun is both proud of what his town - population 60,000 - is doing for Ukraine but also apprehensive about what could lie ahead. He is an imposing figure, dressed in fatigues as he strides through the elegant 19th Century station where waiting rooms and offices are now stacked with food supplies, bottled water, nappies and donations of clothes, and where Ukrainians are sitting on chairs or on the floor, surrounded by luggage, pushchairs and pets.

Wojciech Bakun (L) is the mayor of Przemysl which has seen 180,000 arrivals in 10 days

The relief effort here is dependent on volunteers, who are currently in their hundreds. Can that be sustained? ""Probably not,"" says the mayor. ""They are ready for a week or two, maybe a month, not for a long period of time. So we are thinking about the longer term and talking to international organisations about how to manage this if it goes on for longer.""

In the main ticket hall people who have travelled long distances are holding up bits of paper and cardboard with scribbled signs: ""Hostel for eight in Gdansk""; ""Can take a family - Warsaw""; ""40 places available on bus to Germany"". Przemysl is an obvious focal point because it's on the main line across the border, with trains coming in from Lviv, in the west of Ukraine. They are listed on the arrivals board but there's no certainty any more about the timetable.

Signs offering help hang up around the station

Many refugees have travelled to Przemysl with their pets

Next to the platform where the Ukraine trains come in, I asked a Polish couple, Pawel and Magda, who they were waiting for. ""A woman with three cats,"" they said. It turned out that they had seen a Facebook post from a Ukrainian woman living in Taiwan, desperate to find someone to meet her 75-year old mother Lyudmila and give her a bed for a night or so before she could travel on.

Pawel and Magda had been waiting for five hours already. Did they know what train Lyudmila would be on? No, and her phone had run out of battery. How would they recognise her? Pawel took out a piece of paper from inside his coat with her name on it but said they'd be looking out for someone with three cats.

Mishal Husain will present the Today programme from Przemysl on Monday 7 March on BBC Radio 4. You canlisten here

It's been striking for me to see how emotional many Poles are about the situation in Ukraine. There were tears in Pawel's eyes as he spoke about why he and Madga were prepared to stand in the station for so many hours, ready to take not only Lyudmila but others who might arrive with her. He is not the only one to have reacted that way: several people I met here broke down when I asked why they were moved to open their homes or help in other ways.

There are long links of history that straddle today's border between the two countries and familial and linguistic links too, but Poles also feel strongly because they can imagine how it feels to be up against the Russians. It is only just over 30 years since the collapse of communism here and there are longer memories too of Soviet occupation. And not everyone has confidence that being under the Nato umbrella, as Poland is, is sufficient protection from Vladimir Putin.

An exhausted refugee sleeps inside the train station

Even for Ukrainians who arrive here with a plan about where they ultimately want to get to, there is a palpable sense of shock about their changed circumstances. One woman in her 30s, who was with her 10-year old son Igor, said she wanted to get to Spain but that right now she was in a panic. It was getting dark. ""We will find somewhere to sleep and then in the morning we will think about what to do.""

Ilona, standing nearby, was part of a bigger group - her mother, aunts, cousins and their children. No-one had suitcases, just backpacks and carrier bags in which I could see food and toys. ""We wanted to be able to move easily,"" she said. She is only 22, a final-year medical student who doesn't know when or how she will complete her training to be a doctor, and with her father left behind in Kyiv.

""The people of Przemysl are warm-hearted,"" the mayor told me, and that is without a doubt true of attitudes to Ukrainians. But last week the local police said there had been an attack on three African refugees by four perpetrators, and another incident of verbal abuse. The mayor blamed a campaign of disinformation, with messages circulating suggesting local women were not safe and that people shouldn't leave their homes. The authorities are now appealing for everyone to stay calm and making it clear that there has been no increase in violent incidents.

A special room has been set up in the railway station only for refugee mothers and children from Ukraine

If Poles are emotional, many Ukrainians are too - there is relief at making it to safety but also deep appreciation at what they find here - the offers of transport, accommodation, the donations, the support. In the large, high-ceilinged, gilded room that was the station's cafe someone has set up a toy kitchen and a Wendy house in one corner. Two mothers who have just arrived with three young children settle down gratefully next to it, relieved to have something to keep the little girls and the toddler boy occupied. But as soon as they are, and the women have a moment to themselves, I can see how drawn their faces are and how much is on their minds.

Olha is Ukrainian but lives in Germany - she's here to pick up her mother and offer a ride to anyone who needs it

There is however one bright smile among those at the station. It's Olha's - she is Ukrainian and has been living in Germany for years, travelling here from Heidelberg to pick up her mother. With the Ukrainian flag draped around her shoulders, she is holding up a sign offering rides to other arrivals too. ""I want to tell you that from my family only my mother is prepared to leave Ukraine,"" she says. ""Everyone else is staying to defend the country. And this is the end of Putin.""

Mishal Husain will present the Today programme from Przemysl on Monday 7 March onBBC Radio 4 from 06:00-09:00",https://ichef.bbci.co.uk/ace/branded_news/1200/cpsprodpb/166B3/production/_123572819_976xemotionalreuniongettyimages-1238964129.jpg,Europe
https://www.bbc.co.uk/news/technology-60608222,Twitter is part of our war effort - Ukraine minister,"Ukraine's youngest cabinet minister, 31-year-old Mykhailo Fedorov, is leading a cyber-battle against Russia.","Fedorov's mission to create a ""state in a smartphone"" has been put on hold

As Ukraine's military and citizens battle Russia's advancing troops, the country has opened a new front in the fighting - using tech expertise to rally Silicon Valley's support and undermine the enemy. Digital minister Mykhailo Fedorov is leading the charge, but some of his tactics are proving divisive.

From his underground shelter in a secret location in Kyiv, Ukraine's youngest cabinet minister is waging a digital war on Russia.

Using his preferred weapon - social media - Mykhailo Fedorov has been urging chief executives of big businesses to cut ties with Moscow. He's also taken the unprecedented move of setting up a volunteer ""IT Army of Ukraine"" to launch cyber-attacks against ""the enemy"".

At only 31, Fedorov has shaped his government role around his lifestyle - he lives through and on his mobile phone.

Before the war, his main goal was to create a ""state in a smartphone"", where 100% of government services would be offered online. Now that project is on hold, with every muscle strained on the digital war effort.

He has piled pressure on multinational companies to boycott Russia.

Apple, Google, Meta, Twitter, YouTube, Microsoft, Sony, Oracle... no tech giant has missed out on an official government letter.

Fedorov then posts his letters on social media so the world can see, plus some of the replies.

It's impossible to say whether this has influenced the companies' actions, but most have changed their policy towards Russia in subsequent days - either stopping products being sold there, like Apple, or halting operations.

Saturday's announcement from PayPal that it was suspending services in Russiaappeared on Fedorov's Twitter feedbefore it was reported in the media. So too did news that Samsung and Nvidia are stopping all business with Russia, something he publicly called for on his social feeds.

One tweet from Fedorov to Elon Musk soon after the invasion began brought quick results. Within 48 hours the billionaire tech mogul had adjusted his constellation of Starlink satellites and sent a lorry-load of internet-ready terminals to Ukraine.

Mykhailo Fedorov with a Starlink terminal donated by Elon Musk

The service is a potential lifeline for the government if internet and telecommunication networks are damaged or destroyed, though Musk has since warned that the satellite dishes could become a target for Russian missiles and should be used with care.

Fedorov has more than half a million followers in total across Twitter, Facebook, Instagram and Telegram and uses them all to get his message across.

""Each platform is very important to us now and we are using every opportunity to attract large companies to this horror happening now in Ukraine. We are trying to bring the truth to the Russians and make them protest against the war,"" he told the BBC via email.

He speaks mostly in Ukrainian online, but since the crisis unfolded he's switched to English on Twitter, where he is having the most impact.

""Twitter has become an efficient tool that we are using to counter Russian military aggression. It's our smart and peaceful tool to destroy Russian economy,"" he says.

Technology researcher and author Stephanie Hare says she is not surprised Fedorov is having success.

""[He] is 31 years old. He gets it,"" she says.

Using persuasion and propaganda is a time-honoured tactic of warfare. But since social media companies entered the equation in the 2000s ""they have changed the calculus due to the speed and breadth with which people can disseminate their messages"".

LIVE:Latest updates from on the ground

IN KYIV:Locals fear another Grozny or Aleppo

ANALYSIS:Europe finally steps up

EXPLAINED:Why Putin has invaded Ukraine?

IN DEPTH:Full coverage of the conflict

Fedorov's spokeswoman told me his young team was constantly coming up with new ideas, which the ministry then tries to implement at speed. Last week, Kyiv announced it wouldissue non-fungible tokens (NFTs) to fund its military. But some others have been controversial.

Fedorov is urging crypto-currency exchanges to freeze the accounts of all Russian citizens, for example - an idea that many, including the CEO of the Binance exchange, says would ""fly in the face"" of the reason crypto exists.

The Anonymous hacker collective has declared ""cyber-war"" on President Vladimir Putin

And the ministry's launch of an ""IT Army of Ukraine"", including thousands of volunteer hackers from around the world - its Telegram group now has 270,000 members - has caused some unease.

""Tech is the best solution against tanks,"" Fedorov told the BBC. ""The IT Army is directed against the digital and online resources of Russian and Belarusian business corporations, banks, and state web portals. We have shut down the operation of the web portal of the Russian public services, the exchange, websites of Tass, Kommersant, Fontanka, and other top media in Russia.""

So far the hacking seems to be mostly low-level cyber vandalism but Fedorov's team is also explicitly calling for attacks on railway and power grid networks which, if successful and disruptive enough, could cause harm to civilians. It makes some in the cyber-security world anxious.

""It's really important to be careful in this realm,"" says Suzanne Spalding from the Centre for Strategic and International Studies. ""If we get into destructive attacks on critical infrastructure being carried out by citizens I think we begin to run into the kinds of fog-of-war, misattribution, potential cascading impacts that weren't anticipated. We might see retaliation from one side for something a citizen has done and things can escalate fast.""

On Friday Ukraine's deputy chairman of the State Service of Special Communications, which works closely with Fedorov's department, defended the decision to rally hackers against Russia.

He said he welcomed illegal cyber-attacks on Russia from all groups, including the Anonymous hacking collective, because ""the world order changed on 24 February"" when the invasion started.

Hacking is also being carried out against Ukraineby people sympathetic to Russia, but currently Russia seems to be coming off worse. Its crack military hackers appear, so far, to have not played a major role, for reasons that are unclear.",https://ichef.bbci.co.uk/ace/branded_news/1200/cpsprodpb/BCF6/production/_123547384_fe2f0b1f-1cf3-4f0b-a244-ac3edf845e7f.jpg,Technology
https://www.bbc.co.uk/news/av/world-europe-60641870,Ukraine volunteers 'working on autopilot',"Within hours of Russiaâs invasion, all over Ukraine, volunteers offered their services.","Within hours of Russiaâs invasion, all over Ukraine, volunteers began to mobilise.

In the west of the country, BBC Ukraine's Zhanna Bezpiatchuk visits one community centre where locals have been working around the clock, to move up to 100 tonnes of food and medicine out to the frontline, everyday.",https://ichef.bbci.co.uk/news/1024/branded_news/022D/production/_123575500_976a.jpg,
https://www.bbc.co.uk/news/world-us-canada-60597186,Ukraine crisis: The West fights back against Putin the disruptor,Several US presidents have failed to get the measure of him but now Europe has joined the fray things may change.,"Successive US presidents have struggled to get the measure of Vladimir Putin but now that Brussels and Berlin have joined the fray with such resolve, it's a different story, writes Nick Bryant.

It is often tempting to look upon Vladimir Putin as the millennium bug in a human and deadly form.

The Russian president rose to power on 31 December 1999, as the world held its breath that computers would go into meltdown when the clock struck midnight, unable to process the change from 1999 to 2000.

In the 20 years since, Putin has been trying to engineer a different kind of global system malfunction, the destruction of the liberal international order. The former KGB spymaster wanted to turn back the clock: to revive Russia's tsarist greatness and to restore the might and menace of the Soviet Union prior to its break-up in 1991.

This Russian revanchist has become the most disruptive international leader of the 21st Century, the mastermind behind so much misery from Chechnya to Crimea, from Syria to the cathedral city of Salisbury. He has sought - successfully at times - to redraw the map of Europe.

He has tried - successfully at times - to immobilise the United Nations. He has been determined - successfully at times - to weaken America, and hasten its division and decline.

Follow the latest updates from inside Ukraine

Putin came to power at a moment of western hubris. The United States was the sole superpower in a unipolar world. Francis Fukuyama's End of History thesis, proclaiming the triumph of liberal democracy, was widely accepted.

Some economists even peddled the theory that recessions would be no more, partly because of the productivity gains of the new digital economy. It was also thought that globalisation, and the interdependence it wrought, would stop major economic powers fighting wars. The same utopianism attached itself to the internet, which was seen overwhelmingly as a force for global good.

An honour guard greets Air Force One on the Moscow tarmac in 2002

In the early days especially, the same misplaced optimism and wishful thinking coloured the west's approach to Putin - a figure, it is now obvious, who was trying to buck history and thwart democratisation, however many lives were lost in the process.

Successive US presidents have played into his hands. Bill Clinton, the occupant of the White House when Putin came to power, handed this ultra-nationalist a popular grievance by pushing for the expansion of Nato right up to Russia's borders. As George F Kennan, the famed architect of America's Cold War strategy of containment, warned at the time: ""Expanding Nato would be the most fateful error of America policy in the entire post-Cold War era.""

Why Biden won't send troops to Ukraine

George W Bush completely misjudged his Russian counterpart. ""I looked the man in the eye,"" Bush famously said after their first meeting in Slovenia in 2001. ""I found him very straightforward and trustworthyâ¦ I was able to get a sense of his soul."" Bush mistakenly thought he could mount a charm offensive with Putin, and gently cajole him further down the democratic path.

But even though Bush visited Russia more than any other country - including, as a personal favour, two trips in 2002 to Putin's home city, St Petersburg - the Russian leader was already displaying dangerously despotic tendencies.

In 2008, Bush's final year as president, Putin invaded Georgia - what he called a ""peace enforcement operation"". The Kremlin argued then - and has continued to argue ever since - that it was hypocritical for Washington to complain about this violation of international law after Bush had invaded Iraq.

George Bush hosted Vladimir Putin at his Texas ranch...

...which caused some excitement locally

Barack Obama sought to reframe US-Russian relations. His first secretary of state, Hillary Clinton, even handed her Russian counterpart Sergey Lavrov a mock reset button (which was mistakenly labelled with the Russian word for ""overloaded""). But Putin knew that America, after its long wars in Afghanistan and Iraq, no longer wanted to police the world.

When Obama refused in 2013 to enforce his red-line warning against Bashar al-Assad when the Syrian dictator used chemical weapons against his own people, Putin saw a green light. By helping Assad carry out his murderous war, he extended Moscow's sphere of influence in the Middle East when the United States wanted to extract itself from the region. The following year, he annexed Crimea, and established a foothold in eastern Ukraine.

Despite being told by Obama to ""cut it out,"" Putin even sought to influence the outcome of the 2016 presidential election in the hope that Hillary Clinton, a long-time nemesis, would be defeated and that Donald Trump, a long-time fan boy, would win.

The New York property tycoon made no secret of his admiration for Putin, a sycophantic approach that seems to have further emboldened the Russian president. Much to Moscow's delight, Trump publicly criticised Nato, weakened the US post-war alliance system and became such a polarising figure that he left America more politically divided than at any time since the Civil War.

LIVE:Latest updates from on the ground

IN KYIV:Locals fear another Grozny or Aleppo

EXPLAINED:Why Putin has invaded Ukraine?

IN DEPTH:Full coverage of the conflict

Arguably, then, you have to reach back 30 years to find a US leader whose approach to the Kremlin has stood the test of time. After the fall of the Berlin Wall, George Herbert Walker Bush resisted the temptation to rejoice in America's Cold War victory - much to the astonishment of the White House press pack, he refused to travel to Berlin for a victory lap - knowing that it would bolster hardliners in the Politburo and military seeking to oust Mikhail Gorbachev.

That magnanimity in victory helped when it came to bringing about the reunification of Germany, which was arguably Bush's greatest foreign policy success.

Putin is obviously a more formidable adversary, harder to deal with than even Leonid Brezhnev or Nikita Khrushchev, the Soviet premier during the Cuban Missile Crisis. But since the turn of the century no US president has truly had his measure.

Bill Clinton pushed for the expansion of Nato which some said was a mistake

Joe Biden, like George Herbert Walker Bush, is a Cold War warrior, who has dedicated his presidency to defending democracy at home and abroad. Seeking to re-establish America's traditional post-war role as the leader of the free world, he has sought to mobilise the international community, offered military aid to Ukraine and adopted the toughest sanction regime ever targeted against Putin.

As Russian forces amassed at the border, he also shared US intelligence showing that Putin had decided to invade, in ways that sought to disrupt the Kremlin's usual misinformation campaigns and false flag operations.

His State of the Union address became a rallying cry. ""Freedom will always triumph over tyranny,"" he said. And while Biden does not speak with the clarity or force of a Kennedy or a Reagan, it was nonetheless a significant speech.

What's been striking since the Russian invasion started, however, has been the assertion of forceful presidential leadership from elsewhere. Volodymyr Zelensky has been lauded and lionised, as he has continued this extraordinary personal journey from comedian to Churchillian colossus.

Zelensky: A comedian president rising to the moment

In Brussels, the president of the European Commission, Ursula von der Leyen, has been another commanding presence. This former German politician has been a driving force behind the decision, for the first time in EU history, to finance and purchase weapons for a nation under attack, a commitment that includes not just ammunition but fighter jets as well.

Ursula von der Leyen

Her compatriot, the new Chancellor of Germany Olaf Scholz, has also shown more resolve in dealing with Putin than his predecessor Angela Merkel. At warp speed, he has overturned decades of post-Cold War German foreign policy, an approach so often predicated on caution and timidity towards the Russian leader.

Berlin has sent anti-tank and anti-aircraft systems to Ukraine (ending the policy of not sending weapons to active war zones), halted the Nord Stream 2 Baltic Sea gas pipeline project, withdrawn its opposition to blocking Russia from the SWIFT international payments system, and even committed to spending 2% of its GDP on defence spending.

Putin's war prompts dramatic German U-turn

The biggest assault on a European state since World War Two has stiffened European resolve. But so, too, it seems has the relative weakness of America. Mindful of the botched US withdrawal from Afghanistan and possibility of a Trump 2.0 presidency, European leaders seem to have realised that they can no longer lean so heavily on Washington to defend democracy in this hour of maximum peril. Leadership of the free world has, in this crisis, become a common endeavour.

Even since the end of the Cold War, Washington has been calling upon European nations to do more to police its own neighbourhood, something they failed to do when the break-up of the former Yugoslavia sparked the Bosnian war. Historians may well conclude that it took a combination of Putin's aggressiveness, America's fragility, Ukraine's heroic resolve and the fear that Europe's post-war stability is truly on the line to finally make that happen.

Watch: What Americans think of Biden's Ukraine response

It would be naive to be swept away by the romanticism of Zelensky's speeches or to succumb to the dopamine high of watching the seizure of Russian-owned super-yachts unfold on social media. Putin is intensifying the war. But the last week has sent a message to Moscow - and to Beijing as well - that the post-war international order still continues to function, despite the deployment of the Russian war machine to bring about its collapse. Just as history never ended, nor has liberal democracy.

As Joe Biden put it in his State of the Union, during a passage in which rhetoric served also as sober analysis: Putin ""thought he could roll into Ukraine and the world would roll over. Instead, he met a wall of resistance he never imagined"".

Nick Bryant is the author of When America Stopped Being Great: a history of the present. He is the former New York correspondent for the BBC and now lives in Sydney.",https://ichef.bbci.co.uk/ace/branded_news/1200/cpsprodpb/E49A/production/_123522585_putin_976getty.jpg,US & Canada
https://www.bbc.co.uk/news/world-europe-60637338,"Mariupol: Fires, no water, and bodies in the street","Maxim, a 27-year-old city resident, tells the BBC what happened after the first ceasefire collapsed.","A building on fire after a strike near the centre of Mariupol

A ceasefire, and a chance for civilians to leave, was announced on Saturday morning in the Ukrainian port city of Mariupol, where an estimated 200,000 people are trapped under heavy bombardment by Russian forces.

The city arranged 50 buses, and many people travelled to the city centre to get them. But after less than two hours, Russia's army began shelling residential areas again, trapping civilians who had begun their escape.

The city is now in its fifth day with no running water, no power, no sanitation, and food and water are fast running out.

Maxim, a 27-year-old IT developer who is caring for his grandparents in their sixth-floor apartment, spoke to the BBC on Saturday night to describe a day that began with hope and ended in despair.

We tried to escape today, during the planned time of no shooting. We heard we could get out.

As fast as I could, I packed four bags for me and my grandparents with warm clothes and food, and all of our remaining water, and I packed them into my car.

My grandparents are in their eighties, they cannot help. I carried everything down six flights of stairs to my car. There is no lift now.

Right when I was ready to drive, the shelling started again. I heard explosions near to us. I carried everything back upstairs as fast as I could to the apartment. From there, I could see smoke rising from the city and smoke rising from the highway to Zaporizhzhia where people were supposed to escape.

So I am still in my grandparents' apartment and the shelling and bombing has continued all day. But now instead of three of us here, there are nearly 20.

Many people came into the city centre because they heard there was a ceasefire and buses to take them out, and to flee the shelling there. Then they could not get back to their shelters when it started again.

So we have taken many people into the apartment. They are from the left side of the city, they say it is destroyed. All the houses are burning and no-one can put out the fires. There are many dead bodies lying in the streets and no-one can carry them.

I know three of the people from before, from my neighbourhood, but the rest I do not know. The oldest is a woman in her late 70s, the youngest is a small child. We also have two cats, a parrot and a dog.

We have tried to make space for the women and children to sleep on the floor. We don't have any extra mattresses but we have put some spare carpet and clothes on the floor for them to lie on.

We have run out of bottled water. We are down to the water that I filled in the bath before the taps went off. The gas is the only thing still working - we can use it to boil the bath water to drink.

Cramped conditions in Maxim's flat in Mariupol

Today the police opened the stores and told people to take everything, because the people here have no food and drink. Our neighbours managed to take some candy, some fish and some fizzy drinks.

The ceasefire was a lie. One side never planned to stop firing. If they say there is a ceasefire tomorrow [Sunday] we will have to try to go, but we don't know if it will be real. Maybe now we are better to hide.

You can keep calling me as long as I have some battery left in my phone, but I don't know how long that will be. After today I am without hope. From now on we do what we have to each day only to survive and for our neighbours to survive.

After that I don't know what comes next. We are very tired and we do not see a way out.

Are you in the Mariupol area? Share your experiences by emailing.

if you are willing to speak to a BBC journalist. You can also get in touch in the following ways:

Upload pictures or video

you will need to to submit your question or comment or you can email us at. with any submission.

'My mother called to say she'd managed to buy bread'

Residents under siege in Mariupol clear out shops. Video, 00:00:34Residents under siege in Mariupol clear out shops

Grozny, Aleppo, Ukraine: Russia's answer is firepower",https://ichef.bbci.co.uk/ace/branded_news/1200/cpsprodpb/6565/production/_123575952_976_mariupol3.jpg,Europe
https://www.bbc.co.uk/news/blogs-trending-60596133,The young Ukrainians battling pro-Russian trolls,Conspiracy theories and trolls are adding to the chaos of war.,"Katrin on holiday in happier times. She found her social media awash with fake posts after the invasion began

What's it like being a young Ukrainian experiencing war while wading through chaos and misinformation on social media?

24-year-old Katrin awoke in Kyiv last Thursday to the sound of an explosion - and soon enough found her social media feed awash with distressing posts.

""The first thing we had to do was to pack and go to the basement,"" she tells me, now safe in her small hometown outside of Lviv where she escaped with her boyfriend, neighbours and their dogs.

""But right after we went down, I started scrolling Instagram. And it was all on my Instagram stories and my posts.""

She wasn't just seeing scary, factual posts from friends, but false information - including comments on TikTok from accounts that claimed the war ""wasn't real"" or that it was a ""hoax"".

""After I blocked this one account, another sprung up with a profile picture of a different girl, writing to me in Russian,"" Katrin says.

The trolls have been prolific - and they have been interacting with young women across Ukraine.

Alina, 18, found herself in a total panic after seeing posts in Russian suggesting that her neighbourhood in Zaporizhzhya in south-east Ukraine was about to be shelled and destroyed. But the rumours were false.

Screengrabs of messages in Russia falsely claiming that an attack was imminent on Alina's town

Alina spoke to me from her bedroom, exhausted after nights of air raids and sheltering. She says that rumours moved rapidly on chat app Telegram, spread by people apparently setting out to cause panic.

""Russians specifically find our chats and write that something is exploding. Someone writes that there is a sign of a bomb in the area - then others refute the information,"" she says.

Alina pictured last summer in Ukraine

Another video she saw on Telegram suggested there had been an explosion at the airport in her hometown. It turned out to be a different explosion, in the nearby city of Mariupol.

A video shared with false claims that there was an explosion in Alina's hometown

Old footage from other conflicts, including the massive blast in Beirut in 2020, has also been shared widely - including on TikTok, where clips have racked up millions of views.

Marta is 20 years old and was stuck in the UK where she was visiting friends when the war broke out. She says she's seen videos from Syria and Iraq.

""But they posted them as 'Ukraine',"" she says.

She says videos on TikTok's For You Page - the main gateway into the video-sharing app - have left her terrified and angry, as she desperately worries for friends and family back home.

LIVE:Latest updates from on the ground

IN KYIV:Locals fear another Grozny or Aleppo

ANALYSIS:Europe finally steps up

EXPLAINED:Why Putin has invaded Ukraine?

IN DEPTH:Full coverage

All three women have found themselves battling accounts posting comments in support of Russia.

The videos posted by one of the pro-Russian accounts Jess promoting false claims about the war in Ukraine.

""Some of them started to post videos, they started to call Ukraine 'liars',"" Marta says.

Some were blaming Ukraine for the violence, writing ""glory to Russia"" - and others falsely suggested that the war was somehow staged.

""Every time I decided to take a look at those accounts, they were a profile with zero followers, zero likes, zero following, with a profile picture of a Russian flag or something,"" Marta says.

Many of the TikTok accounts that the women shared with me appear to have lifted photos from other accounts online. Like Marta says, they have few or no followers, and they don't use their real names - or use generic usernames.

Marta has been battling pro-Russian trolls online

One I looked at used the name ""Jess"" and had just one follower. The only videos on the account are ones first shared just days ago, indicating that the account was created very recently.

Almost all of the videos the account did share featured debunked and false claims: that a woman who was injured during a Russian attack was an actor, that news coverage is filled with footage of old conflicts, and even that the war somehow isn't happening.

One account Katrin ended up arguing with on TikTok again had few followers - its profile image appears to be copied from the Pinterest page of a Korean woman.

None of the accounts have responded to my attempts to get in touch - so it's hard to tell who is running them. Russia has created inauthentic accounts before to push messages and sow division. But it's also possible that the accounts are run by real people who believe false claims.

Misinformation is a problem social media companies have been grappling with for some time. Now their policies are coming under fresh scrutiny.

Meta, which owns Facebook and Instagram, along with Twitter and Google, have all announced commitments to tackle false information and propaganda around the war in Ukraine.

But it's apps like Telegram and TikTok - used a lot by young Ukrainians - is where much of this disinformation continues to proliferate.

TikTok told the BBC it has ""increased resources to respond to emerging trends and remove violative content, including harmful misinformation and promotion of violence."" Telegram did not respond to our request for comment.

It's clear that what's happening online is causing even more panic and pain in the real world.

""We are scared by those who create this fake information,"" Alina tells me, ready to head yet again down to the basement as the air raid siren rings out.",https://ichef.bbci.co.uk/ace/branded_news/1200/cpsprodpb/96C2/production/_123549583_katrin2.png,BBC Trending
https://www.bbc.co.uk/news/articles/c0l0k4389g2o,Ukraine in maps: Tracking the war with Russia,How Russia's gradual gains in the face of fierce Ukrainian opposition have affected the front line in recent months.,"Ukraine in maps: Tracking the war with Russia

The war in Ukraine is now in its fifth year. Over the past few months, Russian forces have slowly expanded the amount of territory they control, mostly in the east of Ukraine, and have continued their barrage of air strikes on Kyiv and other cities.

Some 55,000 Ukrainian soldiers have been killed, according to Ukrainian President Volodymyr Zelensky, while the BBC has confirmed the names of almost 160,000 people killed fighting on Russia's side.

Four years after Russia's full-scale invasion, here's a look at the situation on the ground in Ukraine.

Analysts at the US-based Institute for the Study of War (ISW), say Russia took about 4,700 sq km (1,800 sq miles) of territory in 2025 - an area about twice the size of the city of Moscow - although Russia claims to have taken 6,000 sq km.

In eastern Ukraine, Moscow's war machine has been churning mile by mile through the wide open fields of the Luhansk and Donetsk regions - also known as the Donbas - surrounding and overwhelming villages and towns.

It has been trying to gain full control of the area along with two more regions to the west - Zaporizhzhia and Kherson. Shortly after the invasion, Russia held referendums to try to annexe all these regions - in the same way it had annexed Crimea in 2014 - but it has never had them under full control.

There is some evidence that Elon Musk's decision to deny Russian forces access to his Starlink satellite-based internet service at the start of Februaryhas given Ukraine an advantage.

Ukraine requested the move as evidence grew that Starlink was enabling Russian forces to mount increasingly accurate attacks, including multiple instances of units being attached to drones, allowing operators to use real-time video links to guide drones on to targets.

In some areas of the long front line, especially east of the city of Zaporizhzhia, Russian forces appear to have been forced to retreat.

Ukraine hopes that any territorial gains will strengthen the its position at the negotiating table.

It comes after a US-backed peace plan unveiled in November, suggested Ukraine could cede control of all of Luhansk, Donetsk and Crimea, along with the areas of Zaporizhzhia and Kherson that Russia currently occupies, to Moscow.

Ukrainian forces would have had to withdraw from parts of Donetsk they still hold and this would become a demilitarised area under de facto Russian control. Russian forces would withdraw from the small areas of Ukraine they currently occupy outside those regions.

Zelensky has consistently said Ukraine will not hand over the Donbas in exchange for peace, saying such a concession could be used as a springboard for future attacks by Russia.

A recent report by the ISW describes a ""fortress belt"" running 50km (31 miles) through western Donetsk.

""Ukraine has spent the last 11 years pouring time, money, and effort into reinforcing the fortress belt and establishing significant defence industrial and defensive infrastructure,"" it writes.

A Russian summer offensive near the eastern town of Pokrovsk did make rapid advances just north of the town and Russia has recently made advances in the town itself and to the east of nearby Kostyantynivka.

The town, once a key logistics hub for Ukraine's military, is already in ruins.

Russian officials previously claimed to have captured Pokrovsk, known in Russian as Krasnoarmeysk, which includes a major road and railway junction that used to connect the upper parts of the Donetsk region with key cities to the west, such as Dnipro.

But Ukraine says it still holds northern parts of the town.

Its fall would be Russia's biggest battlefield victory since it took the city of Avdiivka about 40km (25 miles) to the east in early 2024 and could give Moscow a platform to drive north towards the two biggest remaining Ukrainian-controlled cities in the Donetsk region, Kramatorsk and Sloviansk.

Ukraine is losing ground, but the ISW notes Russia has been trying to take Pokrovsk - a town of about 23 sq km - for nearly two years and that the cities in the fortress belt are ""significantly larger"".

It suggests that it would take Russian forces another two years to seize the remainder of the Donetsk region ""at great cost"".

Why Donetsk 'fortress belt' matters so much for Ukraine's defences

Why did Putin's Russia invade Ukraine?

Further north on the main front line, Russia has been trying to advance on the city of Kupyansk, which analysts suggest could allow it to encircle the northern Donetsk region.

It has also been trying to push Ukrainian forces back from the border with the Russian region of Belgorod.

ISW analysts say Russia is trying to create a buffer zone inside Ukraine's northern borders and get within artillery range of Kharkiv, Ukraine's second-biggest city.

Russia's forces have recently gained limited control over a spear of land to the south of Vovchansk that would bring them closer to this target.

Russian President Vladimir Putin says he wants this buffer zone to protect Russia, after Ukrainian forces captured a swathe of territory further north in Kursk in the summer of 2024. Russian forces eventually drove them out, with the help of North Korean troops.

As well as the counter-offensive in the Kursk region, Ukraine has struck air bases deep inside Russia. One of these attacks involvedusing 100 drones to target nuclear-capable long-range bombers.

The Russian Defence Ministry confirmed the attacks had occurred in five regions of Russia - Murmansk, Irkutsk, Ivanovo, Ryazan and Amur - but stated planes had been damaged only in Murmansk and Irkutsk, while in other locations the attacks had been repelled.

A massive attack by Ukrainian drones on Volzhsky, in the Volgograd region in Russia, was also reported on 11 February.

Deep strikes are seen as a critical part of the war- Ukraine is trying to target Russia's war economy to slow the advances on the front line.

Russia has also been carrying out strikes on Ukrainian infrastructure - in particular its energy facilities such as electricity substations and power plants.

They include a reported overnight attack on 22 February in Kyiv and around the capital city, where dozens of strikes targeted energy infrastructure.

Several people have been killed in the attacks and tens of thousands of people across Ukraine have experienced severe power cuts or been left with no running water or heating during some of the coldest months of the winter.

These attacks were paused for a week following a request from US President Donald Trump to Putin.

Trump has been leading efforts to end the war through negotiations, and Zelensky said this month that the US wanted the war to end by June.

However, the most recent round of talks between Russia, Ukraine and the US in Geneva, Switzerland, concluded without a breakthrough on 18 February.

Some progress was made on ""military issues"", including the location of the front line and ceasefire monitoring, according to a Ukrainian diplomatic source.

White House spokeswoman Karoline Leavitt said later that ""there was meaningful progress"" made on both sides, and an agreement to ""continue to work towards a peace deal together"".

But an agreement on the issue of territory - without which no ceasefire can be envisaged - remains elusive, with Moscow and Kyiv's positions still far apart.

Russia's full-scale invasion began with dozens of missile strikes on cities all over Ukraine before dawn on 24 February 2022.

Russian ground troops moved in quickly and within a few weeks were in control of large areas of Ukraine and had advanced to the suburbs of Kyiv.

Russian forces were bombarding Kharkiv, and had taken territory in the east and south as far as Kherson, and surrounded the port city of Mariupol.

But they hit very strong Ukrainian resistance almost everywhere and faced serious logistical problems with poorly motivated Russian troops suffering shortages of food, water and ammunition.

Ukrainian forces were also quick to deploy Western supplied arms such as the Nlaw anti-tank system, which proved highly effective against the Russian advance.

By October 2022, the picture had changed dramatically and, having failed to take Kyiv, Russia withdrew completely from the north. The following month, Ukrainian forces recaptured the southern city of Kherson.

Since then, the battle has mostly been in the east of Ukraine with Russian forces slowly gaining ground over many months.

Both Kyiv and Moscow have regularly published estimates of the other side's losses but they have been reluctant to detail their own.

As of six months ago, Ukraine's interior ministry had recorded more than 70,000 people as officially missing - both soldiers and civilians - but the breakdown is never given and the true figure may be higher. However, Zelensky said at the start of February that 55,000 soldiers had been killed.

By Dominic Bailey, Mike Hills, Paul Sargeant, Chris Clayton, Kady Wardell, Camilla Costa, Mark Bryson, Sana Dionysiou, Gerry Fletcher, Kate Gaynor and Erwan Rivault

To indicate which parts of Ukraine are under control by Russian troops we are using daily assessments published by theInstitute for the Study of Warwith theAmerican Enterprise Institute's Critical Threats Project.

The situation in Ukraine is often fast moving and it is likely there will be times when there have been changes not reflected in the maps.",https://ichef.bbci.co.uk/ace/branded_news/1200/cpsprodpb/0897/live/02c974a0-1ac2-11f0-a455-cf1d5f751d2f.png,Europe
https://www.bbc.co.uk/news/business-60509453,Five ways the Ukraine war could push up prices,Prices for everyday items could go up at a time when the cost of living is already rising.,"Severe sanctions on Russia aim to isolate the country and create a deep recession there, but the economic fallout will also be felt by people around the world.

The sharp rise in the prices of things from oil and metals to wheat is expected to push up the cost of many everyday items from food to petrol and heating.

Russia is the world's largest natural gas exporter, which is vital for heating homes

People in the UK and Europe are already paying high prices for energy and fuel.

The Russia-Ukraine conflict has so far driven these even higher and caused the price of oil to jump to level in almost 14 years, while wholesale gas prices have more than doubled.

If gas prices stay at that level,energy analysts have warnedthat household fuel bills in the UK could reach as much as Â£3,000 a year, whileaverage UK petrol prices have repeatedly hitrecord highs, with the latest price at 155p and diesel at 161p.

Russia is the second-biggest exporter of crude oil, and the world's largest natural gas exporter, which is vital to heating homes, powering planes and filling cars with fuel.

The UK gets only 6% of its crude oil and 5% of its gas from Russia, but the EU sources nearly half of its gas from the country.

If one country reliant on Russian supplies receives less gas, they have to replace it, impacting the supplies of gas for other countries - that's why British energy prices and bills are still affected in a similar way to European ones.

There are fears President Vladimir Putin might ""weaponise"" Russia's natural resources by reducing supplies of gas to Europe in response to sanctions. Politicians in Germany are calling for a ""national gas reserve"" to be created to protect consumers from price shocks.

Meanwhile, the US is discussing a potential ban on buying Russian energy which has also fuelled price rises.

Plane fuel is also linked to the price of crude oil andRyanair boss Michael O'Leary has warnedtickets for this summer will be higher than 2019, partly because of the rise in the price of oil.

Tinned goods could rise further if aluminium prices remain high

UK food producers don't import many items from Russia or Ukraine, but prices here may still rise because of an increase in associated costs, such as tinned cans and packaging and transport.

Meanwhile, the cost of everyday food items might rise in places like Turkey and North Africa, which rely on wheat and corn from Ukraine and Russia.

Both countries, once dubbed ""the breadbasket of Europe"", export about a quarter of the world's wheat and half of its sunflower products, like seeds and oil. Ukraine also sells a lot of corn globally.

Analysts have warned that war could impact the production of grains and even double global wheat prices.

More than 40% of Ukraine's wheat and corn exports went to the Middle East or Africa last year - and disruptions to supply could affect availability in these areas.

The UK, by contrast, typically produces more than 90% of the wheat consumed in the country. But farmers here might find themselves paying more for fertiliser, which is one of Russia's biggest exports.

Homeowners in the UK would see mortgage repayments rise if the Bank of England's base rate went up

Inflation, which measures how fast the cost of living rises over time, hit 7.5% in January in the US - the highest level seen there since February 1982 - and rose by 5.5% in the UK.

But oneeconomist has warned it could rise close to 10%in major Western economies if the cost of energy and food is pushed up by dwindling supplies cause by the Russian-Ukraine conflict.

Such a figure might encourage the Bank of England and the US Federal Reserve to increase interest rates. The idea is that when borrowing is more expensive, people will have less money to spend. As a result, they will buy fewer things, and prices will stop rising as fast.

But in the UK, for example, about 2.2 million homeowners with mortgages linked to the Bank of England's base rate would see repayments go up, putting further pressure on household budgets that are already being squeezed by the cost of living.

Widespread falls in share prices, such as those triggered on Thursday, are likely to be bad news for pension savers

Russian stocks crashed by as much as 45% in the wake of the Ukraine invasion with trading subsequently suspended, with banks and oil companies among the worst affected.

It also led to steep falls on stock markets elsewhere around the world: in Europe the UK's FTSE 100 index has fallen over 6% since Russia crossed into Ukraine while Germany's Dax index is nearly 10% lower.

Many people's reaction to stock market changes is that they are not directly affected, because they don't invest money in stocks and shares. But there are millions of people with a pension whose savings are invested in the stock market.

If widespread falls in share prices are sustained then it's likely to be bad news for pension savers because the value of their savings pot is influenced by the performance of investments.

Some investors or savers might look to protect their money or assets by moving them to traditional ""safe havens"", like gold, especially as the markets are likely to see more volatility as the crisis develops.

But pension savings, like any investments, are usually a long-term bet and advisers say it's important not to panic about short-term movements up or down.

Canned goods may become more expensive if metal price rises persist, the LME chief executive said

As a leading commodities exporter, Russia is one of the world's largest suppliers of metals used in everything from aluminium cans, to copper wires, to car components, such as nickel, which is used in lithium-iron batteries, and palladium, which is used in catalytic converters.

Everyday goods - which may seem far removed from the conflict - may rise as a result of it.

""When you buy your drinks can made of aluminium, or when you make renovations to your house and you need copper for your wiring, all of those prices do go into the overall inflationary pressure,""the boss of the London Metals Exchange has warned.

If Vladimir Putin decided to cut off supplies of these metals in retaliation to sanctions, existing supply problems could worsen, with car firms having to find alternative sources.

Russia is also home to manufacturing hubs for brands like Stellantis, Volkswagen and Toyota. Some production has already been paused at Russian car plants, while shipping and delivery companies halting activity to and from the country is likely to impact the availability of new cars.

Oil hits record but US shares rally on Ukraine war

Has Putin's war in Ukraine failed?",https://ichef.bbci.co.uk/ace/branded_news/1200/cpsprodpb/1517B/production/_120659368_gettyimages-1306500195.jpg,Business
https://www.bbc.co.uk/news/world-europe-60632147,Ukraine: 'We try to tell them the truth' - parenting in wartime,"In Ukraine, families are having to adapt to being at war. But what do you tell the children?","A little girl clutches a doll at a checkpoint on the Ukraine-Slovakia border

In Ukraine, families are having to adapt to a terrifying new reality. How do you tell young children that you're at war?

Ten days ago Anton Eine, a science fiction writer in Ukraine, had been due to launch his latest book - but then the Russians invaded. Now, he says, none of that matters any more. He is hunkering down in Kyiv with his wife and their three-year-old son.

They live in a 24-storey apartment block with an underground car park, where people are sleeping on the concrete floor. It's bitterly cold, and Anton is worried about what might happen if the building collapses, so he and his family feel safer in a square concrete well between the lifts. That has become their sanctuary during the constant air raid sirens. They bring toys and their son's tablet and make sure he sits in the corner, which is the safest place.

Anton says their son is worried, and asks lots of questions. ""Yesterday, my wife went downstairs and when she returned, he was asking, 'Mum, did they shoot you?' and she said 'No baby', and he said, 'Will they shoot me? I don't want them to go bang-bang'.""

How to deal with your anxiety about the Ukraine crisis

Anton says some parents have sewn badges with their child's blood group on to their clothes and are teaching them their home address and parents' names, in case they are separated. And while they hide in shelters or try to board trains to safety, many parents are also talking to each other about how the war is affecting their children, and how best to protect them from trauma.

""Some parents tell the kids it's a game,"" says Anton. ""We are trying to tell our son the truth, but in a softer way, adapted to the mind of a three-year-old kid.

""We tell him that bad soldiers attacked us and the good soldiers, the ones with the Ukrainian flag, are the ones who protect us, and you don't need to worry here in this sanctuary.""

His own son's drawings don't appear to show any signs of trauma, but some of Anton's friends have older children, and the pictures they draw clearly show they've been affected by the situation.

A friend of Anton's shared her four-year-old son's drawing after spending the night in a bomb shelter - it shows people fleeing a big red devil

The parents and staff from his son's nursery stay in touch via the social media app Telegram, where they share advice about how to talk to the children about what's going on. This even included a tutorial on how to explain to the kids why it was OK for adults to swear now, while it was not OK in normal life. ""Because people are swearing right now,"" says Anton.

They have become more relaxed about other little things, too. ""Because of this situation, he has to watch much more cartoons than normal, and is eating much more sweets than normal. We need something to occupy him - he has to not pay too much attention to what's going on.

""The psychologists advise us to be gentler with kids in these times, and to love them much more than usual,"" says Anton.

When it comes to safety, though, they have to be quite strict. Their three-year-old quickly learned that when there's a siren, the family have to run and hide. ""As soon as we hear sirens or get a notification we shout, 'To the shelter!' and whatever he's doing he leaves it and runs. He understands that the situation is extraordinary. It even surprises us how well children understand the necessity to behave properly.""

Evacuees and a child, sitting on top of a suitcase, wait for a train to Romania from Lviv

As the Russian shelling gets worse and the convoys close in, many Ukrainian parents have decided to flee their homes with their young children in tow.

Hanna, a scientist, left Kyiv and travelled to Poland with her two sons, who are eight and six years old. For days, they had been at home listening to explosions, the windows trembling, and she somehow had to tell them what was going on. She found it hard to strike a balance between reality and how much a child's mind can take.

""This was a challenge for me as a mother because I have to choose between how to explain the truth, but at the same time not to scare them too much,"" she says. ""So I was just telling them that we are under attack, and at the moment we are safe, but when we feel we have to move, they have to listen.""

Her parenting style had to change, too - there was no room for discussion. ""Normally I ask them to do something, but this is a time to get orders.""

A child on a swing outside a residential building in Kyiv damaged by a missile

After a few days of shelling, Hanna felt she no longer wanted her children to hear the bombs and decided to leave Ukraine. ""It was a very, super hard decision,"" she says.

Her children had to make a hard decision too - they could only take one of their toys. Her eldest chose Toothless, a toy dragon from the How to Train your Dragon series, and her youngest chose a Transformer toy car that turns into a robot. It was a huge decision for them, says Hanna - perhaps as momentous as it was for her to leave her country. ""I think that we were in the same emotional decision-taking position.""

It took them 52 hours to reach safety in Poland. Hanna's ex-husband came with them for the first part of the car journey but then had to turn back, to fight. Hanna says travelling in a war zone with two kids was exhausting and she can understand why many of her friends are choosing to stay nearer home.

Now they are safe, but the boys ask lots of questions, about their grandparents and especially their father, who has stayed behind. ""Heart-breaking questions, because they ask me every day if he is alive, or if he still has his hands and legs. They are afraid that he can get super hurt.""

LIVE:Latest updates from on the ground

IN KYIV:Locals fear another Grozny or Aleppo

ANALYSIS:Europe finally steps up

EXPLAINED:Why Putin has invaded Ukraine?

IN DEPTH:Full coverage of the conflict

Hanna tells them to try and live in the present. ""All we have is just now. At the moment we are safe,"" she says.

How much to tell their children is something all parents are having to weigh up. Oksana fled her home town of Lviv, in the west, and is now also in Poland. Her six-year-old daughter is autistic and hates loud noises, so she found the air raid sirens very scary. She could tell her mother was nervous too, so Oksana told her the truth about what was happening.

""I was explaining that it's a war and we need to be safe, and that a lot of people are dead now because of all this,"" says Oksana. ""I think it is important that when children are old enough to understand they are not misled, because they can sense the atmosphere is bad.""

Iryna's son is just two, and she has decided not to tell him too much. After spending three nights in a bomb shelter they left Irpin, a small city near Kyiv, and went to western Ukraine.

She told her son they were going to stay with friends, because he's too young to understand that they're in danger. ""I didn't tell him that it's a war. I'm not sure I have to when he's so young, because I think it makes this situation only worse.""

As for Anton and his family, the Russian troops are closing in and they may have to evacuate soon. He's not sure where to. ""No-one knows which place is the safest - so it's gambling,"" he says.

Hanna, Oksana and Iryna spoke toOutside Source on the BBC World Service.

Watch: A mother in Kyiv speaks to the BBC about the decision to tell her children why dad joined the war",https://ichef.bbci.co.uk/ace/branded_news/1200/cpsprodpb/3B3E/production/_123566151_976x549gettyimages-1238825171.jpg,Europe
https://www.bbc.co.uk/news/av/world-europe-60630352,Russian helicopter shot down by missile in Ukraine,"The video, shared by Ukrainian armed forces, shows the helicopter being hit by a missile.","This video, shared by Ukrainian armed forces, shows the moment a Russian helicopter crashes after being hit by a missile.",https://ichef.bbci.co.uk/news/1024/branded_news/7321/production/_123537492_helicoptershotdownthumb.jpg,
https://www.bbc.co.uk/news/world-60622772,European peace seems as fragile as ever,"The shifting of European history's tectonic plates is not really that unexpected, explains Kevin Connolly.","WWII Soviet propaganda poster depicting hoped-for victory over the Nazis - which Putin constantly references

There are moments when the tectonic plates of history shift beneath our feet and Europe is violently remade. It is time to recognise that we are at such a moment. Time too, to stop saying that it is somehow unbelievable that this can be happening in 2022.

It is no more unbelievable now than it was in 1914 or 1939 - nothing predetermined that they would be years when darkness would descend. That's not to say, of course, that we are on the edge of a war that will suck in the rest of Europe or even the world.

The point is that peace is always fragile - and that what happens even in the most distant corners of Europe will always affect all of us.

Drawing the right lessons from those big moments when everything changes is not easy.

The French military commander Ferdinand Foch called the end of World War One a ""20-year"" ceasefire - because he felt the victorious allies had overplayed their hand in dealing with the defeated German Empire. He was about a year out.

Ferdinand Foch circa 1914

The question for our generation is whether or not we made a similar miscalculation over how to handle Russia when the Soviet Union collapsed. We rejoiced as Poland, the Baltic States and others took their place among the free nations of the world.

Poland, Hungary and the Czech Republic - once occupied by Soviets - joined Nato in 1999. The Baltic states of Lithuania, Latvia and Estonia followed five years later.

But the dark energy that drives Vladimir Putin is the other side of that coin. He saw Russia diminished, humiliated and stripped of what he saw as its right to a buffer zone of subordinate states.

He illustrates the point with a story - which might even be true - from his own shadowy past. A former colonel in the counter-intelligence corps of the KGB, Putin was reduced to acting as a part-time taxi driver. One imagines he would have been rather a difficult one.

At some point he conceived an almost mystical concept of restoring lost Russian greatness. He must have been encouraged by the way in which he got away with the annexation of Crimea - from Ukraine - in 2014. After all, four years later we were enjoying the World Cup in Russia.

Western Europe's main reaction to the end of the Cold War was to take a 30-year holiday from serious defence spending.

Soviet President Mikhail Gorbachev announced the Soviet Union's dissolution and his resignation on 25 December 1991

At one point a few years ago, only four of Germany's 128 fighter aircraft were combat ready and the Dutch had a plan to dispose of every one of their heavy tanks. The Dutch have thought again and the Germans are now proposing to spend an extra â¬100bn (Â£83bn) on defence.

It is good of course that Germany reflects on its past, but it's even better that it is thinking of the future too.

The German Chancellor Olaf Scholz is a Social Democrat who certainly didn't run for office on a promise of raising defence spending but he has risen to the historical demands of the moment rather impressively.

""With the invasion of Ukraine we are in a new era,"" he told the German parliament - defining the challenge of that new era as a simple question: ""Whether we allow Putin to turn back the clock, or whether we mobilise power to set boundaries for warmongers such as Putin.""

They are extraordinary words from the leader of a country where politicians once argued that the Nazi invasion of the Soviet Union in 1941 made it impossible to stand up to the Kremlin.

A Ukrainian soldier with rocket launchers in Kyiv

Sweden, which is wealthy and well-armed but militarily non-aligned, was the first country to feel colder winds blowing from the East and perhaps the first to act. It is increasing defence spending by an extraordinary 40% in its current five-year cycle - raising new infantry regiments and buying American Patriot anti-aircraft missiles.

The Swedish Defence Minister Peter Hultqvist said simply: "" We have a situation where Russia is prepared to use military means to achieve political goals.""

So the rather decadent view - that the only weapon the West would ever need is economic sanctions - is out of fashion now. You can't fight tanks with banks. No-one wants to see this continent turned into an armed camp of course, but when you feel those tectonic plates shifting you have to shift with them. Acting now - buying weapons and donating money - is the easy bit when the hot sharp stab of outrage is fresh.

But this new age of containment is going to call for much more. The will to stand with Ukrainians first - but then the grit, vision and staying power to stand guard over freedom wherever and whenever the next attack might come.

LIVE:Latest updates from on the ground

THE BASICS:Why is Putin invading Ukraine?

SCENARIOS:Five ways the war in Ukraine might end

INNER CIRCLE:Who's in Putin's entourage, running the war?

IN DEPTH:Full coverage of the conflict

Who's in Putin's inner circle and running the war?

Five ways the war in Ukraine might end

Lyse Doucet: How a week of war has transformed lives",https://ichef.bbci.co.uk/ace/branded_news/1200/cpsprodpb/AFD4/production/_123521054_1200-gettyimages-52778854.jpg,World
https://www.bbc.co.uk/news/world-europe-60585720,"War in Ukraine: Russians on boycotts, sanctions and cancellations",Russia is being hit by a global backlash after it invaded Ukraine. How does it feel to be shunned?,"There have been protests in many parts of the world against Russian leader Vladimir Putin's invasion of Ukraine

Since last week's invasion, there has been a global cultural and sporting backlash against Russia. But do these bans matter to Russians who are now considering their own future as Western air spaces close down, their currency slumps and curbs intensify on free press?

Itsathletes were banned from the Beijing Winter Paralympicsthe day before the games got under way andRussia's footballers won't be playing Polandthis month. Musicians from around the world are calling off planned events in Russia.

""It's hard to imagine how long it will take Russia to be considered a part of the world cultural landscape again,"" Lena, a young woman who works in Moscow, told the BBC.

Lena asked for her identity to be protected - the names of some other interviewees in this article have been changed too.

Images of destruction and suffering in Ukraine have horrified people around the world, and many Russians too

""It's impossible to support the illusion of normality while the human tragedy unfolds in Ukraine,"" Lena said.

""Certainly, moaning about isolation and economic disasters is nothing compared to what the poor people of Ukraine are experiencing every day now, and we all feel absolutely shattered that helping them is treason here.""

It's dangerous to speak out in Russia - thousands of protesters against the war have been detained, while the country's leadership has pressed on with the assault.

Russia's leaders have so far defied the unprecedented wave of sanctions aimed at devastating its economy if it doesn't change course.

Boycotts and sanctions have failed to stop Russia's invasion of Ukraine

Cutting sporting and cultural ties means further pain, and revives bitter memories of decades of Cold War division.

In sport the country has been almost universally ostracised. Its absence from the Beijing Winter Games will be painfully apparent after a last-ditch U-turn by officials.

We had to preserve the Paralympic experience - IPC president Parsons

Russia's athletes have also been banned from this year's world championships and its figure skaters, an event in which the country excels, have been barred from all competitions.

The International Judo Federation made a point of suspending Russia's leader Vladimir Putin, a keen judoka, as its honorary president.

No more F1 for President Putin, seen here watching Lewis Hamilton celebrate victory in Sochi in 2015

Four years after hosting the World Cup, Russian football clubs and national teams have been suspended from all international competitions. Spartak Moscow, one of Russia's leading clubs, has been thrown out of the Europa League.

Ultimately, though, the people the BBC spoke to said these now felt almost like a distraction.

Andrey (name changed), who has a club season ticket, says ""it doesn't matter"" in the bigger picture.

""Football, like everything else, is going to be different now. It will be part of our new life which we can't even imagine,"" he says.

""And the main thing is that no-one asked us if we want this new life. What will it be like? It's all very frightening. Of course, it's nothing compared to what people are feeling in Ukraine.""

There have been shows of support for Ukraine at football matches since Russia launched its invasion of the country

He says ""humdrum problems"" like boycotts ""are the least of our concerns"".

""The whole structure of life is changing now, from TV shows to telephones and cars. I don't see the point in trying to guess how it's going to change.""

'I can't pay' - Russians feel the pain of sanctions

Russia restricts access to BBC in media crackdown

'My city's being shelled, but mum wonât believe me'

Watching the war on Russian TV - a whole different story

In recent years Russians have become used to seeing Western performers in their country, a huge shift from Soviet times when travel to and from the country was difficult.

But many foreign performers have now put on hold or cancelled gigs, festivals and shows in Russia to express horror at what's happening.

Anyone wanting to catch the Russian leg of tours by Eric Clapton, Iggy Pop or Louis Tomlinson faces being disappointed.

Franz Ferdinand were due to perform in St Petersburg and Moscow in the summer

They've joined a growing list of stars - the Killers, Imagine Dragons, Green Day, Franz Ferdinand are some of the others - who've cancelled shows in Russia or put them on hold in protest at the war.

Lena says many Russian acts don't want to entertain ""in these horrible times"" either. The day after the invasion, singer Valery Meladze, comedian Danila Poperechny and a host of othercelebrities appealed in a videofor it to end.

Over the past week, Russia's entertainment world has been turned upside down.

Moscow's Bol festival,where Nick Cave was among those due to headline in June, is one event that won't be taking place.

""I organised conferences and showcase festivals with musicians from all over the world and we discovered loads of new bands. During the pandemic we tried to stay cheerful,"" the festival's co-founder Stepan Kazaryan posted on Facebook.

""Now I have a one-way ticket and nothing else. Nothing but shame for what certain people with the same passport as me have done to our closest neighbours. We'll never, ever be able to redeem ourselves.""

Cinema fans and those using online streaming services are also affected amid the backlash over the invasion. Global film and TV giants like Disney, Warner Bros, Sony and Paramount have paused or cancelled planned releases in Russia.

Spotify's music service is unavailable.

LIVE:Latest updates from on the ground

THE BASICS:Why is Putin invading Ukraine?

SCENARIOS:Five ways the war in Ukraine might end

INNER CIRCLE:Who's in Putin's entourage, running the war?

IN DEPTH:Full coverage of the conflict

Marina, a Muscovite in her 60s, said: ""So far we can still watch movies online but I think the distribution of films to cinemas is affected.

""We feel very bad. It [the war] was not what we wanted.""

But how much are Russians likely to feel the effects of being cut off in sport and culture?

There's an impression in the West that Russians will feel pain from the sanctions and boycotts by losing their freedom to travel, enjoy music, concerts and culture.

Is it naÃ¯ve to think being deprived of these things will change Russian people's views?

""It's not, but it is simply impossible: there are more police in the streets than people,"" says Lena.

An anti-war protester is detained by security forces in St Petersburg earlier this week

""Last weekend over 6,000 people were arrested. And not just ordinary people but children and elderly WW2 veterans with anti-war posters too.""

In the space of a few days huge changes have taken place, and no one knows if things can go back to how they were.

""There is a general feeling that the life we know is crumbling,"" said political scientist Ekaterina Schulman, who was presenting on Echo Moscow radio station when it was taken off air this week for broadcasting ""false information"" about the military action in Ukraine.

She says it's too early to gauge the effect of Western measures on Russian public opinion.

Everyday life goes on in Moscow, but many are still taking in what's been changing

""At the moment people are panicking or in denial and just can't understand what's happening. A large number of people don't follow the news at all. They watch TV very occasionally. So it will take a while for them to hear about it.""

She said Russians were now worried the borders might be closed and they wouldn't be able to get out.

""In the last couple of days a lot of people have been leaving Russia to avoid anticipated repressions and being called up into the army. They're flying to Istanbul, Yerevan and Tbilisi.""

Lena says things like music, entertainment, films and exhibitions ""are now not a priority - not even in the top 10"".

""It feels like it's not a post-Covid depression any more. It's just depression and a horrible feeling of powerlessness.""

'I can't pay' - Russians feel the pain of sanctions

What are the sanctions on Russia and are they working?

BBC suspends its journalists' work in Russia

Watching the war on Russian TV - a whole different story

'We are shocked'- Russians react to invasion",https://ichef.bbci.co.uk/ace/branded_news/1200/cpsprodpb/3825/production/_123537341_976_gettyimages-1238918820.jpg,Europe
https://www.bbc.co.uk/news/world-europe-60600487,"Ukraine war: 'My city's being shelled, but mum wonât believe me'",These Ukrainians say their Russian relatives only trust the narratives they see on TV at home.,"Oleksandra says her mother repeats the narratives of what she hears on Russian state TV

Oleksandra and her four rescue dogs have been sheltering in the bathroom of her flat in Kharkiv since the shelling began.

""When I heard the first explosions, I ran out of the house to get my dogs from their enclosures outside. People were panicking, abandoning their cars. I was so scared,"" she says.

The 25-year-old has been speaking regularly to her mother, who lives in Moscow. But in these conversations, and even after sending videos from her heavily bombarded hometown, Oleksandra is unable to convince her mother about the danger she is in.

""I didn't want to scare my parents, but I started telling them directly that civilians and children are dying,"" she says.

""But even though they worry about me, they still say it probably happens only by accident, that the Russian army would never target civilians. That it's Ukrainians who're killing their own people.""

It's common for Ukrainians to have family across the border in Russia. But for some, like Oleksandra, their Russian relatives have a contrasting understanding of the conflict. She believes it's down to the stories they are told by the tightly-controlled Russian media.

Oleksandra's dogs have been a source of support during the bombing

Oleksandra says her mother just repeats the narratives of what she hears on Russian state TV channels.

""It really scared me when my mum exactly quoted Russian TV. They are just brainwashing people. And people trust them,"" says Oleksandra.

""My parents understand that some military action is happening here. But they say: 'Russians came to liberate you. They won't ruin anything, they won't touch you. They're only targeting military bases'.""

While we were interviewing Oleksandra, the shelling went on. The internet connection was weak, so we had to exchange voice messages.

""I've almost forgotten what silence sounds like. They're shelling non-stop,"" she said.

But on Russian state TV channels on the same day, there was no mention of the missiles striking Kharkiv's residential districts, of civilian deaths, or of four people killed while queuing for water.

State TV channel Rossiya 1 refers to the war as a ""special operation""

Russian state TV channels justify the war by blaming Ukrainian aggression, and continue to call it ""a special operation of liberation"". Any Russian outlet using the words ""war"", ""invasion"" or ""attack"" faces being blocked by the country's media regulator for spreading ""deliberately false information about the actions of Russian military personnel"" in Ukraine.

And now a new law has passed through the Russian Parliament that means people who spread ""fake"" information about Russia's military forces could be jailed for up to 15 years.

Some Russians have taken to the streets to protest against the war - but these demonstrations were not shown on the main state television channels.

Watching the war on Russian TV - a whole different story

Mykhailo, a well-known Kyiv restaurateur, didn't have the time or inclination to watch Russian TV coverage of the invasion.

When shelling of Ukraine's capital started, he and his wife were concentrating on how to protect their six-year-old daughter and baby son.

Mykhailo with his father before the war

At night their children woke up at the sound of explosions and couldn't stop crying. The family made the decision to move to the outskirts of Kyiv and then flee abroad.

They travelled to Hungary, where Mykhailo left his wife and children and came back to Western Ukraine to help the war effort.

He was surprised not to have heard from his father, who works at a monastery near Nizhny Novgorod in Russia. He called his father and described what was happening. His father replied that this wasn't true; there was no war and - in fact - Russians were saving Ukraine from Nazis.

Mykhailo said he felt he knew the power of Russian propaganda, but when he heard it from his father, he was devastated.

LIVE:Latest updates from on the ground

THE BASICS:Why is Putin invading Ukraine?

INNER CIRCLE:Who's in Putin's entourage, running the war?

UKRAINE:'I have never felt so much love for my homeland'

IN DEPTH:Full coverage of the conflict

""My own father does not believe me, knowing that I'm here and see everything with my own eyes. And my mum, his ex-wife, is going through this too,"" he says.

""She is hiding with my grandmother in the bathroom, because of the bombardment.""

Russian media has been tightly controlled for many years and viewers are given an uncritical view of Russia and its actions around the world.

""The state narrative only ever shows Russia as the good guy."" says Dr Joanna Szostek, an expert in Russia and political communications at University of Glasgow.

""Even the tales they tell about World War Two, the Great Patriotic War, Russia has never really done anything wrong. And this is why they won't believe it now.""

Most Russians, she says, don't look for other points of view. She believes the one-sided narrative that is highly critical of the West helps explain why Russians can have opposing views to their relatives in neighbouring countries.

""People who criticise Russia have for so long been presented as traitors or foreign agents; critics are all foreign agents working for the West. So you don't even believe your own daughter.""

Anastasiya's parents live in a small village 20km (12 miles) away from the rebel-held Donetsk People's Republic. The village is still under the control of Kyiv authorities, but Russian state TV channels are always on in their house. They even have the clock set to Moscow time - a throwback to the Soviet past.

So when on 24 February, Anastasiya woke up in Kyiv to the sound of sirens, she knew how her parents would react.

'My mum was the first person I called when I jumped out of bed at five, disoriented. She was surprised I called and sounded really calm, almost casual,"" she says.

Anastasiya, a BBC Ukrainian correspondent who moved to Kyiv 10 years ago, heard bombs exploding after waking and was worried about where would be hit next.

Anastasiya - and her cat - have left home

""I called my mum again. I told her I was scared. 'Don't worry', she said, reassuringly. 'They [Russia] will never bomb Kyiv'.""

But they are already doing it, Anastasiya replied.

""I told her there were casualties among civilians. 'But that's what we had too when Ukraine attacked Donbas!', she said, laughing. For a moment I couldn't breathe. Hearing my mum say this with such cruelty just broke my heart.""

Anastasiya believes the image Russian media has created is one of the ""glorified Russian army"" ridding Ukraine from Nazis. For years she avoided political arguments with her parents, but this time she slammed the phone down on her mum.

We spoke to Anastasiya when she was travelling away from Kyiv after four nights in a bomb shelter. Her mind was on an uncertain future.

""There are a lot of thoughts in my head now. What will happen to us all? Where is this going? Will I ever come back? Will I ever see my parents again? I still love them deeply, but something inside me has broken and I don't think it can ever be fixed.""

Five ways the war in Ukraine might end

Who's in Putin's inner circle and running the war?",https://ichef.bbci.co.uk/ace/branded_news/1200/cpsprodpb/1978/production/_123502560_68d3a659-bf5a-42d4-b887-071fdef9ddff.png,Europe
https://www.bbc.co.uk/news/world-60609633,Nuclear plant: How close was nuclear plant attack to catastrophe?,"After Russia seizes two nuclear plant sites, experts weigh the risk to Ukraine and the world at large.","Watch: Zaporizhzhia nuclear plant appears on fire after shelling (3 March 22)

""By the grace of God, the world narrowly averted a nuclear catastrophe last night.""

That was the verdict of the US ambassador to the United Nations on Friday, after Russia attacked and seized a nuclear power plant in Ukraine.

Buildings at the Zaporizhzhia plant - the largest in Europe -were damaged after it was hit by shelling.

The UN's nuclear watchdog, the International Atomic Energy Agency (IAEA), says that none of the safety systems at the plant were affected, and there was no release of radioactive material.

But it is still a very risky situation.

""For the first time this morning, I'm frightened,"" Sheffield University nuclear materials expert Prof Claire Corkhill told BBC News.

As well as the Zaporizhzhia plant, Russia has taken control of the now-retired Chernobyl plant - the site of the worst nuclear incident in history.

Experts have stressed that there are important differences between the two plants.

The Zaporizhzhia site is far more secure, according to Dr Mark Wenman of Imperial College London.

He says the reactor is in a steel-reinforced concrete building that can ""withstand extreme external events, both natural and man-made, such as an aircraft crash or explosions"".

The Zaporizhzhia plant also does not contain any graphite in its reactor.

At Chernobyl graphite caused a significant fire and was the source of the radiation plume that travelled across Europe.

Towns near Chernobyl were abandoned following the nuclear incident

However, scientists say a military attack on the reactor itself isn't the only threat. Disruption to its electricity supply could also cause serious issues.

""You don't need to hit directly a plant to get a problem,"" said Olexi Pasiuk, deputy director of Ecoaction, an energy pressure group in Ukraine.

The Ukrainians were in the process of taking the reactors offline to protect them. Only one of the six reactors operational at the power plant is now thought to be running.

But reactors cannot just be turned off like conventional energy supplies. They must be cooled slowly over 30 hours, which requires a constant electricity supply to the plant.

A disruption to this supply - and therefore the cooling process - could lead to radiation leaking into the surrounding environment.

A loss of cooling like this was experienced at Japan's Fukushima plant following the 2011 tsunami.

In that case a loss of power caused a meltdown in three of its nuclear reactors.

Fukushima disaster: What happened at the nuclear plant?

If people are exposed to leaked radiation it cancause severe immediate and long-term health impactsincluding cancer.

This was seen in 1986 atChernobyl.

Russia may be trying to curb Ukraine's power capabilities, Prof Corkhill said.

""They're taking the rectors offline. This means they're shutting down the nuclear reaction and putting them into a safe and stable state.

""And this could be the intention of the Russians: if you want to target their power supply, you attack a building close to the power plant and force operators to shut it down.""

There are four major nuclear plants in Ukraine, and the defunct Chernobyl.

Russia has control of Zaporizhzhia and Chernobyl and it is approaching a third site - the south Ukraine nuclear power plant.

There are also smaller plants and radioactive disposal sites which store waste material from nuclear power operations across Ukraine.

On 27 February, Russian missiles also reportedly hit the site of a radioactive waste disposal facility in Kyiv.

Ukraine's nuclear inspectorate said no radiation leaks were reportedand the plant was not directly damaged.

For now, Russian forces - who have blamed the attack on Ukrainian saboteurs - have allowed staff to remain in the control room at Zaporizhzhia, to run operations.

But world leaders have accused the Kremlin of acting recklessly. UK Prime Minister Boris Johnson said it could ""directly threaten the safety of all of Europe"", and Ukraine's president accused Russia of ""nuclear terror"".

IAEA director general Rafael Mariano Grossi said: ""We shouldn't wait for something like this to happen [again].""

He plans to travel to Ukraine to negotiate with Russian forces for the safe operation of all power plants in Ukraine.",https://ichef.bbci.co.uk/ace/branded_news/1200/cpsprodpb/F096/production/_123509516_nuclearpowerplantzaporizhzhia.jpg,World
https://www.bbc.co.uk/news/world-europe-60604876,Ukraine war: Why Kherson and Mariupol are key to Russian success,There are both strategic and historical reasons why the offensive in southern Ukraine is vital for Russia.,"The Ukrainian city of Mariupol has come under heavy shelling

While Russian troops in the north and east of Ukraine have struggled to seize important targets, including the capital Kyiv, their advance into southern Ukraine appears to be more successful.

Russia sees the south as vital to the success of its invasion, and has been laying siege to several southern cities and captured the Zaporizhzhia nuclear power plant, which is Europe's largest.

The operation in the south was launched from Crimea, which was annexed by Russia from Ukraine in 2014 and is home to a sizeable Russian military presence.

On Wednesday, Pentagon spokesperson John Kirby said that Russia has a ""sophisticated and healthy architecture"" there.

A look at the map below shows how crucial the peninsula is as a base to the assault on southern Ukraine.

Russian troops are moving into Ukraine from Crimea, spreading east towards Mariupol and west towards Odesa, threatening to cut off Ukraine's maritime access which would inflict huge economic damage on the country.

""Strategically, there are major ports in that region that really allow Putin's forces to strangle any ability for Ukraine to be supplied via sea,"" Karl Qualls, professor of history and Russia specialist at Dickinson College, told the BBC.

To the east of Crimea, Russian forces are pushing to Mariupol, a city of 450,000 people, which is encircled and coming under heavy shelling. Water and power supplies have been cut off, and residents havetold the BBC that they are terrified.

If Mariupol falls, it would give Russia control of one of Ukraine's biggest ports and create a land corridor between Crimea and the Russian-backed regions of Luhansk and Donetsk.

Connecting Crimea with mainland Russia via the rebel-held areas would make it much easier for Russia to move goods and people to and from Crimea. Russia has wanted this since 2014, when the conflict in the east began.

Currently the peninsula is connected to the Russian mainland only via a single bridge, built at great expense after the Russian annexation.

North-west of Mariupol,Russia has seized the Zaporizhzhia power plant. In normal times the plant produces around 20% of Ukraine's electricity, so by taking it Russia controls a significant portion of Ukraine's possible power supply.

The Russian military has alsooccupied the city of Khersonwhich is located where the Dnieper river meets the Black Sea, a important location for troops to move further into Ukraine.

""We're seeing them exploit the capture of Kherson,"" Dr Jack Watling from the Royal United Services Institute told BBC Radio 4's Today programme. ""They're now on the western side of the Dnieper and able to push both further up the river and towards Odesa.""

Russia says its forces have surrounded Ukraine's largest nuclear power plant

If Russia is able to move further west, to Odesa and beyond, it would not only cut off Ukraine's access to the sea but also surround the country on three sides.

""If they take Odesa, they have a key city to create a strategic arc around Ukraine. With Belarus in the north and Donbas to the east, they've all but encircled the country,"" Catherine Wanner, professor of history and Russia and Ukraine expert at Penn State University, told the BBC.

There is also a historical context to Russia's southern invasion. The region of Ukraine stretching from Odesa in the south to Luhansk in the east was taken by the Russian Empire in the 18th Century after a series of wars with the Ottoman Empire. It became known as Novorossiya, or New Russia.

Under the Soviet Union, most of Novorossiya was part of the the Ukrainian Soviet Socialist Republic which later turned into modern-day Ukraine.

In 2014, after the annexation of Crimea, Russian President Vladimir Putin claimed that although Russia lost the territory of Novorossiya for various reasons, its people remained there.

""The mythology that Putin promotes is that these are Russian lands,"" said Professor Qualls. ""It was part of the Russian empire but it wasn't Russians who lived there. There were far more Romanians than there were Russians, and Ukrainians were dominant.""

In 2014, separatist militants in Donetsk sported the tsarist-era ""Novorossiya"" flag

Nevertheless, the idea took hold, and for a brief period in 2014 the self-proclaimed separatist republics of Luhansk and Donetsk wanted to recreate Novorossiya,even sporting its tsarist-era red and blue flag.

Russia's historic claim to Ukrainian land has been a frequent theme for President Putin in the run up to the invasion, but Professor Wanner says it should not be taken seriously.

""Mr Putin has shown himself unashamed in terms of fashioning highly creative historical interpretations to invade and annex territory - Novorossiya is a flimsy justification"", she told the BBC.

Watch: Do Russia's attacks on Ukraine amount to war crimes? Ros Atkins investigates

LIVE:Latest updates from on the ground

THE BASICS:Why is Putin invading Ukraine?

INNER CIRCLE:Who's in Putin's entourage, running the war?

UKRAINE:'I have never felt so much love for my homeland'

IN DEPTH:Full coverage of the conflict

Amateurs dig in to fight Russian troops from Kyiv forests

Why has Russia's 64km convoy stopped moving?

Russian troops take control of key Ukrainian city",https://ichef.bbci.co.uk/ace/branded_news/1200/cpsprodpb/14A7A/production/_123520648_crimea2.jpg,Europe
https://www.bbc.co.uk/news/blogs-the-papers-60642348,Newspaper headlines: 'Running for their lives' as terror 'rains down',Civilian attempts to flee Ukrainian cities being targeted by Russian forces lead Monday's papers.,"A man and a child escape from the town of Irpin after heavy shelling on the only escape route used by locals

Most of the front pages show refugees in Ukraine -as the Sun puts it- ""running for their lives"".

It says innocents were slaughtered in an attack which theDaily Expressdescribes as ""pure evil"".

The Times reportshow civilians on the road from Irpin ""threw aside their suitcases and plastic bags and dived under the trees for cover"" as Russian mortars landed.

Next to a graphic photograph of a mother and her children slumped on the ground after being killed outright, the paper says the video of the attack has shocked the world - and the footage confirms that Russian forces are ignoring an agreement to offer safe passage to fleeing civilians.

The paper says that pausing to let civilians flee and then hitting them as they do so is a tactic that Russia has used before in Syria and Chechnya - the aim being to crush morale and beat people into submission.

Under the headline ""'Barbaric' Putin rains downs terror""the Daily Telegraph describeshow the journey was already nerve-wracking and difficult before the attack came, and says the family who died ""didn't stand a chance"".

It says the mortar shell exploded like an almighty thunderbolt leaving the family dead amid their bags.

The paper quotes a former chief prosecutor at the UN special court, David Crane, who is gathering evidence of potential war crimes.

He says there are ""literally thousands of violations that have been committed in the last week"".

The Telegraph writes that the Russian troops' tightening grip on Irpin, to the west of Kyiv, could be the first permanent foothold they have on the capital - their earlier efforts at lightning advances having largely been repelled.

The Guardian saysindiscriminate Russian shelling threatens to turn the humanitarian crisis into genocide.

The Sun quotesthe home secretary saying that all Ukrainian refugees will be allowed to come to Britain.

The papers reports that Priti Patel has vowed to relax existing rules after making a ""harrowing"" visit to the Ukrainian border.

It says that she intends to investigate the ""legal options"" to create a humanitarian route.

The messagefrom the Daily Mirrorabout the refugees is ""save them"".

It says the British government has issued just 50 visas for those fleeing the fighting, and says we must do more.

A man helps an elderly woman to run for cover in Irpin, near Kyiv

The Financial Times saysthe West is weighing up banning Russian oil, which it says would have potentially serious consequences for the global economy. British officials are quoted as describing such a ban as a ""drastic move"".

The Daily Mail leadswith comments from the professional head of the armed forces, Admiral Sir Tony Radakin, that a Russian victory is not inevitable.

It says he gave the most optimistic assessment yet of how the conflict may end, saying the invasion was in a mess, and that Russian forces had been decimated.

The paper says the stalling of a convoy of hundreds of Russian vehicles and an estimated 15,000 troops is a ""highly embarrassing example of ineptitude"".

The Daily Telegraph reportsanother danger facing those fleeing the conflict - sex traffickers.

It says young women and unaccompanied children are being targeted and Polish police have made several arrests of suspected traffickers preying on the vulnerable, with the promise of a lift and accommodation.

Sign up for a morning briefing direct to your inbox

BIG BUSINESSES AND CLIMATE CHANGE:Deborah Meaden talks to some of the world's biggest business about the biggest problem facing the planet

JUST STAND UP:Can we burn more calories and lower blood sugar levels without even doing any exercise?",https://ichef.bbci.co.uk/ace/branded_news/1200/cpsprodpb/10579/production/_123573966_index-nc.jpg,The Papers
https://www.bbc.co.uk/news/av/world-europe-60641868,Military couple marry on Ukraine's front line,"Lesya and Valeri, both civil defence volunteers, tied the knot at a check-point near Kyiv.","A Ukrainian couple have tied the knot in a military-style wedding at a check-point near Kyiv.

The mayor of Kyiv - and former world heavyweight boxing champion - Vitaliy Klitschko, was among the guests.",https://ichef.bbci.co.uk/news/1024/branded_news/25EC/production/_123580790_976d.jpg,
https://www.bbc.co.uk/news/av/world-europe-60621253,The children with cancer fleeing war in Ukraine,The NGO Herosi are trying to find places for the patients in medical care across Europe.,"The vast majority of those fleeing war in Ukraine are heading to neighbouring Poland, and among them are Ukrainian children with cancer.

Theyâre being evacuated by the non-governmental organization Herosi, co-ordinated by the US-based St Jude Childrenâs Research Hospital, who are trying to find the patients places in medical care centres across Europe.

Reporter: Mark Lowen

Camera: Francesco Tosto

Producer: Michael Steininger",https://ichef.bbci.co.uk/news/1024/branded_news/15911/production/_123573388_p0bsw0lk.jpg,
https://www.bbc.co.uk/news/av/uk-england-cambridgeshire-60610329,'They thought he was too young for heart disease',A mother whose son died from heart disease urges parents to know the signs and trust their instincts.,"A mother whose son died from heart disease has urged parents to know the signs and trust their instincts if they think their child is seriously ill.

Jordan Simon was diagnosed with dilated cardiomyopathy at the age of 16 after several trips to hospital, was given a heart transplant and managed to live his dream of being a holiday park entertainer before his death in November, aged 25.

His mum Sarah Tustin, from March in Cambridgeshire, said she did not blame doctors for missed opportunities to diagnose him sooner but that he would have died ""within hours"" if she had not been persistent.

She said: ""Because he was young, the doctors couldn't possibly think he had heart disease. If there's parents out there that have got teenagers that are having the same symptoms, breathless, lethargic, do not accept the first diagnosis from the hospital or doctors.""

Research by charityCardiac Risk in the Youngfound about 12 people aged under 35 died in the UK each week with an undiagnosed heart condition.

Video journalist: Stuart Bailey",https://ichef.bbci.co.uk/news/1024/branded_news/9A60/production/_123502593_p0bscnw2.jpg,
https://www.bbc.co.uk/news/av/60608322,'You had to cling on for your dear life',Lynette Lee survived the Zeebrugge ferry disaster 35 years ago - one that killed 193 people.,"The Herald of Free Enterprise capsized on 6 March 1987, killing 193 passengers and crew.

Lynette Lee was on board the ferry with her family after a day trip to Zeebrugge, in Belgium. It was the last time she would see her mother alive.

She spoke toWitness Historyfor the 35th anniversary of the disaster.

âOne minute youâre sat in the cafeteria, chatting and having a drink,â she said. âThe next minute youâre thrown into this awful nightmare.â",https://ichef.bbci.co.uk/news/1024/branded_news/13AAD/production/_123575508_976c.jpg,
https://www.bbc.co.uk/news/av/uk-northern-ireland-60601083,The sounds of a city during lockdown,A student at Queen's University Belfast used his daily walks to record the sounds of Covid lockdowns.,"During the coronavirus pandemic, cities throughout the world emptied as lockdown restrictions were implemented.

A PhD student from Queenâs University Belfast used this time to make recordings for his final research project.

Georgios Varoutsos used his daily lockdown walks to record the sounds of Belfast city centre.

Like many cities throughout the UK, Belfast had previously been dominated by the sound of human activity. During lockdown, these were replaced by subtle industrial, urban and natural sounds.

The results can be listened to by downloading the free Echoes app and it was showcased as part of the 2022 Northern Ireland Science Festival.

BBC News NI merged Georgioâs sound files with drone footage taken in Belfast city centre during and after lockdown.

Video journalist: Niall McCracken",https://ichef.bbci.co.uk/news/1024/branded_news/CFDA/production/_123501235_p0bsbb4n.jpg,
https://www.bbc.co.uk/news/av/uk-england-leicestershire-60587020,'You feel guilty not wanting her to get older',The parents of five-year-old Isla say she is the only child in the world with a rare condition.,"The parents of a five-year-old girl have said they believe she is the only child in the world to have a rare genetic condition.

Isla was born with mandibuloacral dysplasia, which causes features of premature ageing.

The family have said they do not know what her future holds and have used social media to raise awareness of her condition.

Prof Pradeep Vasudevan, consultant clinical geneticist at Leicester's Hospitals, said: ""Isla's condition is very rare - fewer than 50 cases have been recorded in medical literature.

""Because of this, many cases most likely go misdiagnosed or undiagnosed making it difficult to determine the true frequency of mandibuloacral dysplasia in the general population.""

Video journalist: Chris Waring

Follow BBC East Midlands onFacebook,Twitter, orInstagram. Send your story ideas toeastmidsnews@bbc.co.uk.",https://ichef.bbci.co.uk/news/1024/branded_news/169B5/production/_123479529_p0brzmfp.jpg,
https://www.bbc.co.uk/news/av/uk-england-hampshire-60639923,Man in dinghy in near miss with container ship,The moment a man swims out of the path of a container ship off Southampton is captured on a phone.,"A video of a man's dramatic escape from the path of a container ship has been captured on a mobile phone.

Harvey, 16, was on a ferry travelling to Southampton from the Isle of Wight when he spotted a man in a dinghy in the path of a container ship.

He said: ""I saw him trying to start his engine. He jumped overboard and swam.""

The Harbour Authority for Southampton Water said the man was recovered from the water by a patrol boat and taken to hospital after treatment for shock.

Follow BBC South onFacebook,Twitter, orInstagram. Send your story ideas tosouth.newsonline@bbc.co.uk.",https://ichef.bbci.co.uk/news/1024/branded_news/4EF9/production/_123571202_926bef74-8d06-4d0d-8fd1-7087bdc0af8e.jpg,
https://www.bbc.co.uk/news/world-60617145,Why doesn't Ukraine attack the Russian convoy? And other questions,Correspondents and experts answer questions from readers on the BBC News website,"It's more than a week since Russia began its invasion of Ukraine.

Residents of the capital Kyiv and several other cities are under bombardment from Russian missiles.

A nuclear power station also came under attack, causing an international outcry.

Readers of the BBC News website have been sending in questions about the situation. Some of them are answered here by:

James Waterhouse, reporting for the BBC from Kyiv

Frank Gardner, the BBC's security editor

Prof Claire Corkhill, nuclear materials expert at the University of Sheffield

How is military aid getting into Ukraine? Why doesn't the Ukrainian air force attack the long Russian convoy? - David Finch

Ukraine's western border with Poland and other Nato countries is still not in Russian hands (the Russian invasion has come from the three other sides - north, south and east), so there is still a corridor for supplies to come in.

The Black Sea coast however is now largely under Russian control and deemed unsafe for most shipping.

Everyone is baffled as to why Ukraine has not done more to attack the Russian convoy as it is a sitting duck for drone and airstrikes.

There are several possible explanations, Ukraine may be running out of armed drones and its small, outnumbered air force may be wary of being shot down by Russian air defence batteries.

Ben Barry from the International Institute for Strategic Studies (IISS) suggests the Ukrainians may well be safeguarding what resources they do have in readiness to counter-attack when the Russians get closer to Kyiv.

What exactly will it take for Western powers to get involved here? - Rob Frank

The West has made it clear it will only get involved militarily if Russia attacks a Nato country. Ukraine is not in Nato but nearby countries Poland and the Baltic states are, hence Nato has been rushing reinforcements to bolster those countries' borders.

That said, Western countries are supplying Ukraine with ""defensive"" equipment to help it try to repel the Russian invasion. This includes anti-aircraft and anti-tank missiles.

Some are calling for Nato to introduce a no-fly zone to stop Russian planes from carrying out airstrikes on Ukrainian cities. But Nato says it won't do that as it would entail shooting down Russian planes and that could lead to war with Russia.

So far I have heard nothing about prisoners of war. Are both sides taking any? - David Taylor

Yes. There are reports of Russian conscripts who have been taken prisoner and been given mobile phones to call home.

Their families, we are told, thought they were just being sent to the Donbas region on a small operation, or even an exercise, but certainly not a full-scale invasion.

Does Nato have any strategy for Russia attacking operational nuclear plants in Ukraine? - Barry Johnson

I don't think anyone even foresaw this, but beyond a lot of rhetoric condemning it as reckless and unacceptable, there's not a lot the West can do, short of military intervention. This has been ruled out, as there are full-scale battles raging across Ukraine.

On the other hand, it is not in Russia's interest to have a nuclear contamination disaster so close to its borders so the scenario of a nuclear plant being targeted may not be repeated.

Beach defences being prepared in the southern Ukrainian port of Odessa, ahead of a feared coastal attack by Russia

How worried should we be?

The situation at the Zaporizhzhya power station is now under control and there has been no release of radioactive material. At the site, the reactors are being shut down, which puts them into a safe state.

The reactors themselves are well-shielded and resistant to fire or impact. More generally speaking, we should be concerned that nuclear facilities are military targets, because there are real risks of a nuclear accident.

How would it affect us here in the UK if something was to happen to the nuclear plant? - Victoria Udell

We are really too far away for there to be any hazard from radioactivity being released in the event of an accident.

If an accident were to occur, it wouldn't be quite like the one that occurred at Chernobyl in 1986. There, the graphite in the core caught fire and, because it burned for 10 days, the radioactive smoke was lifted high into the atmosphere and spread widely around Europe.

The reactors in Ukraine do not contain graphite, so are unlikely to catch fire or spread radioactivity widely.

Footage of the fire which followed shelling at the Zaporizhzhia nuclear power plant

What would really happen if a fire broke out or a bomb did get dropped directly at the plant or in the cooling units? - Maria

If there was a fire inside the reactor building, it would be instantly extinguished by the automatic safety systems. The reactor buildings themselves are fairly robust, so the nuclear fuel should be quite safe in there.

An explosion would only occur if there was a nuclear meltdown, which could be caused by the electricity supply to the site AND the back-up generators being damaged. If this happened to an operating nuclear power plant, then there could be an explosion like the one that happened Fukushima.

At Zaporizhzhya, the reactors are being put into a ""shutdown"", which means a nuclear meltdown could not happen.

How dangerous was the attack on Ukraine's nuclear plant?

What's your life like right now as a reporter in Kyiv? Are there signs of normal life?

The day-to-day couldn't be more different from just over a week ago.

We often covered the politics of this crisis, maybe even filmed with people across Kyiv, a city we could freely move around in.

Now we are covering a full-scale war. Events are moving so quickly, and we find ourselves in and out of a bomb shelter like thousands of others.

The food we are having for now is still fresh - often Ukraine's signature borscht soup as well as ham and cheeses.

However, we are the extremely lucky ones. We've spoken to people now living in Metro stations where there is no running water or food being provided.

Above ground, the normal full pavements and busy nightlife have disappeared. Instead, there are blockades and military checkpoints.

Occasional friendly smiles have been replaced with nervous, wary looks. You can see the weight of tension on people's faces as they wait for what might be coming.

An underground metro station used as a bomb shelter in Kyiv

If Kyiv is eventually surrounded by Russian forces, would airdrops of supplies (food, ammunition) be possible, like the Berlin airlift? - Fred Williams

It's not clear yet what would happen if Kyiv was surrounded.

Negotiators from both Ukraine and Russia have agreed to create ""humanitarian corridors"" to let citizens escape the fighting.

It's possible Ukrainian forces could use these temporary ceasefires to resupply, as it was agreed food and water could be delivered to cities where there's been the heaviest fighting.

For now, supermarkets and pharmacies can stay open in cities. Stock is more limited and there are long queues though.

The distant rumbling of shells exploding is becoming more continuous as well. You become quite sensitive to the smallest changes. Occasionally a crackle of gunfire will make you jump.

Russian troops are continuing to mostly advance from the east and north, and the worry is Kyiv will find itself under a form of military chokehold, as we've seen with other cities.

LIVE:Latest updates from on the ground

THE BASICS:Why is Putin invading Ukraine?

MAPS:Tracking day five of Russia's invasion

IN DEPTH:Full coverage of the war",https://ichef.bbci.co.uk/ace/branded_news/1200/cpsprodpb/7707/production/_123517403_soldier.jpg,World
https://www.bbc.co.uk/news/uk-scotland-south-scotland-60602352,Roman fort survey near Melrose aims to unveil more secrets,Ground penetrating radar will give a clearer picture of the story of Trimontium in the Borders.,"Radar equipment is being used to survey the site near Melrose

A clearer picture of Scotland's largest Roman fort is expected to emerge after hi-tech geophysical surveys in the Borders.

Some of the country's leading historical surveyors have descended on Trimontium, near Melrose, to use the very latest in ground penetrating radar.

It's the first time the equipment, which was used recently at Stonehenge as well as at Viking ship burial sites in Norway, has been used at a Roman site in Scotland.

A fort was first built by the invading Roman army at the site beneath the Eildon Hills in about 79AD, and grew in size and importance to support a population of up to 3,000 at its height.

Dr Kayt Armstrong said the survey could ""fill in a lot of gaps"" in knowledge of the site

Trimontium's fortunes mirrored that of Rome's expansion north of Hadrian's Wall and the later retreat with the fort finally being deserted for good in about 180AD.

The fort was only rediscovered in 1846 during the construction of a nearby railway.

Following several 20th Century archaeological explorations and surveys - particularly a major five-year dig between 1905 and 1910 - the size and significance of Trimontium has emerged.

Experts believe that the latest survey on the scheduled site, which is conducted with permission from several heritage bodies, will lead to an even clearer picture of the fort being available for future studies.

Project lead Dr Kayt Armstrong said: ""Despite Trimontium being a well-known site and having had a series of excavations in the past, we don't have accurate information about where some of the previous trenches were.

""The high density radar will let us relocate the excavation trenches from 1910, and allow us to use modern mapping methods to pull them all together and work out how they relate to what's beneath the ground.

""We are hoping, with this fantastic technology, to fill in a lot of gaps.""

Among the key objectives of the surveys is to pinpoint the exact location of the bath-house and principia (principal's building).

The high-resolution images that the radar will produce could also lead to other discoveries.

A group of volunteers has been trained to help with the work

Geophysics expert James Adcock, who has worked on 80 Time Team programmes, is excited by what will emerge.

He said: ""It is very rare that we get onto sites of this status.

""Being able to tie everything onto one model is very important for us.

""Pinning down what has been done before, along with this cutting-edge technology survey, allows us to see Trimontium in a level of detail never experienced before.""

A community aspect has been added to the surveys, with volunteers being trained in using geophysics and analysing the results.

James Adcock said the work would give a level of detail never previously seen

Trimontium Heritage Officer, Rob Longworth, has welcomed their involvement.

He said: ""We will have around 30 volunteers on site.

""The volunteers will be given a rare opportunity to learn how to use geophysics equipment, and with their help we hope to be able to identify the exact site of the bath-house.

""The Trimontium Trust is all about telling stories about the Iron Age in the Borders region, and the Roman occupation.""

He said the surveys would give a better understanding of the site and allow them to provide ""even more stories"" of what happened there.

""With the construction of the new Trimontium museum and this survey taking place, it's an exciting time for all of us,"" he said.

The AOC Archaeology Group surveys, using equipment loaned by commercial company SYGMA, were set to last for about a week.

After that, they will be analysed to see what more they have to say about the area's Roman past.

Archaeological finds celebrated",https://ichef.bbci.co.uk/ace/branded_news/1200/cpsprodpb/15673/production/_123576678_976_gettyimages-139965087.jpg,South Scotland
https://www.bbc.co.uk/news/uk-60593022,Russia oligarchs: The mega-rich men facing global sanctions,President Putin has for years warned Russia's richest to protect themselves against sanctions.,"The UK, EU, and US governments have responded to Russia's invasion of Ukraine with devastating sanctions against the billionaire businessmen perceived to be in President Vladimir Putin's inner circle.

Mr Putin has warned his allies for many years they should protect themselves against such measures, particularly as relations soured with the US and EU countries after the annexation of Crimea.

But while some of those closest to him took his advice and remained invested in Russia, others kept their money in palatial properties overseas and football clubs, and their companies remained listed on foreign stock exchanges.

They now find themselves scrambling to hold on to their assets amid the most comprehensive economic penalties imposed in the modern era. Here's what we know about some of them.

SANCTIONED BY: US, EU, UK

Said to be one of Mr Putin's favourite oligarchs, Alisher Usmanov is also one of the richest, worth an estimated $17.6bn, according toForbes. A former professional fencer, the EU describes him as a ""businessman-official"" who helps the president solve his business problems.

Born in Uzbekistan while it was still part of the Soviet Union, he runs USM Holdings, a huge conglomerate that involves mining and telecoms, including Russia's second biggest mobile network MegaFon.

TheEU announced sanctions against himon 28 February, and theUSandUKhave followed suit. He has called the sanctions unfair and said all the allegations against him were false.

Igor Sechin, left, with Vladimir Putin in 2017

USM Holdings appears to be hoping to avoid EU sanctions as he owns just under 50% of the shares. His superyacht Dilbar, named after his mother, is undergoing a refit in Hamburg and is at risk of being seized.

In the UK, his main visible investments are in property. In London he owns Beechwood House, a Â£65m country house with grounds in the heart of the city, and just outside London in Surrey, he owns a Tudor mansion, Sutton Place. Both have been frozen by UK authorities.

His business partner Farhad Moshiri owns Everton, and Mr Usmanov's companies USM, MegaFon and Yota have been key sponsors at the club, with suggestions his involvement was even closer. Everton suspended the sponsorship deal last week, and Mr Moshiri quit as a USM board member.

SANCTIONED BY: UK, EU

One of the most high-profile Russian billionaires because of the phenomenal success of his football club Chelsea FC, Roman Abramovich was sanctioned later than some others, possibly because he is less obviously influential than other Putin allies.

How influential he is in the Kremlin is much debated. Some suggest he is merely tolerated by Mr Putin, butthe UK believes the two are closeand that Mr Abramovich has made money out of the relationship, being awarded lucrative contracts for the FIFA 2018 World Cup in Russia, for example.

Mr Abramovich strongly denies having close ties to Mr Putin or the Kremlin, butÂ the UK portion ofÂ hisÂ estimated $12.4bn fortuneÂ isÂ now frozen. Just before the UK sanctions were announced, he put Chelsea up for sale for Â£3bn. His Â£150m house in London's Kensington Palace Gardens in London was also reportedly up for sale.

Mr Abramovich made his money in the 1990s and was one of the original oligarchs during Boris Yeltsin's presidency. His biggest break was buying the oil company Sibneft at a knockdown price. His assets include the third-longest yacht in the world, Eclipse, which recently left the British Virgin Isles, heading east across the Atlantic. His otherÂ mega-yacht, Solaris, is in the Mediterranean.

He had started to withdraw from the UK in recent years. In 2018 he decided not to apply to renew his UK visa, and has instead been using his newly acquired Israeli passport to visit London. And while he used to go to every Chelsea home game, in recent years he was rarely seen at Stamford Bridge - and now he is banned from entering the UK.

SANCTIONED BY: US, UK

When President Putin came to power, Oleg Deripaska was immensely rich, his wealth peaking at about $28bn - but he is now thought to be worth a mere$3bn.

Oleg Deripaska, right, with Mr Putin in 2017

He fought his way to a fortune in the 1990s, coming out on top in a vicious battle for the aluminium industry. The US said he was involved in money laundering, bribery, extortion and racketeering, and reported allegations that he had ""ordered the murder of a businessman, and had links to a Russian organized crime group"". He denies the allegations.

He suffered badly in the 2008 financial crisis and needed Mr Putin to bail him out. In 2009, President Putin humiliated him by suggesting publicly that he had stolen a pen. Since then, he seems to have worked himself back into favour and was described in the Mueller report - a US investigation into Russian efforts to interfere in the 2016 US presidential election - as being ""closely aligned"" with the president. When it announced its sanctions, the UK also described him as closely associated with Mr Putin.

He founded a green energy and metals company, En+ Group, which is listed on the London Stock Exchange, but reduced his stake in it to below 50% when he was subjected toUS sanctions in 2018. At the time, one of Mr Deripaska's companies, Basic Element, released a statement calling the sanctions ""groundless, ridiculous and absurd"".

He owns a vast art deco property, Hamstone House in Weybridge, Surrey, which he has been trying to sell for Â£18m but has now been taken off the market. He also owns a yacht, Clio, which was recently seen in the Maldives.

Unlike many sanctioned oligarchs Mr Deripaska has been vocal about his view on the war, taking to social media to call for peace. ""Negotiations need to start as soon as possible!"" he wrote.

SANCTIONED BY: US, EU, UK

Igor Sechin's connections to Vladimir Putin run long and deep, according to the EU which announced sanctions against himon 28 February. He is said to be one of Mr Putin's most trusted and closest advisors, as well as a personal friend, and the two are thought to be in daily contact.

His progress was made through ruthlessly pushing aside opponents - his nickname in the Russian press is Darth Vader. A leaked US embassy cable from 2008 described him as ""so shadowy that it was joked he may not actually exist but rather was a sort of urban myth, a bogeyman, invented by the Kremlin to instil fear"". The US imposed sanctions on him in 2014, which he called ""totally unjustified and illegal"". They announced newsanctions against him on 24 February.

Mr Sechin has spent his career alternating between jobs in politics and business, sometimes holding senior jobs in both at the same time. When Putin was prime minister, he was a deputy prime minister, and now runs the state oil giant Rosneft.

Mr Sechin worked with Mr Putin in the mayor's office in St Petersburg in the 1990s, and is widely believed to have been in the much-feared intelligence service, the KGB, although has never openly admitted it.

Based in Russia, no-one knows how much money Mr Sechin has, but the French have seized a yacht called Amore Vero that was linked to him after his second wife Olga Sechina kept posting photographs of herself on board. They have since divorced.

Beyond that there is little sign he has substantial wealth overseas that could be easily uncovered, and it may be hard to track down and freeze any more of his assets.

SANCTIONED BY: US, UK

Alexey Miller is another old friend of Vladimir Putin's. Something of a grey man, he too has built his career on loyalty to the president, starting when he was Mr Putin's deputy on the foreign relations committee of the St Petersburg mayor's office in the 1990s.

Alexey Miller, right, with Mr Putin in February this year

He has run the immensely powerful state-owned gas company Gazprom since 2001, but it was a surprise appointment and it is widely assumed that he is just carrying out the orders of his old boss. The US ambassador to Moscow in 2009 described Gazprom as ""inefficient, politically driven, and corrupt"".

Mr Miller was not sanctioned after the annexation of Crimea in 2014, but when he wasadded to the list in the US in 2018, he said he was proud. ""Not being included in the first list. I even had some doubts - maybe something is wrong? But I am finally included. This means we are doing everything right,"" he said.

He does not appear to have easily traceable assets outside Russia and there is no information about his net worth.

SANCTIONED BY: EU, UK

The EU describes Pyotr Aven (pictured on the left) as one of President Putin's closest oligarchs, and Mikhail Fridman as an enabler of Putin's inner circle. Together the two men created Alfa-Bank, the largest private bank in Russia.

The Mueller report said Mr Aven met with Putin in the Kremlin about four times a year, saying he ""understood any suggestions or critiques Putin made during these meetings were implicit directives, and there would be consequences for Aven if he did not follow through"".

They were warned by Mr Putin in 2016 to protect their interests from future sanctions. This week the pair stood down from the London-headquartered LetterOne investment group they founded almost 10 years ago because their shares werefrozen by EU sanctions on 28 February. Mr Aven also stood down as a trustee of the Royal Academy of Arts in London.

The two businessmen said they would ""contest the spurious and unfounded basis for the imposition of these sanctions - vigorously and through all means available to them"".

Mr Fridman, thought to be wortharound $12bn, lives in London in a house next to Lord's Cricket Ground and also owns a huge property, Athlone House in north London, that he paid Â£65m for in 2016.

At a London press conference on 1 March, he said the Ukraine war was a ""huge tragedy"" but would not criticise the Kremlin directly saying to do so could put the jobs of hundreds of thousands of employees at risk.",https://ichef.bbci.co.uk/ace/branded_news/1200/cpsprodpb/14B1C/production/_123546748_oligarch_promo_v02_976x549.png,UK
https://www.bbc.co.uk/news/world-europe-60631433,"From Grozny to Aleppo to Ukraine, Russia meets resistance with more firepower","Russia answers resistance with big guns and sieges. Ukrainians pray that will not happen to them, writes the BBC's Jeremy Bowen in Kyiv.","Buildings in Kharkiv in ruins after sustained Russian bombings

As I write this, the centre of Kyiv and much of its suburbs are largely untouched. Sirens and alerts punctuate the day.

Everyone here knows that could change, very quickly. By the time you read this, it might have.

Ukraine's second city, Kharkiv, has already felt some of the force of the Russian way of war. So have Mariupol and other cities in the east.

Russia answers resistance with firepower. Rather than send in men to fight from house to house and room to room, their military doctrine calls for a bombardment by heavy weapons and from the air to destroy their enemies.

Kharkiv and the other cities and towns have suffered grievous damage, and as far as we know many civilian casualties. The seat of Kharkiv's local government was badly damaged in a missile strike that was filmed. Russian President Vladimir Putin might be sending a message to Kyiv - look to the east, because this could happen to you.

The depressing conclusion I've drawn from other wars in which I have seen Russians in action is that it could get much worse.

So far, Mr Putin has not given the order to inflict the kind of damage that Russian forces brought down on Grozny, when the Russian republic of Chechnya rebelled in the 1990s, and in Syria since Mr Putin intervened in force in 2015.

I covered the first Chechen war when it started in the winter of 1994-1995. Just as in Ukraine, the Russian army made serious military blunders in ground operations. Armoured columns were ambushed by Chechen rebels in narrow streets and destroyed. Many conscript soldiers did not want to fight and die.

Before the invasion of Ukraine, military analysts assessed that Russia's forces were now much more professional. Perhaps they are, but Russia's invasion has once again been slowed by logistical bottlenecks, tactical mistakes and terrified teenagers who had not been told they were going to war - as well as resistance as fierce as anything the Chechens offered in 1995.

Chechnya declared independence from the Soviet Union in 1991, and in 1994 Russian forces invaded. The bombing of Grozny was intense

In the second Chechen war from 1999-2000, Russian forces again laid siege to Grozny, and intense fighting lasted weeks

Jeremy Bowen (left) with colleagues Scott Hillier and Steve Lidgerwood reported from Grozny in January 1995

In Chechnya, Russia's answer was to use its firepower. In a few weeks, artillery and air strikes reduced the centre of Grozny, a typical concrete and steel Soviet city, to rubble. I was in Minutka Square, a centre of Chechen resistance, on a day when it was hit by repeated air strikes. Civilians were mostly in cellars, risking death every time they went out to find water or food.

In Minutka Square that day, Chechen fighters were killed by cluster bombs, and buildings set on fire. Twenty-four hours later, the entire main avenue of the city was hit by missile strikes and enveloped in smoke and flame. The ground was shaking where we were filming.

The most devastated places I have seen in years of war reporting, apart from Grozny, were in Syria. The connection is the destructive power of the Russian military.

Mr Putin's decision to intervene in Syria saved the regime of Bashar al-Assad and took a big step towards his objective of restoring Russia as a world power. Two decisive victories over rebels in Syria, vitally important for the regime, were delivered by the ruthless use of Russian firepower.

The first was in Aleppo at the end of 2016. The eastern side of the city, which had been held by a variety of rebel factions throughout the war, fell after it was pulverised by shelling and air strikes. The Assad regime did not need any encouragement to shell Syrians, but the Russians brought a much greater level of destructive power. Strategic bombers based at home and in Iran delivered devastating strikes.

The tactic used in Syria was to encircle and besiege rebel-held areas, pound them from the air and from artillery batteries, and in the end exhaust the defenders and any civilians who had not managed to escape. Many of them were killed.

In a devastated street in Aleppo in January 2017

In Eastern Ghouta in Syria in June 2018, with BBC cameraman Nik Millard

When I was able to drive through Eastern Aleppo a few weeks after it fell, destruction went on for mile after mile. I couldn't see a building that was untouched. Entire neighbourhoods were left in ruins. Streets were blocked with mountain ranges of rubble.

I saw the same tactics work in Eastern Ghouta, a string of rebel held towns and farmland on the edge of the Syrian capital. Its capitulation in 2018 was the end of the battle for Damascus, that had looked at first as if it could go the rebels' way. That changed after the US decided in 2013 not to strike the Assad regime when it used chemical weapons in Douma, one of the area's towns. The long fight turned decisively in the regime's favour after Russia entered the war in 2015.

Eastern Ghouta's defenders dug an underground tunnel city to escape the air strikes and shelling. But siege and overwhelming firepower wins battles. That is because defenders get killed and exhausted, and civilians, however defiant, are subjected to such fear and misery that they welcome the respite that surrender brings.

In Kyiv, one of the big questions on everybody's minds is whether they are going to get the treatment meted out not only to Kharkiv, Mariupol and the rest, but also to Chechnya and Syria.

Will the sanctity of Orthodox shrines create the restraint that was absent in attacks on Muslims in Chechnya and Syria? Putin himself has written about Ukraine's significance in Russia's history. Will he be prepared to destroy Ukraine to regain it? If sanctions and Ukrainian resistance threaten his regime's stability, will he take more extreme measures?

The record shows that the Russian military compensates for weaknesses in the capabilities of its ground forces by turning to the big guns. Ukrainians are praying that will not happen here.

Kharkiv residents told the BBC that attacks on civilian targets made them feel like they were living in hell

THE BASICS:Why is Putin invading Ukraine?

SCENARIOS:Five ways the war in Ukraine might end

INNER CIRCLE:Who's in Putin's entourage, running the war?

IN DEPTH:Full coverage of the conflict

The Russians leaving their country for Finland

European peace seems as fragile as ever

Can China do more to stop Russia's war on Ukraine?",https://ichef.bbci.co.uk/ace/branded_news/1200/cpsprodpb/18685/production/_123537999_zzz1200super-gettyimages-1238903495.jpg,Europe
https://www.bbc.co.uk/news/entertainment-arts-60562041,Jane Campion: Power of the Dog director thrilled with her Hollywood comeback,The award-winning director is championing women in Hollywood after a break away from the big screen.,"When Oscar-winning filmmaker Jane Campion signed up to adapt Thomas Savage's 1967 novel The Power of the Dog, she deliberately sought out a female cinematographer to work alongside. Specifically Ari Wegner, a name you're going to be hearing a lot more often from now on.

It may be 2022, but the combination of both a female director and a female director of photography is still a rare occurrence in Hollywood.

The pair combined to create an unsettling and menacing westernwhich tackles toxic masculinityand stars Benedict Cumberbatch as complicated, malevolent cowboy Phil, who forms an unlikely friendship with a younger man, Pete (Kodi Smit-McPhee).

The film isleading the pack at this year's Academy Awardswith 12 nominations, including best picture, best director and best cinematography - Wegner could be the first woman to win the latter.

For many, that female recognition is cause for celebration after the so-called ""male gaze"" has dominated Hollywood for so long.

But is there such thing as ""the female gaze"" and if so, what does that bring to a traditionally male genre like a western? Campion, who is now the first woman to be nominated for two best director Oscars, isn't sure.

""It's so hard to know how much to believe in the female gaze or the male gaze,"" she tells the BBC. ""I think, to me, it's really the artist's gaze, bringing your sensitivity to the story. [But] I really wanted to have a woman cinematographer on this film, because there's so many other men and I really like to support women.""

Benedict Cumberbatch is one of the favourites for best actor at next month's Oscars

Wegner, who previously worked with Campion on a commercial, told the BBC's culture editor Katie Razzall: ""There probably is a gender element to it, but it's also just what interests you, what your upbringing is, what you notice.

""And I think maybe Jane and I are similar in that way, really fascinated by subtle kinds of energy between people and what's not being said.""

Campion says it's thanks to the film's ""feminist"" producer Roger Frappier that she got on board with the project in the first place after a meeting in Cannes.

""It's very lucky that he really trusted me with this story, which you would think is a book for the kind of big-guy type of person that would handle ranch material - even though I do ride horses, and my parents did have cattle on the farm (Campion grew up in New Zealand).

""I was grateful to him for believing in me. And I was grateful to Savage's book, which is kind of subversive... when you think about most western genre movies, they're really a kind of celebration of masculinity in one way or another... and often a romanticised version of what a man is.

""In Savage's hands, he ripped through it really, and showed us a very true and different version.""

Wegner and Campion spent a year prepping for the film - usually it's a few weeks

His version is one Campion and Cumberbatch have faithfully brought to life on screen through the latter's swaggering, snarling and insidious presence.

The film also stars real-life couple Jesse Plemons and Kirsten Dunst as Phil's brother and his wife Rose, who is also Pete's mother.

The film is Campion's first in more than a decade and has been largely well received by critics, withThe Guardian's Peter Bradshawdescribing it as ""one of Campion's best"" andEmpire's Beth Webbnoting that while the ""narrative here feels somewhat underdeveloped... Campion remains a master of sensory storytelling"".

The Netflix film is another feather in the streaming giant's cap, butCumberbatch recently told Vanity Fair he wished the film had enjoyed a longer cinema release(it had a finite two-week run before it headed exclusively to Netflix).

Campion concurs.

""I'd have loved it to have been out in the cinema for longer but that wasn't the plan that Netflix had. However, I would have to say that we wouldn't have made the film at all without Netflix. They were the only people that were willing to pay what this film cost to make and they are incredibly supportive.""

The power of the Dog premiered at the Venice Film Festival, where Campion won the Silver Bear

She adds that Netflix are now putting the film out in cinemas again ""because of the 12 nominations that we got and you know, the general interest in it and people wanting to see it on a big screen"".

Campion also points out that streaming brings the film - which is essentially an arthouse one - to a bigger and wider audience, making it more accessible. And she's delighted with the attention it's getting, including the awards buzz.

""I'm kind of thrilled. I feel like I've had kind of a comeback. I do feel really quite moved. People in the Academy have voted for so many categories.""

She also understands it has greater significance for women in the industry as a whole after the shockingrevelations about the abuse of women in Hollywood including the Harvey Weinstein scandal.

""I really feel that the MeToo movement changed everything. I think it was a very dark time in the late 90s. And up to about 2015. It was almost as if nobody was hearing the fact there was such a depth of inequality.

""And when those brave ladies shared their stories... everybody woke up and went: 'It's really been impossible, and it's incredibly unequal, and we're not going to have it.'

""It's just not OK to have so little representation of women in film and TV. I think women are doing so well. It's no longer charitable to be employing women. And that's the big change. We want to be recognised because we are really good!""

The film was shot in New Zealand

Wegner is also blazing a trail on the awards circuit. As well as the Oscar nomination, she is the first woman ever to receive a Bafta nod for best cinematography.

""I think the visibility really matters because everyone's the harshest critic of their own work, but it is something very meaningful to be recognised by your peers,"" she told Razzall.

The Australian says she was ""so naÃ¯ve"" when she first decided to go into her field.

""I had no idea that it was not a job that women usually did. It wasn't really until later in film school that I heard this term female cinematographer. And it slowly dawned on me that there were very few but... it was too late. I'd already decided [my career].""

The most recentannual Celluloid Ceiling reportfound that women comprised 21% of all directors, writers, producers, executive producers, editors and cinematographers working on the top 100 grossing films in 2020, up from 20% in 2019. Women alsomake up 50%of movie-goers.

Campion says: ""We just have to keep going this way. It can never go back to what it was. It was a really dark time when people didn't want to see what women thought or made films about but now there's a real appetite amongst audiences, men and women.

""Netflix are actively seeking to keep their ratio of material made by women up. It's acts like that that make a real difference.

""And hiring Ari for an ambitious film like this one. Is that a risk? Well, I don't think it was a risk. She's really talented. All she needed was people that believe in her and to give her that opportunity, supporting her to make sure she does succeed. And she did succeed. Brilliantly.""

The Power of the Dog leads Oscar nominations",https://ichef.bbci.co.uk/ace/branded_news/1200/cpsprodpb/E89C/production/_123484595_gettyimages-1375349364.jpg,Entertainment & Arts
https://www.bbc.co.uk/news/world-europe-60633888,BBC Ukrainian editor: 'My mother called to say she'd managed to buy bread',"In the second week of war, the BBC's Ukrainian editor says empty shelves are an increasing reality.","We are now well into the second week of this war, and I've noticed that I don't cry any more.

I start the day reading the overnight news, counting new blasts all around Ukraine. A couple of days ago, I woke up to reports of major rocket strikes in Kyiv, near where my dad lives. It took me 10 minutes to pluck up the courage to call him, to ask if he and his partner were all right. They were, and I experienced a wave of relief.

When I see horrible pictures of destruction in Kyiv, and Russian tanks in towns and villages just outside, I think of these once-quiet places, where our friends have their dachas, or country cottages. We used to visit them with our kids, we had barbecues, and sipped wine in cosy armchairs. Some of those towns have now been destroyed by heavy fighting and artillery.

At the start of the war, one thing that did bring tears to my eyes was a message on an app for events in Kyiv. It was a list of things that would not happen that day - concerts and exhibitions, events that now seem like something from a previous life. These apps now provide different kinds of information - notifications about air raids, lists of supermarkets with food and pharmacies with medicine.

Marta Shokalo on fleeing Kyiv

Marta Shokalo on the day Russia invaded

My mother is more worried about how to get food for her dog and cats than for herself, but she called me the other day just to happily announce that she had managed to buy two loaves of bread! This is in a city where food used to be available in great abundance.

That is more shocking for me than pictures of burned-out Russian tanks. Food shortages and empty shelves are our reality now. People share information on where you can buy and what. Some shops have shortages, but at the same time there is always enough for those who are in need. Restaurants prepare free food for soldiers, people who lost their homes or anyone who needs it.

People in Kyiv wait in line to go food shopping

My 10-year-old son is not going to school, even online. Some teachers have stayed in Kyiv, others have left. His classmates have fled to the countryside or abroad. They chat on Zoom, playing games and pretending to be hackers who fight for Ukraine. One of the chats they have set up on a messaging app is called ""war matters"".

Every day, Ukrainians face the decision of whether to stay or to leave.

During the first week of war, almost a million packed their bags and left Ukraine to become refugees. That number is rising fast. But many others have decided to stay, at least for now. Famous singers, artists and sportsmen have enrolled in the army. Millions of Ukrainians have become volunteers, trying to help those in greatest need.

It feels like Ukrainians have become one big family where every member is trying to help, in any way they can. Those who can fight, fight. Those who can cook, cook. Those who can deliver, deliver. I heard a heart-breaking story from Kherson, the first city seized by Russian forces, where an elderly man without legs and fingers became a volunteer.

Now every town and village has checkpoints, made of sandbags, cement blocks and cut trees. Armed men - young professionals who fled Kyiv, local farmers or pensioners - check the documents of anyone entering.

The village where I am staying has two checkpoints, manned by local men who take turns to operate them 24 hours a day. They have hunting rifles, and some carry knives or axes. They are ready to protect their small communities with everything they have.

This sense of unity has never been so strong among Ukrainians. The country is full of activity like a beehive, producing hope for victory.

THE BASICS:Why is Putin invading Ukraine?

TACTICS:Russia meets resistance with more firepower

OLIGARCHS:The mega-rich men facing global sanctions

IN DEPTH:Full coverage of the conflict

Are you personally affected by the issues raised in this story? If it is safe to do so email.

if you are willing to speak to a BBC journalist. You can also get in touch in the following ways:

Upload pictures or video

you will need to to submit your question or comment or you can email us at. with any submission.

BBC Ukraine editor: There is no safe place any more

BBC Ukrainian editor: My son and I packed, and just left Kyiv",https://ichef.bbci.co.uk/ace/branded_news/1200/cpsprodpb/11AC0/production/_123548327_marta.jpg,Europe
https://www.bbc.co.uk/news/world-europe-60626536,War in Ukraine: Russian invasion fuels Finnish support for Nato,President Putin's devastating attack on Ukraine leaves countries in the region worried about their future.,"Russia's devastating attack on Ukraine has left countries in the region concerned about the future

Russia's invasion of Ukraine has sent shivers of fear through many of its neighbours - from the Baltic states to Moldova.

Finland ought theoretically to be safe, since it has historically been neutral and gave Stalin's Soviet army a hard time when he invaded the country in 1939.

There has never been much support here to join the Nato military alliance. But when the spokeswoman for the Russian foreign ministry recently warned Finland and Sweden explicitly that any move towards Nato could have military consequences, people in both countries were deeply shocked.

Since then, Russian warplanes have blatantly intruded into Swedish airspace.

If being neutral is not sufficient to guard against Russia, people here are saying that maybe joining Nato will give the two countries the protection they need.

This represents a major change of mood. In Finland, particularly, relations with Russia were thought to be pretty good.

The Ukraine invasion has changed everything.

LIVE:Latest updates from on the ground

THE BASICS:Why is Putin invading Ukraine?

SCENARIOS:Five ways the war in Ukraine might end

INNER CIRCLE:Who's in Putin's entourage, running the war?

IN DEPTH:Full coverage of the conflict

A few days before the Russian troops moved in, Aleksi Salonen and Sampo Muhonen, a couple of geeks - their own description of themselves - were sitting in a Helsinki flat gaming. During a pause, they started talking about the growing threat from Russia, and agreed that it would be safer for Finland to apply for Nato membership.

They mentioned the idea to three friends online, and between them the five cooked up a plan to collect signatures for a petition to the Finnish parliament.

In order to launch a debate by MPs, a proposal has to have 50,000 signatures. Within 10 days they had reached 70,000.

They had touched a nerve in the Finnish population, and now the matter will be put to the government. The latest opinion polls indicate that a majority of people support the idea.

Finland is a cautious country, and its government is particularly so. When I asked Defence Minister Antti Kaikkonen for his views, he was careful not to give an answer. He acknowledged the situation was difficult, but said that joining Nato was something that required very careful consideration.

Perhaps the Finnish government wants to see what happens in Ukraine before it makes up its mind. Clearly the Russians won't invade another country when their hands are full with the fighting in Ukraine.

Last week, Finnish President Sauli Niinisto discussed strengthening security ties with US President Joe Biden

Viewed from Finland, there are some striking similarities between the attack on Ukraine and the invasion of Finland in 1939 - the Winter War, as it's known.

Joseph Stalin, full of self-confidence, sent his army into Finland only to find that its resistance was far greater than his generals had assured him. The Finns staged a largely guerrilla war against an army which was huge, but whose morale had been seriously damaged by the treason trials of a year or so earlier, in which the majority of the most senior figures were purged and executed.

The Winter War dragged on for months before negotiations finally began and an agreement was reached. Russia took some territory from Finland, but the Finns kept their independence - and have done so ever since.

The invasion of Ukraine has similarly been mismanaged. The logistical side was botched from the start, with too little fuel, food and water supplied to the troops - many of whom had been assured they were only carrying out an exercise.

Western analysts say even maps were in short supply, with tank drivers often having to stop to get directions. This was not by any means a Blitzkrieg, and the prerequisite for any modern war - the destruction of the enemy's communications - simply never happened.

None of this means that President Vladimir Putin won't win in the end.

He has already assured France's President Macron that he will go on until he takes the whole of Ukraine. The danger is that if he cannot do it with his conventional forces, the temptation will be strong to use his tactical nuclear weapons to force Ukraine to surrender.

Russian nuclear theory seems to regard this as an acceptable risk; Western experts are much more worried by the possibilities. There can be no certainties if that threshold is crossed.

Russia claims to have invaded Ukraine because it wanted to save the Ukrainian people from neo-fascism. What President Putin really seems to want to ensure - apart from avenging what he sees as Ukraine's treachery in breaking away from Russia - is that there is no question of Ukrainian President Volodymyr Zelensky joining Nato.

In fact, that genuinely doesn't seem to have been a possibility within the foreseeable future.

But there is a real irony in the fact that the war in Ukraine now seems to be giving Finland - and perhaps Sweden - real cause for considering whether they should join the Western military alliance.

The Russians leaving their country for Finland",https://ichef.bbci.co.uk/ace/branded_news/1200/cpsprodpb/17F7E/production/_123547189_gettyimages-1238945062.jpg,Europe
https://www.bbc.co.uk/news/uk-wales-60590685,Identity: What does it mean to be Welsh?,"Two writers on being Welsh when your appearance does not ""match an accepted aesthetic of Welshness"".","Two writers share their experiences of being Welsh when your appearance ""does not match an accepted aesthetic of Welshness""

Rugby, rolling hills, castles, coal and choirs - these are some of the images often associated with Wales and the Welsh.

But what are the experiences of Welsh people who have plural ethnic and cultural identities?

What preconceptions might a black child face in rural Powys or a hijab-wearing Muslim face in Cardiff?

Welshness should be seen as ""a spectrum rather than a hierarchy... a patchwork quilt"", said writer Hanan Issa.

She is one of a number of contributors to book Welsh Plural, a collection of essays ""on the future of Wales"" that offers ""imaginative, radical perspectives that take us beyond the clichÃ©s and binaries that so often shape thinking about Wales and Welshness"".

Writer Kandace Siobhan Walker and her family moved to the Brecon Beacons when she was a child

Writer and filmmaker Kandace Siobhan Walker, 27, said when she and her family moved from east London to Brecon Beacons National Park, Powys, in 2003 they were ""poster children for multiculturalism, for globalisation"".

From the age of nine until she left for university at 18, home was a remote house at the end of a bridleway.

She said it was difficult finding anyone who knew how to work with afro-textured hair so a hairdresser from over the border in Hereford would travel to see the family at home, her mother, who remains in the family home, found a man in Bristol who could order in Jamaican ingredients, and finding somewhere that stocked her favourite Caribbean drink sarsaparilla was a regular mission.

Kandace and her family, pictured in 2003, shortly after their move to Wales

In her essay, Lights in the Dark: Notes towards a personal history of Wales in the 21st Century, Kandace writes about being ""tolerated nowhere, questioned everywhere"".

Asked about what experiences led her to write those words, she recalled a time when she was 14 and a woman stopped her in a supermarket carpark.

Afro hair discrimination should be treated as racism, say MPs

Black and multi-racial business owners on the hurdles they face

BBC Wales hasn't made enough progress on diversity, says director

""She asked me what tribe I was, I was like, 'what you're talking about?',"" she said.

She said hikers were often surprised to see a young black girl in the rural Welsh hills: ""Even if I was just in my own garden, walkers would be thinking I'm another walker - and I'm like, 'I'm in a dressing gown'.

""There's that implicit idea, 'why is she here?'""

Writer Kandace Siobhan Walker says she has hope and pride in Wales and Welsh culture

She also writes about the ""everyday dispossession"" of white strangers asking 'where are you from?' - ""a classic"".

""It's a very loaded question and I think people know that,"" she explained.

""'You come from somewhere else, maybe your family comes from somewhere else, or like your ancestors do' they know that history is fraught and so it feels often quite entitled... 'what trauma do you come from? Like, what's gone on there?'""

She said by the time she got into her 20s she started simply saying, 'I'm from here'.

""I don't want to get into it with strangers usually.""

Kandace Siobhan Walker says white walkers would often assume she did not live in the rural Brecon Beacons

She said when a black person asks the same question ""it's almost always a completely different conversation because they're going to tell me where they're from"".

""It's more like an excitement, we're going to compare, take out our little family histories and be like 'look how kind of similar bit different they are'.""

She said white people who ask her where she is from have usually ""decided their history is kind of ubiquitous and uninteresting that they don't need to explain themselves to me"".

Kandace, who now lives in south London, said she wrote her contribution to the book at a time when she was thinking more about ""purposely identifying as Welsh"" and ""who decides that"".

Kandace Siobhan Walker lived in Wales between the ages of nine and 18

""What happens if I start telling people I'm Welsh and just letting them argue it out for themselves,"" she said.

She said for a long time she was ""trying to let it not matter too much where I came from, or who I came from in terms of people - but eventually I just realised it was such an integral part of my life - my dad's family are African American and my mum's family are Jamaican Canadian...

""We moved to London but then moved to Wales so we've never fitted into a specific like pattern or group in terms of eras of migration.""

She said through her writing she had realised ""how much it meant to me to have grown up in Wales and be Welsh"".

""I think Wales is just a fundamentally plural place, a place built on pluralities in its history and its culture and its language,"" she said.

""Despite kind of negative experiences I've had growing up, or even now, I always have hope and quite a lot of pride in Wales and Welsh culture.""

Writer Hanan Issa says people's perception of Welshness is too narrow

Writer Hanan Issa, 35, from Cardiff, said is was a discussion about the ""frustrations of how narrow the perception of Welshness is"" at the Hay Festival with three other Welsh writers that eventually led them to work on the book.

She said she had always had a ""plural perception of identity"".

""I'm mixed race, I've got Welsh heritage and Iraqi heritage,"" she said.

She said people had sometimes assumed she was not Welsh because of her appearance.

""Not so much recently, but you know I have had experiences where people will say things like 'oh your English is very good'.

""It doesn't work, this idea that you have to look Welsh.""

In her essay - Have you heard the one about the niqabi on a bus? - she recalls times people have ""faced abuse because their outward appearance doesn't align with people's perception of Welshness"".

She writes about the time her white mother, who was wearing a niqab, was abused by a man in Cardiff indoor market.

""Looming over her, he shouted in a Cockney accent, 'Why don't you go back to your own country'.

""Without missing a beat my little nan squared up to this bully saying, 'she's my daughter and she's Welsh but you are not. Why don't you do us a favour and go back to your country?'""

She concludes the anecdote: ""While it is a story of triumph, Nan's defence relied on my mum's white Welshness to emphasise her right to belong here.""

Hanan says some people have sometimes assumed she is not Welsh

Hanan said there was a ""very strange, luminous space between being seen as something foreign but having all these experiences that were very Welsh"".

So, what does it mean to be Welsh?

Hanan said an integral part of Islamic faith is ""khalifah"", meaning caretaker.

She wrote: ""Perhaps Wales and Welshness belongs to all those who care for her and the people who call her home.""

THE STORY OF MIWSIG:Eleri Price and Huw Stephens time travel with Welsh language pop

MARGINS TO MAINSTREAM:Michael Sheen introduces new writers revealing their truths

Campaigners call for afro hair discrimination to be treated as racism

BBC Wales 'hasn't made enough progress on diversity'

What hurdles do black women in business face?",https://ichef.bbci.co.uk/ace/branded_news/1200/cpsprodpb/9356/production/_123481773_hanan2.jpg,Wales
https://www.bbc.co.uk/news/world-asia-india-60491095,Why Indian fathers are embracing paternity leave,The pandemic and changing family structures have highlighted how young parents are struggling with childcare.,"Twitter chief executive Parag Agrawal said last month he would take time off for his second child's birth

It really does take a village to raise a child and Rehan Khan, 35, will tell you it doesn't get easier or less chaotic with time or experience.

A marketing manager based in the southern Indian city of Bangalore, Mr Khan welcomed his third child during the lockdown in 2020.

This time, his parenting experience was markedly different. The tech company he works with had increased paternity leave from one to three weeks. His wife, a contract worker for a US-based tech company, was able to take 15 weeks of leave.

The first month was tough, Mr Khan said, as sleep patterns changed and the baby needed constant attention.

""My wife would be with the baby until 03:30 and then I would take over. Carry him around, play with him, rock him,"" he said.

But it helped that both he and his wife worked from home, his parents stayed with them to help and they were financially well off enough to move into a bigger apartment.

Paternity leave: The hidden barriers keeping men at work

Mr Khan called the experience ""blissful"" but was quick to point out that stories like his were rare and one of privilege - as few Indian companies worked around a couple's childcare needs.

""I am very lucky to have a manager who's not an Indian, and his boss is American. It makes a difference because they are much more sensitive about this,"" he said.

India's federal and most state governments allow married male employees to take a fortnight's leave at the time of, or within six months after, the birth of a child.

Himanshu Dhanda feels a month of paid leave would help fathers a lot

In comparison, Indian women working in state-run and private companies are entitled to 26 weeks of paid leave, one of the longest in the world. But there is still no nationwide policy for paternity leave.

Some private companies have begun to offer paternity leave for fathers, adoptive parents and LGBT couples. Tech companies give a decent amount of paternity leave to help them recruit and retain talent. Drinks giant Diageo allows all eligible employees a 26-week parental leave irrespective of gender or sexual orientation.

Last month India-born Twitter chief executive Parag Agrawal's announcement that he would take a few weeks off after the birth of his second child had Indians talking about paternity leave. Indian tech companies and start-ups that offered generous leaves highlighted their policies.

In India, joint families - where multiple generations form one household - have played a significant part in childcare. But this is slowly changing with more children being born in nuclear families.

Will new maternity law help keep Indian women in work?

Himanshu Dhanda, a federal government worker, said a cultural shift was visible in his current workplace where senior male colleagues called him ""lucky"" for being able to take leave for his child's birth which they said wasn't available in their time.

Mr Dhanda's father, a retired government employee, had been mocked for trying to take paternity leave three decades ago. ""He told me his colleagues said, 'It's the mother who'll feed the child. What is your work there?'"" Mr Dhanda recounted. His father was able to take just seven days.

Mr Dhanda said that a month of paid leave for fathers would help a lot. ""Especially with people like us who have no experience, it is very challenging. A lot of unexpected things happen. You are just running around figuring things out like the baby's sleep, the mother's physical and emotional health,"" he said.

Sreeparna Chattopadhyay, an associate professor of sociology at Pune's Flame University, believes India should have a statutory shared parental leave policy, similar to Sweden's, which would be completely inclusive and not limited to biological parents.

""If you don't have something enshrined in a statutory way, then there is really no obligation to carry it out, right? And [with its current policy] the state is signalling in some way that they care about the fact that parenting is a shared responsibility,"" she said.

India coronavirus: Pro tips on parenting in pandemic

Millennial men demand better parental leave

Will new maternity law help keep Indian women in work?",https://ichef.bbci.co.uk/ace/branded_news/1200/cpsprodpb/12AF8/production/_123463567_agrawal-child-ansh-wife-vineeta2018-.jpg,India
https://www.bbc.co.uk/sport/football/60641764,Manchester United players 'not good enough or don't care' - pundits react to derby defeat,Manchester United legends savage the club's performance in their 4-1 derby defeat by Manchester City.,"'Foden sets the tempo' - how Man City 'steamrollered' Man Utd

""Too many players are not good enough or don't care enough.""

Peter Schmeichel was just one of manyManchester Unitedlegends horrified at their4-1 derby defeat at Manchester City.

Kevin de Bruyne and Riyad Mahrez scored twice each in a City masterclass, with Jadon Sancho having levelled for Ralf Rangnick's United at 1-1.

United were completely outclassed, only forcing Ederson into one save, and could have lost by more - Phil Foden hitting the post with one of their many chances.

Former United goalkeeper Schmeichel, who also played for City, was watching the game for BBC Radio 5 Live and said: ""I thought Rangnick should have changed things at half-time. He may have had words, but the second half was worse. At no point were United in the game apart from on the scoreline.

""Far too many players are either not good enough, or don't care enough. Having an interim manager means he can't do much. He knows he's not going to be there, so what can he change?

""Manchester Citywere majestic, but they haven't had to work that hard for it and I think that will hurt United most.""

'Man City prove a point to anyone who doubted them' - MOTD2 analysis

Football Daily podcast: Man City's derby stroll leaves Man Utd feeling blue

Allow X content?

This article contains content provided by X. We ask for your permission before anything is loaded, as they may be using cookies and other technologies. You may want to readXâs cookie policyandprivacy policybefore accepting. To view this content chooseâaccept and continueâ.

It's not a surprise that Man City are top of the league - Rangnick

Schmeichel's former United team-mates Roy Keane and Gary Neville went further on Sky Sports.

Keane said: ""United gave up and in a derby, in any game, it's unforgivable.

""I can forgive mistakes, but not running back, not trying to tackle - there are players out there who shouldn't play forManchester Unitedagain.

""We've all lost football matches but it's the way they lost. You expect them to play with a bit of pride but that's a reflection of where the team is at the moment.

""If you can't run back and put your body on the line when you're playing forManchester United, it's shameful.""

He also accused midfielder Fred of ""looking like he was waiting for a bus instead of going for the ball"" before De Bruyne's second.

Keane continued: ""Who's running that dressing room? These guys seem more bothered about, 'how am I looking? How's my hair looking? Are my boots nice?' You leave your ego at the door when you play for United.""

Harry Maguire (l) was given an average rating of 2.19 by BBC Sport readers

The Red Devils did not have a shot in the second half and are outside the Champions League places, a point behindArsenalhaving played three games more.

And Neville reserved his most forceful criticism for how United finished the game, labelling the final 25 minutes a ""disgrace"".

""After the third goal went in, City had 92% possession,"" he said. ""That's unprecedented, that's unheard of and it's unforgiveable.

""The dressing room isn't broken, but it isn't far off. You find out what it's like when the going gets tough and a lot of them went missing.""

BBC pundit Chris Sutton said United were ""embarrassed"" by their city rivals.

Rangnick has won only eight of his 18 games in interim charge, with a permanent successor for Ole Gunnar Solskjaer likely to be named this summer.

""It is a difficult game that shows we have a long way to go to close that gap,"" said Rangnick.

""Everyone knows how good they [City] are. They are one of the top teams in the world and there is a gap between the two teams.""

Liverpoolare six points behind City now and ex-Reds midfielder Jamie Redknapp suggested his old side would be angry with what he saw as United's lack of fight.

""Manchester Cityhave created a team and thought about the players to make it. United have thrown money at the team and hoped to find a team. It's not working,"" he said.

""It takes time and it takes the right culture but at the moment United are a million miles off. If I was [Liverpoolmanager] Jurgen Klopp watching that I'd be fuming.

""United didn't even try. There was no idea and no structure.""

Man City 4-1 Man Utd: Pep Guardiola says his side were excellent throughout

Meanwhile,Manchester Citymanager Pep Guardiola said: ""The second half was one of the highest levels we have played at in years.

""I'm not from Manchester, but I know what it means to our fans to win the derby. We should have scored more goals.""

He also admitted that United had caused his team problems in the first half.

""It was so aggressive, the mentality for Ralf,"" he said. ""Without Cristiano [Ronaldo] they can do it [press aggressively]. We struggled to make it up. The first half we had more chances on the counter attack.

""In the second, Bernardo [Silva] was more involved, the movement from everyone was excellent and we played really good. Our decision making during the game was good and that's why we won the game.""

Mahrez, who scored twice, told the BBC: ""We totally controlled the second half. When we are like that, it is difficult to take us. We have confidence in our football, but we are taking it game by game.""

BBC Sport Premier League

Manchester United official site",https://ichef.bbci.co.uk/ace/branded_sport/1200/cpsprodpb/167E9/production/_123573129_maguire-lindelof-reuters.jpg,Man Utd
https://www.bbc.co.uk/sport/cricket/60617043,England in West Indies: Ollie Robinson ruled out of first Test with back injury,England seam bowler Ollie Robinson has been ruled out of the first Test against West Indies with a back injury.,"Ollie Robinson has taken 39 wickets in nine Test since making his debut against New Zealand last year

West Indies v England, first Test

Venue:Sir Vivian Richards Stadium, AntiguaDates:8-12 MarchTime:14:00 GMT

BBC coverage:Live text commentary on BBC Sport website & app; daily Test Match Special podcasts

England seam bowler Ollie Robinson has been ruled out of the first Test against West Indies with a back injury.

Robinson, 28, left the field because of a back spasm on the third morning of England's warm-up against a Cricket West Indies President's XI in Antigua.

He did not return to bowl on the fourth and final day on Friday and will now miss the first Test in Antigua, which starts on Tuesday.

Saqib Mahmood has taken Robinson's spot in a 12-man England squad.

England's likely seam attack for the first Test will be Mark Wood, Chris Woakes and Craig Overton, but Lancashire's uncapped Mahmood could be chosen for the fourth bowler spot in place of Jack Leach's left-arm spin.

England's final team will be confirmed at the toss on Tuesday.

""Ollie is a talented bowler. Naturally he'll be a big miss,"" said Woakes.

""He's shown in his short Test career so far that he's certainly got the skills and the ability to do good things in the format. At the same time, it gives people opportunities.

England in the West Indies - schedule

""We're trying to win games cricket here, but it does give that chance to someone to potentially make their Test debut who's been waiting in the wings for quite a while to show what they can can do at this level.""

England dropped James Anderson and Stuart Broad, their top two leading Test wicket-takers, for the West Indies tour, with Robinson set to be a key part of the attack in their absence.

Neither Anderson, 39, nor Broad, 35, are expected to join the squad if Robinson is ruled out of the series, with Warwickshire seamer Liam Norwell, 30, the first reserve.

Joe Root (captain), Jonny Bairstow, Zak Crawley, Ben Foakes (wicketkeeper), Dan Lawrence, Jack Leach, Alex Lees, Saqib Mahmood, Craig Overton, Ben Stokes, Chris Woakes, Mark Wood

Covid pseudoscience?Delve into the conspiracy that gripped a picturesque British town

How can you combat brain fog?:Free and simple steps to give your brain a boost

England and Wales Cricket Board",https://ichef.bbci.co.uk/ace/branded_sport/1200/cpsprodpb/226C/production/_123521880_gettyimages-1377682024.jpg,Cricket
https://www.bbc.co.uk/sport/football/60641470,"Garth Crooks' Team of the Week: Coutinho, De Bruyne, Havertz, Saka",Who is a candidate for manager of the season? Who could play until he's 40? And who is back to their best? Find out in Garth Crooks' latest Team of the Week.,"Premier League leadersManchester Cityresponded toLiverpool's victory overWest Hamby thrashing derby rivalsManchester Unitedon Sunday.

Pep Guardiola's defending champions recorded a4-1 home win to go six points clearat the top, after Jurgen Klopp's sidecontinued their title challenge with a 1-0 winon Saturday.

Arsenalbeat Watford 3-1 to move into fourth placewhileChelseamaintained theirgrip on third by beating Burnley 4-0.

Newcastleeased their relegation concernswith a 2-1 win over Brighton, as didBrentfordwith a 3-1 win at Norwich City, butLeeds Unitedcould not improve their situation as manager Jesse Marsch's first game ended in a1-0 defeat by Leicester City.

Elsewhere,Aston Villarecorded an emphatic4-0 victory against Southampton, andCrystal Palacebeat Wolves 2-0.

But what you want to know is: who made my Team of the Week? Check it out below and then make your own selections at the bottom of the article.

Kasper Schmeichel's save from Jack Harrison was decent, and the other from Daniel James was better, but the stop with his legs from Raphinha, who had the goal at his mercy with the keeper on the ground, was not only brilliant but a game-changer.

Schmeichel's performance against a rejuvenatedLeedswas crucial. Leicester's form has been erratic recently whileLeeds, under new management, were in the mood to prove a point.

Sadly their finishing wasn't up to it. I do wonder what Don Revie and Billy Bremner would have said about an American managingLeeds Unitedin the top flight, in what is rapidly becoming a relegation battle.

Did you know?Leicester City registered back-to-back clean sheets for the first time since February 2021.

Fabian Schar:Last week Fabian Schar was making goals, this week he's scoring them. It was great movement and a brilliant header and the Magpies are flying.

It's the second consecutive time that Schar has made my team of the week and if he keeps on playing like this he might make my team of the season.

It's not that long agoNewcastlewere in the bottom three and fighting for their lives. I don't know who is advising the new owners but they have got all the major decisions absolutely spot on since their arrival at St James' Park. As for Eddie Howe, he must be a candidate for manager of the season.

Did you know?No team is on a longer unbeaten run in the Premier League thanNewcastle, who are without defeat in their past eight games in the competition.

Thiago Silva:Aaron Lennon had done brilliantly to get to the byline and pull the ball back for Wout Weghorst but theBurnleycentre-forward's shot was kicked off the line by Thiago Silva.

The defender's positioning on the goalline was absolutely perfect. Not only did he save Edouard Mendy, who looked like he had been caught out of position, but he enabledChelseato keep a clean sheet.

Whoever's idea it was to bring Silva toChelseais a genius. The man is 37 years of age and looks like he could play in the Premier League until he's 40.

Did you know?Chelseahave won their past three Premier League games, having won just three of their previous 11 in the competition prior to this run.

Joao Cancelo:The tackle on Anthony Elanga in the second half as the game was starting to get interesting was emphatic. For a defender who doesn't know a great deal about Manchester derbies, Joao Cancelo certainly let Elanga know he was in a game.

If Aaron Wan-Bissaka was having trouble down their right side with Phil Foden, then Cancelo had Elanga in his pocket.

Big games require big players but I was alarmed by Paul Pogba's poor contribution in this one. If ever a fixture was made for him, this was it - and he allowed it to just pass him by.

Did you know?Manchester Citycompleted the league double overManchester Unitedfor the fifth time - and first since 2018-19.

Reece James:The return of Reece James toChelsea's starting line-up was telling. Thomas Tuchel left the England international out of the starting line-up againstLiverpoolin the Carabao Cup final andChelseasuffered for it.

Goals are invaluable in any team and when you replace goalscorers with caution it can be costly. James' return onChelsea's right-hand side for the injured Cesar Azpilicueta againstBurnleypaid off in a major way.

James might not be as good in defence as the Spaniard but he gives you much more going forward. His second-half finish and assist for Kai Havertz set the tone for an excellent away win.

Did you know?With five goals and six assists, Reece James is one of three English players to register both at least five goals and five assists in the Premier League this season - along with Jarrod Bowen and Mason Mount.

Philippe Coutinho:Villa Park is buzzing again and it's all down to Philippe Coutinho. When Steven Gerrard landed the services of the Brazilian he did say that once the player was fully fit he would play a major part in Villa's progression and that seems to be the case.

Coutinho is making players play all over the pitch. Why his move to Barcelona didn't work out is hard to fathom but I haven't seen a player have such an impact on a Villa team since Jack Grealish.

It looks like Coutinho has well and truly replaced Grealish - and at a fraction of the cost. Coutinho for Grealish looks like good business done by Villa.

Did you know?Philippe Coutinho has been involved in six goals in four home Premier League games forAston Villa. He has both scored and assisted in three of his last six home appearances in the competition in all.

Kevin de Bruyne:His first goal was put away with consummate ease, while his second was tucked away with the authority of a player with one hand on the Premier League title and no intention of letting go of it.

De Bruyne led his team on to the pitch with the colours of Ukraine draped around their shoulders in an impressive show of solidarity.

I don't know if he or his team-mates were inspired by that but they certainly played like it. De Bruyne is back to his best and with him in this mood I wouldn't bet against City winning the title if he can remain fit.

Did you know?Kevin de Bruyne is the fourthManchester Cityplayer to score twice againstManchester Unitedin a home Premier League game after Niall Quinn (1993), Shaun Goater (2002) and Sergio Aguero (2013).

Riyad Mahrez:Manchester Unitedhad every reason to walk off the pitch at the end of this Manchester derby looking utterly dejected, having been on the receiving end of real mauling. The Etihad Stadium, on the other hand, was jumping due to City's sheer superiority.

Riyad Mahrez struck two of the sweetest strikes you will ever see. City might be six points clear at the top of the table butLiverpoolhave a game in hand and the slightest slip would let them in.

Liverpooldon't play the quality of football City do but that won't stop them from getting their hands on the title given the opportunity.

Did you know?Only Mohamed Salah (27) has scored more goals in all competitions this season than Riyad Mahrez (21) among Premier League players.

Ivan Toney:He had a bit of a barren spell followed by injury recently but Ivan Toney came back with an impressive hat-trick against a Norwich side who have lost that little bit of fizz which Dean Smith's arrival brought to the club.

This was a massive away win forBrentfordand could be a turning point in their season. I was a little concerned that the west London club could get sucked into a relegation fight but so far they have kept themselves out of the bottom three and in a place of relative safety.

A punter recently asked me if I thoughtBrentfordwould stay up and I said I wasn't sure. I'm much more confident now.

Did you know?Ivan Toney has scored all 16 of the penalties he has taken forBrentfordin all competitions. Saturday's match was the second time he has converted two spot-kicks in a single game for the club.

Kai Havertz:To say Kai Havertz has found his feet atChelseawould be an understatement. The German striker is not only scoring goals but playing brilliantly.

It has taken him a while to settle in but he has certainly got there, which is just as well as Stamford Bridge can be a graveyard for strikers.

Romelu Lukaku, a centre forward who is currently out of favour and low in confidence, needs to be playing regularly to produce his best. Timo Werner is also struggling, so to have Havertz in this rich vein of form is crucial for the Blues.

Did you know?NoChelseaplayer has scored more goals under Thomas Tuchel in all competitions than Kai Havertz (13), who scored twice in a Premier League game for the first time since May 2021.

Bukayo Saka:If you're aTottenhamfan it must be excruciating watching your local rivals continue to pick up points as they aim to secure a Champions League spot.

Arsenal's most recent performance against Watford was enough to win all three points but they still show signs of frailty at the back. The reason the Gunners are still flirting with a top-four place is due largely to the brilliance of Bukayo Saka.

The England international has grown tremendously since he played in the European championships and seems to glide through games these days. IfArsenalcan't provide Champions League football for the youngster then I suggest he finds it somewhere else. Talent like this shouldn't hang around.

Did you know?Bukayo Saka has been involved in 13 goals in the Premier League this season, which is more than any other player aged under 21 (eight goals, five assists).

The image of Thomas Tuchel raising his voice and glaring at a reporter in response to the barrage of questions regarding the future of Roman Abramovich atChelseamade it clear: the news conference was having a profound effect on the manager.

Chelsea's owner and his alleged association with Vladimir Putin had become a focal point the media was not prepared to ignore. If it was having this impact on the manager, you can be certain it was having an impact on his players.

The situation surroundingChelseaFootball Club and its owner had become unmanageable. Shortly before their FA Cup fifth-round tie against Luton Town a statement was released confirming the club was to be sold. Tuchel answered questions about the owner's decision in his post-match interview with a great deal more composure than he did days before, as though it had somehow lanced the boil.

Nevertheless, throughout all this tension, I can't help think that the attention on Abramovich wouldn't have been half as acute had he immediately condemned Russia's invasion of Ukraine.

The mere fact that theChelseaowner still hasn't roundly criticised the actions taken by his president presents members of parliament with a very big stick to beat him with. What has also become abundantly clear this week is neither the club nor Abramovich could take the pain any longer - hence the statement.

So what is the future forChelsea? The club is a million miles away from the days under Ken Bates. BuyingChelseais one thing but who has the disposable income to chase the sort of trophies Abramovich was chasing?

The west London club have acquired a lifestyle they may no longer be in a position to afford. It's not the end of the world but it might take some getting used to.

The Fast and the Farmer-ish:Who will prove victorious and take home the tractor trophy?

Built on fakery:Every brand has a story, even the ones that don't exist...

Premier League official site

Premier League official site

Premier League official site",https://ichef.bbci.co.uk/ace/branded_sport/1200/cpsprodpb/B9B1/production/_123573574_quiz-index-imagery-cant-show-face-generic--811d2fba-d3a3-4f9e-9104-39abb119ba67.png,Premier League
https://www.bbc.co.uk/sport/snooker/60632805,Welsh Open: Joe Perry beats Judd Trump to win title,Joe Perry beats Judd Trump 9-5 to win the Welsh Open title for the first time at Celtic Manor Resort in Newport.,"Joe Perry had never gone further than the semi-final stage at the Welsh Open before 2022

World number 42 Joe Perry has won the Welsh Open for the first time, beating world number three Judd Trump 9-5 in the final in Newport.

It is Perry's second ranking title, his last was back in 2015.

With the win Perry, who turned professional in 1992, now jumps up to 23rd in the world.

""This is the absolutely highlight of my career by a country mile,"" said the 47-year-old.

""I thought it was coming to an end but now I've had the best moment of my snooker career - to do it against a great champion like Trump is the icing on the cake.""

Perry had a difficult route to the final, beating seeds Mark Allen, Kyren Wilson, Ricky Walden and Jack Lisowski and came through three final frame deciders on his way to lift the Ray Reardon Trophy and claim the Â£70,000 first prize.

It was Perry's first ranking final since the 2018 European Masters and his first win on British soil in a major final.

""I can't believe it. I felt brilliant today and felt relaxed and calm, but for some reason kept missing easy balls.""

""Judd had an off day and let me off lightly today but I feel like I've played really well tonight,"" said Perry.

The opening session was nervy and tentative from both players, with the first ball potted in the opening frame being the cue ball.

However, it soon developed into an exciting frame which came down to the black ball, with Cambridgeshire Perry winning it with a superb long range double shot.

The former world champion Trump took the next frame to level the match in only nine minutes but Perry took advantage of a loose safety shot from Trump to lead again at 2-1.

In the fourth frame Perry missed a red with the rest, which ultimately cost him the frame as Trump came to the table and cleared up to level again 2-2 at the first mid-session interval.

Perry had chances to win the fifth frame with some great long pots, but Trump took advantage of an easy miss on the blue by Perry to take the lead for the first time at 3-2.

It was the former Masters finalist Perry who pinched the scrappy sixth frame with the blue to draw level, but a missed black in the seventh frame cost him the chance to regain his lead and Trump was back in front at 4-3.

An uncharacteristic missed pink proved costly for Trump in the next frame and Perry denied the former world number one the chance to lead 5-3, instead levelling it at 4-4 at the end of the afternoon session.

Perry had a dream start in the first frame of the evening session, making a 108 break - the first century break of the final - and seemed to put down a marker.

There was a tense battle in the 11th frame and Trump made the most of a fluke to level it at 5-5.

Trump missed a black off the spot on 17 points in the next frame and it was Perry who capitalised and took the lead once again, following up with a hard-won 68 break to extend his lead for the first time in the match with a two frame advantage at 7-5 at the mid-session interval.

In the 12th frame Perry just missed a long black and Trump looked to close the gap, but he made more mistakes. Meanwhile Perry's confidence and composure grew - he potted a superb long red to the green pocket which enabled him to make the clearance, and he moved to one frame from the title.

The momentum was firmly with Perry and he made a 70 break in the next frame to seal the win.

""It was a tough game and Joe played the better of us from start to finish, and fair play to him,"" said Trump.

""He's one of the nicest guys on tour so everyone is very happy for him.

""I was digging in all day just trying to stay with him. There were a couple of chances where I missed easy balls in the middle of the match, but I gave it my all and it just wasn't to be really.

""Joe put me under pressure from the start and he is the best player over the week and thoroughly deserved to win,"" said Trump in his 34th ranking final.

Unusually for the former world champion, it has been a year since Trump last won a ranking event, the 2021 Gibraltar Open.

Sign up toMy Sportto follow snooker news on the BBC app.

LEGENDS OF WELSH SPORT:Game changers who revolutionised their sports and their country

SCRUM V PODCAST:The latest Six Nations rugby news and views

World Snooker Tour",https://ichef.bbci.co.uk/ace/branded_sport/1200/cpsprodpb/13AFD/production/_123573608_perry4.jpg,Snooker
https://www.bbc.co.uk/sport/winter-sports/60643560,Winter Paralympics: Menna Fitzpatrick and Neil Simpson both win super combined bronze,Britain's Menna Fitzpatrick and Neil Simpson both win their second medals of the Beijing Winter Paralympics with super combined bronze.,"Fitzpatrick is competing at her second Games

Britain's Menna Fitzpatrick with guide Gary Smith and brothers Neil and Andrew Simpson have won their second medals at the Beijing Winter Paralympics.

The GB pairings finished third in their respective visually impaired super combined events.

Both pairs followed up their opening super-G runs with solid slalom displays to add to their medal tallies.

It means the ParalympicsGB team has now won five medals at the Games in China with six days of competition to go.

'Better than what I dreamed' - Fitzpatrick savours sixth Paralympic medal

Winter Paralympic medal table

Day-by-day guide

China continue domination with Para-snowboard success

Fitzpatrick and Smith, who won super-G silver on Sunday, were fifth after their opening super-G run on Monday.

But the 23-year-old, Britain's most decorated Winter Paralympian, put in the fastest slalom run of her competition to move up the leaderboard for a medal.

""We left ourselves a bit of work to do in the slalom,"" she said. ""The plan of going out there and putting down a pretty decent run paid off, so we are super, super happy.

""The confidence is really, really high - it was quite a tricky slalom set with tight turns and lots of combinations. It was tough but really good fun.""

The pair finished in two minutes 05.98 seconds with Slovakia's Henrieta Farkasova taking her second gold of the Games (2:03.39) and China's Zhu Daqing in silver (2:04.25) while Millie Knight and Brett Wild were fourth.

After their super-G gold, the Scottish brothers were also in fifth place at the halfway point of Monday's competition after an error.

The Simpson brothers will go again in Thursday's giant slalom

But in a keenly contested event, where the top five after the super-G were separated by 1.75 seconds, they also impressed in the slalom and when both fourth-placed Jakob Krako of Slovakia and halfway leader Hyacinthe Deleplace from France made errors, they secured a second medal in a time of 1:52.81.

Gold went to Italy's Giacomo Bertagnolli (1:49.80) with Austria's Johannes Aigner in silver (1:51.98).

""I think with the mistake in the first run, coming into the slalom we knew we had to charge, and we had nothing to lose going in to the second run,"" said Neil, 19.

""I skied a lot of slalom when I was younger as you have no choice growing up in Scotland and it's something I really enjoy.

""I was so tired after the gold medal yesterday, I just had some food and went to bed so we were in the right mindset today.""

Of the other Britons, Shona Brownlee, who was fifth at halfway in the women's seated event, failed to finish her slalom run while James Whitley was disqualified in his super-G run.

Elsewhere, the GB wheelchair curlers had a mixed day, following up an easy win over Switzerland with a loss to Slovakia.

They needed just six of the scheduled eight ends of their match to beat the Swiss team 15-1 but slipped to a 7-3 defeat against Slovakia later in the day.

They are in a five-way tie for fourth place after the first four rounds of the competition.

Covid pseudoscience?Delve into the conspiracy that gripped a picturesque British town

How can you combat brain fog?:Free and simple steps to give your brain a boost",https://ichef.bbci.co.uk/ace/branded_sport/1200/cpsprodpb/DB67/production/_123576165_skiingsplit.png,Winter Sports
https://www.bbc.co.uk/sport/football/60639745,Man City 4-1 Man Utd: 'City prove a point to anyone who doubted them',MOTD2 pundit Danny Murphy feels Manchester City played like they had a point to prove against Manchester United and their second-half performance was an emphatic statement to anyone who doubted them.,"It looked likeManchester Cityfelt they had a point to prove againstManchester Unitedon Sunday and their second-half performance was an emphatic statement to anyone who doubted them.

This was a response I saw coming, too. City were always going to dip a little bit at some point this season because the standards they have set have been nothing short of amazing - it is credit toLiverpoolthat they are even still near the Premier League leaders after the run that Pep Guardiola's side were on until they lost toTottenhamtwo weeks ago.

So, after seeing City lose one game - in the last minute - to Spurs, and then scrape through againstEvertonwith a bit of luck last weekend, it was no surprise to me to see them come out for a huge game like a Manchester derby and absolutely batter United, because that is what great teams do.

The way United collapsed at Etihad Stadium was unacceptable, and Ralf Rangnick's side deserve criticism for the way they finished the game, but you also have to recognise United were playing against a phenomenal City team that has some unbelievably talented players and also possesses an amazing work ethic too.

You cannot only play for half a game against City and United found that out, the hard way.

Man City outclass Man Utd to restore six-point lead at top

Football Daily podcast: Man City's derby stroll leaves Man Utd feeling blue

'Either they're not good enough or they don't care' - pundits react to Man Utd's derby display

Man Utd's starting XI v Man City

I actually thought United did well for the first half-hour on Sunday.

They committed lots of men forward on the counter-attack and they even tried to win the ball back high up the pitch, which was quite impressive to watch.

It was a risky way of playing, but it was probably what United's fans wanted to see - their side having a go, and trying to be competitive in the game.

It worked - United caused City problems in that opening period, and had some decent chances.

Of course, when you take the game to City like that, their quality means you are going to give chances away yourself when they break through your lines.

As the first half wore on, City had more and more possession and were 2-1 up, but United still looked dangerous and were right in the game. It set us up for a great second half - but United just didn't turn up.

It's not a surprise that Man City are top of the league - Rangnick

One of the most disappointing things about their display after the break was their lack of concentration. It led to Riyad Mahrez scoring City's third goal, and it was the same with lots of other chances they gave away. Their players kept switching off at key times.

Even worse than that, though, was seeing their reaction after going 3-1 down. It seemed like they didn't have the desire or the fitness to get back into the game, or even have a go at City.

I don't know if that was down to complete fatigue because of who they were playing against, or if it was a demonstration of their lack of belief.

Either way, United didn't just lose the game, they capitulated. It looked like they realised they were done and, whatever the reason, had nothing more to give. Seeing that happen must be a real worry for Rangnick.

Man City's starting XI v Man Utd

Even before City scored their third and fourth goals, it felt like there was an inevitability about the result because of how dominant they had become.

It's hard to pick out individuals from a display like that because it was a collective effort from some wonderful players, and I loved how none of them ever stopped working.

Bernardo Silva and Rodri's work ethic in the middle of the pitch, to always get back and help their defenders, and then to also press and do all the other things you want from your midfielders, was just incredible.

Man City 4-1 Man Utd: Pep Guardiola says his side were excellent throughout

It was going forward where City were really impressive, though. I'm not surprised Guardiola praised Kevin de Bruyne afterwards, because he was at his absolute best and it was a joy to watch.

De Bruyne is like poetry in motion when he is on top of his game like that, and it is difficult to stop him however you are set up, especially when you have got the attacking players around him that City do.

Again, Silva contributed in that way too - he set up their first goal - while Jack Grealish looked full of confidence and Mahrez just came alive as the game went on.

Phil Foden also impressed me, playing as a false nine, and demonstrated his ability to understand the game in that area of the pitch and make a real impact.

It felt like Foden and De Bruyne were leading City's attack, and United could not cope with either of them.

'Foden sets the tempo' - how Man City 'steamrollered' Man Utd

City now have 10 league games to go and we already knowLiverpoolare the only team that can stop them retaining their title.

We are all looking at 10 April, when Jurgen Klopp's side come to Etihad Stadium, and of course that will be a massive game between two fantastic teams who are going head to head again.

That's the big one, and I can't wait, but I just feel there will be some other twists and turns along the way as well.

Everyone expects both teams to win every other game apart from that one, when they play each other, but football is not like that, and it is going to be fascinating to see where they do drop points over the coming weeks.

As for United, well they have got much bigger problems.

Arsenalare above them and have got three games in hand but, more importantly, United are not playing particularly well and they have got a tough run-in.

They still haveChelseaandLiverpoolto play and, on this evidence, they are going to struggle against them. It would be a huge shock now for them to finish fourth and make next season's Champions League that way.

Danny Murphy was speaking to BBC Sport's Chris Bevan.

Our coverage of your Premier League club is bigger and better than ever before -follow your team and sign up for notificationsin the BBC Sport app to make sure you never miss a moment

BBC Sport Premier League

Premier League official site",https://ichef.bbci.co.uk/ace/branded_sport/1200/cpsprodpb/1238D/production/_123573647_mancitycelebrate.jpg,Premier League
https://www.bbc.co.uk/news/uk-51768274,Covid inquiry: The UK pandemic in numbers,Explore the data on how the coronavirus pandemic unfolded in the UK.,"Hearings have begun in thepublic inquiryscrutinising the UK's response to, and impacts of, the coronavirus pandemic.

As the virus spread, government agencies increasingly published figures on case numbers, hospitalisations and deaths.

To follow alongside the inquiry, the BBC's data team has broken down some of these statistics into key areas from the beginning of the pandemic up to 5 May 2023, when the World Health Organisation declared anend to the virus as a ""global health emergency"".

Just under 227,000 people died in the UK with Covid-19 listed as one of the causes on their death certificate. This includes those who had not been tested for the virus prior to their death.

The most deaths reported in this way on a single day was on 19 January 2021, when 1,490 people were registered.

At this point in the pandemic, the first variant of the virus seen in the UK - initially detected in Kent - was dominant. This was subsequently named the 'Alpha' variant by the WHO.

The UK was also only a month into the first stages of its vaccine rollout, which started to reduce the risk of death and serious illness from the virus.

Another way of looking at the impact coronavirus had on the number of people dying in the UK is by counting all deaths over and above the expected number since the pandemic began, sometimes referred to""excess deaths"".

As of 5 May 2023, this was over 208,000 deaths. For most of the previous three years there were above average levels of deaths in the UK.

LIVE: Follow the latest updates from the Covid inquiry

What is the UK Covid inquiry and how long will it take?

How inquiry is exposing deep flaws in Covid decision-making

What to do if you have Covid: Can you go to work or school?

The highest peaks in the first two years of the pandemic were during periods when many people died directly from Covid. Out of nearly 13,000 excess deaths in mid-April 2020, about 9,500 were attributed to the virus.

But a larger portion of the excess seen in the second half of 2022 were driven by other factors, including flu andpressure on the NHS. Of the 3,300 excess deaths in mid-January 2023, about 600 were from Covid.

Compared with other countries, over the three years to February 2023, the UK's death rates went up by more than 5%, which was more than France, Germany and Spain (all up between 3% and 4.5%), but by less than Italy's (up more than 6%).

The US and Eastern European countries like Poland were even harder hit, with death rates more than 10% above their pre-pandemic levels over the three years to February 2023.

More than 44 million people in the UKwere estimated to have had the virus between April 2020 and February 2022, according to the Office for National Statistics (ONS). This is the most accurate measure available as the total number of infections across the country will never be known.

The ONS ran a regular survey through the pandemic: testing randomly chosen people in order to estimate the number of people who had the virus.

Based on the survey, the estimated peak of the pandemic, in cases if not in deaths, was in late March 2022, where at one point about 4.9 million people were thought to have the virus. However, the survey did not capture the first wave of the pandemic, with trials only beginning in England in April 2020.

Figures are still regularly published on the number of recorded coronavirus cases across the UK, from PCR and lateral flow tests. However, recorded cases are not considered to present the most accurate picture for a variety of reasons, including the availability and reach of testing.

Patients were admitted to hospital with coronavirus more than 1.1 million times between March 2020 and 5 May 2023 across England, Scotland and Northern Ireland.

These were people who tested positive up to two weeks before arriving at hospital, or while being treated.

In Wales the figures were counted differently, with about 43,000 admissions of those who either had, or were suspected to have, the virus.

The number of patients in hospital with coronavirus peaked in the week to 20 January 2021, at more than 38,000 people.

Whena new national lockdown was announced on 5 January 2021, across hospitals in England about one in four general admission beds were occupied by patients with coronavirus.

This period was the first time the health service had to cope with both normal winter pressures, and the additional strain from Covid, which was spreading among an unvaccinated population with little immunity.

The rollout of coronavirus vaccines began in the UK on 9 December 2020, when the world's first Pfizer dose was administered to 90-year-old Margaret Keenan in Coventry.

Since then, nearly 176 million Covid vaccines have been administered in various stages up to May 2023. Starting with older and clinically vulnerable people and moving down the age groups into young adults and some children.

Eligible groups were offered two main doses as a minimum, plus a booster dose, with additional boosters for more vulnerable groups later on in the pandemic.

About 88% of people in the UK over the age of 12 (58 million) are thought to have had both a first and second dose of a vaccine, with 93% receiving a single jab.

This is based on the ONS mid-year population estimates for 2021, and vaccine data from up to 7 May in Scotland and 5 May for the other UK nations.

There is some uncertainty, especially in the proportion of people who did not receive a jab. The choice of population estimate makes a significant difference to the proportion of people thought to be vaccinated.

A small number of people (fewer than one million as of September 2022) aged 5-11 had received a first and second dose of a coronavirus jab. In addition, vaccinated people are removed from the figures after they have died, which could inflate the number considered unvaccinated.

UK Covid deaths among worst of big European economies

How does the Covid inquiry work?

'Little thought' about lockdown impact pre-pandemic, inquiry hears

The questions we want the Covid inquiry to answer",https://ichef.bbci.co.uk/ace/branded_news/1200/cpsprodpb/12C76/production/_130081967_bd32612b6efd62dbd766eb4af673a832614fd4ca0_115_2142_12052142x1205.jpg,UK
https://www.bbc.co.uk/news/explainers-52530518,Covid: What is the guidance across the UK now?,"Almost all of the UK's Covid rules have ended, two years after they were introduced.","All the UK's rules requiring people to wear masks in indoor spaces like shops and restaurants have come to an end.

But guidance remains in place for some settings.

Covid: Five things we still need to keep an eye on

Are we ready for last Covid rule to be ditched?

End of Covid regulations: What if I'm still worried?

Scotland's legal restrictions on face coverings have come to an end - but the Scottish government says itstrongly recommends wearing a maskin indoor public spaces and on public transport.

People with symptoms are no longer being asked to take a PCR test - they're now advised to stay at home while they're unwell.

Testing for the general population has ended.

The Scottish government has also confirmedit will ""switch off"" the domestic part of its vaccine passport scheme.

What is the Covid advice in Scotland?

Masks are no longer required in shops or on public transport - although they are recommended - but they remain compulsory in health and social care settings.

The legal requirement for people to self-isolate if they have Covid has also ended - although doing so is strongly advised.

Wales will maintain free lateral flow tests (LFTs)until the end of July.

What are the latest Covid rules for Wales?

In England, the government suggests wearing a mask in ""crowded and enclosed spaces where you may come into contact with other people you do not normally meet"".

Patients areno longer required to wear masksin NHS hospitals, GP surgeries and emergency departments, unless they have suspected or confirmed Covid infection. The exact interpretation of the rules also depends on the local risk assessments.

If you test positive for Covid you areno longer legally required to self-isolate, but you are advised to stay at home and avoid contact with others for at least five full days.

Covid guidance for England

The government recommends thatface masks are still wornin certain places, such as enclosed public spaces and health and social care settings.

People with Covid symptoms are advised to get tested and self-isolate.

Northern Ireland's last Covid rules are lifted

BOOSTER:Who can get the fourth jab and how do you book it?

SYMPTOMS:Is a runny nose a cold or Covid?

TESTS:Who can still get free tests?

MANAGING COVID:How to look after yourself at home

COVID CASES:How many cases are there in my area?

LONG COVID:What is it and what are the symptoms?

TREATMENT:What progress is being made?",https://ichef.bbci.co.uk/ace/branded_news/1200/cpsprodpb/12ECA/production/_119241577_pp1200-gettyimages-1233803493.jpg,Explainers
https://www.bbc.co.uk/news/health-60494159,Covid: Five things we still need to keep an eye on,"The UK is moving to its ""living with Covid"" phase, but the virus still needs to be watched closely.","The legal restrictions that ruled our lives for two long years are gone in England and on their way out across the UK. We've moved from being ""under the thumb"" of Covid to ""living with"" the virus.

However, the pandemic is far from over - Covid is here for the long term and some scientists think we are relaxing too early.

So what do we need to keep an eye out for in the months and years ahead?

What's the issue?We've already had the original virus, then the Alpha, Delta and Omicron variants causing significant waves of Covid in the UK. It is simply inevitable that the virus will continue to mutate and create new variants in the future.

Why is it important?New variants aren't necessarily a problem and we shouldn't panic at every new mutation. It is important to remember we have a significant wall of immunity that should continue to provide protection even against new variants. The vaccines that were developed against the first form of the virus are still saving lives from the latest variant, Omicron. However, it is possible that new variants could significantly change the behaviour of the virus to make it more deadly, spread far more quickly or bypass the protection from either vaccination or previous infection. All of these could make Covid an even greater threat than it is today.

What can we do about it?There are two approaches: minimise mutations or react when a new variant emerges. There is a risk of mutations every time the virus makes copies of itself so the only way to reduce the risk of variants is to minimise infections at a global level. Instead, the emphasis seems to be on monitoring new variants and reacting accordingly, such as updating vaccines.

What's the issue?It has become abundantly clear that immunity wanes over time. People are catching Covid even if they have been triple-jabbed or have caught Covid before. The protection against catching the virus wanes quite quickly, but protection against getting seriously ill or dying is lasting much longer.

Why is it important?Immunity is the only reason we have been able to relax restrictions. Two years ago our bodies were fighting the virus blind, but now our immune systems have been trained. This level of immunity is the main reason the infection is now less deadly. However, significant waning of immunity could lead to new waves of Covid and even renewed pressure on hospitals. It is possible we will have a""honeymoon period""where it looks like Covid is in total retreat, only for it to bounce back once enough immunity wanes.

What can we do about it?The amount of protection we have against the virus will need to be constantly monitored. Immediately, this will dictate who gets further vaccine doses and how often. There are already plans to give another booster this spring to the over-75s and people at high risk from the virus. There will be a wider booster campaign in anticipation of next winter, too. In the longer term there is already work under way on a next generation of Covid vaccine to see whether it can provide longer-term protection.

Covid vaccine âwaning immunityâ: How worried should I be?

What's the issue?Drugs that kill the virus are now being used to keep people out of hospital, but there is a danger that if we use them badly, the virus will evolve to render the drugs ineffective.

Why is it important?Some scientists think this is the single most important issue in the months ahead. We are familiar with hard-to-treat superbugs, from MRSA to super-gonorrhoea, which were created by misusing antibiotics. The same process can happen with antivirals. These drugs, such as Paxlovid and molnupiravir, are currently playing a vital role in saving lives and are one reason restrictions are being eased. Even more importantly, they are the safety net in the future. If a new variant emerges that significantly bypasses our immunity, we will be dependent on antivirals to buy us time until an updated vaccine can be developed and rolled out.

What can we do about it?The more you use antivirals the greater the risk of resistance, which means they will need to be used carefully in the people with the most to gain from them. This could lead to difficult decisions around treating a patient today and preserving them for the patients of the future. One solution is using several antivirals in combination, which greatly reduces the risk of the virus becoming resistant.

What's the issue?Life is still far from normal and nobody knows for sure how we are all going to react to the changes in restrictions and testing. This creates huge uncertainty in the weeks and months to come.

Why is it important?It is obvious, but Covid is spread from one person to another - the more we congregate together, the greater the opportunities for the virus. So what happens now? Will we all return to our workplace or is home-working the norm now? Will we buy tests when they used to be free? If we get ill, will we isolate or crack on as soon as we feel okay even if we may still be contagious? What will vulnerable people who used to shield do now? How long will people keep on wearing face masks in crowded places? The impact of our shifting behaviour is likely to be greater than any seasonal impact on the virus. The uncertainty means we could continue to have declining infections and people in hospital or it could swing into reverse. However, high levels of immunity mean overwhelming pressure on the NHS is highly unlikely.

What can we do about it?Very little. The decisions have now been made. Legal rules have been replaced with advice on what to do in the future. England's chief medical officer, Prof Sir Chris Whitty, says people should continue isolating if they test positive, even though there is no legal requirement to do so.

What's the issue?Not everyone rapidly recovers from an infection and some develop ""long Covid"". Further infections could increase the numbers with long Covid.

Why is it important?Long Covid can be utterly debilitating. Persistent fatigue is common in long Covid, along with brain fog, shortness of breath and muscle pain. More than one in 50 people in the UK say they have long Covid and more than half a million have symptoms that have already lasted more than a year. It is not clear what will happen in the future - is long Covid just a feature of this virus and will always happen, or will it fade away as our immunity improves? Studies have suggested vaccination reduces the risk of long Covid, but does not eliminate it.

What can we do about it?The number of cases of long Covid will need to be monitored. Understanding why the virus causes long Covid and what the best treatments are could speed up people's recovery.

FollowJames on Twitter",https://ichef.bbci.co.uk/ace/branded_news/1200/cpsprodpb/E116/production/_123422675_gettyimages-1216167705.jpg,Health
https://www.bbc.co.uk/news/health-55045639,Who can get a Covid booster this spring and what do private jabs cost?,"The NHS Covid spring booster campaign is under way, but vaccines are also available privately.","The NHS spring booster campaign is offering Covid jab to groups of vulnerable patients across the UK.

Around 7.5 million people in England are eligible for a top-up vaccination.

Many pharmacies also sell the Covid jab privately.

Eligible members of the public in England can have a spring booster between 1 April to 17 June.

Vaccinations are being offered to:

adults aged 75 years and over

residents in a care home for older adults

people aged between six months and 74 years whohave a weakened immune systemand are at a greater risk from severe illness

Those who turn 75 years old between 1 April and 17 June 2025 can also have the jab.

NHS England says it is contacting everyone who qualifies by text, email, app message or letter.

However, those who qualify do not have to wait for an invitation andcan visit the NHS website, use the NHS app or call 119 to book an appointment.

In different parts of the UK, the groups who qualify for a spring booster are the same but the dates of the campaign are slightly different:

Scotland: 31 March until 30 June

Wales: 1 April until 30 June

Northern Ireland: 7 April until 30 June

The NHS uses vaccines from two companies across the UK: Pfizer-BioNTech and Moderna.

People are advised to take whichever vaccine they are offered, as both provide protection against severe illness or death.

Data from the UK Health Security Agency - based on the 2024 spring vaccination programme - showed those who received a vaccine were more than 40% less likely to be admitted to hospital with Covid for up to two months after their jab, compared to those who did not receive one.

AstraZenecapulled its Covid vaccine worldwidebecause of the surplus of updated vaccines from its competitors.

At the firm's request, in May 2024, the European Medicines Authoritywithdrew authorisation for the vaccine,which is no longer being manufactured or supplied.

A number of High Street chemists and private clinics sell and administer the Pfizer Covid vaccine directly to the public.

The cost per single dose varies but is typically between Â£75 and Â£99.

You need to be aged 12 or above, and must not have had a Covid vaccine in the previous three months. You also need to talk to a health professional to check that it is suitable.

A protein-based booster vaccine made by Novavax, which works differently to the Pfizer and Moderna jabs, is also available.

Moderna hopes to launch a combinedflu and Covid vaccinelater in 2025 or 2026, afterthe jab passed a vital part of final-stage scientific checksin June 2024.

Pfizer is also testing a similar two-in-one vaccine against flu and Covid.

If you have Covid, or think you might, the NHS recommendsdelaying vaccination until you feel better.

It also advises postponing if you have a high temperature or feel otherwise unwell with any illness.

However, there is no need to wait if you have recently recovered from Covid and feel well. The vaccines do not infect people with Covid, and cannot cause positive test results.

What to do if you have Covid

XEC Covid variant: What are the symptoms and is it spreading in the UK?

For most people,side effects are mild.Themost common include a sore arm, headache, chills, fatigue and nausea.

They are part of the body's normal immune response to vaccination and tend to resolve themselves within a day or two.

Why it is normal for some people to experience short-term side effects from Covid-19 vaccines

Very rarelymyocarditis - inflammation of the heart muscle - has been linked to the Moderna and Pfizer vaccines.

A very small number of people have experienced asevere allergic reactionafter the Pfizer vaccine.

Patients with serious allergies should talk to their healthcare professional before being vaccinated.

Covid vaccine safety - What we know

Rise of vaccine distrust - why more of us are questioning jabs

Is the system letting down people who were harmed by Covid vaccines?",https://ichef.bbci.co.uk/ace/branded_news/1200/cpsprodpb/16525/production/_133592419_covidjab-gettyimages-1359330772.jpg,Health
https://www.bbc.co.uk/news/health-51205344,What are the latest rules for face coverings and masks?,Rules around face coverings are easing across the UK but they are still required in some settings.,"Rules around face coverings are easing across the UK, but they are still required in some settings.

Heathrow Airport and a number of airlines are relaxing their rules on masks.

But Nicola Sturgeon has said face coverings must still be worn in Scotland after all other legal requirements are lifted on 21 March.

First Minister Nicola Sturgeon hasconfirmed that Scotland's rules on face coverings will remain in place until April, due to a rise in Covid cases.

All other restrictions on businesses and services will move from legal requirement to guidance on 21 March.

The rules on masks will be reviewed again on 29 March, and are expected to be converted to guidance by 4 April.

At the moment,masks must be wornin most indoor public spaces including public transport, shops and gyms (although they can be temporarily removed when exercising).

They are mandatory in pubs and restaurants when not seated or dancing, as well as in the workplace in communal areas and canteens.

They no longer have to be worn bysecondary school students in the classroom- but are still required in ""indoor communal areas"" like corridors.

Under-12s are exempt.

What are the Covid rules in Scotland?

Masks are no longer legally required in most public spaces - although they are still recommended in some situations:

face coveringsremain a requirement in healthcare settings, such as GP surgeries, hospitals andcare homes

government guidance recommends that people still wear face coverings in enclosed or private spaces where they are mixing with people they don't know

many major retailers includingTesco, Sainsburys, Lidl, Waitrose and John Lewis have asked staff and customers to keep wearing masks

face coveringsare no longer mandatory on Transport for London's tubes, trains or buses, but are still ""strongly encouraged""

face coveringsare no longer mandatory in Heathrow Airport's terminals, railway stations or office buildings, but are still recommended

British Airways and Virgin Atlantic have said air passengerswill only have to wear masks if their destination country requires it

What are the latest changes to the UK's Covid rules?

Face coverings are no longer required in classrooms and some venues such as museums and cinemas.

However, they will still need to be worn in shops, salons, hairdressers, health and social care settings and on public transport.

The Welsh government has said it intends to lift all remaining Covid regulations by the end of March.

Masks no longer needed in classrooms and cinemas

Wales' mask and isolation laws could end in March

Mask-wearing is no longer legally enforced in Northern Ireland.

However, face coverings are still recommended in certain places, such as enclosed public spaces and health and social care settings.

Northern Ireland's last Covid rules are lifted

What are the remaining Covid regulations set to go?

InWales, the penalty for a first offence is Â£60, with the fine doubling for each subsequent offence - up to a maximum of Â£1,920. Repeat offenders can also be prosecuted in court where fines are unlimited.

InScotland, the police can issue a penalty notice of up to Â£60 for breaking the law on mask-wearing.

Evidence suggeststransmission mainly happens indoors, where people are close together.

Covering the nose and mouth reduces the spread of coronavirus droplets from coughs, sneezes and while speaking.

The main purpose is to protect others, although there is someevidence they offer protection to wearers.

Five ways to avoid catching coronavirus indoors

It should:

have a nose wire

have at least two or three layers of material

fit snugly over mouth, nose and chin

Standard surgical masks are acceptable. It is also possible to buy FFP2 and FFP3 masks used by healthcare workerswhich can offer higher protection. However, these must be fitted correctly to work.",https://ichef.bbci.co.uk/ace/branded_news/1200/cpsprodpb/16950/production/_111869429_index_face_masks_976.png,Health
https://www.bbc.co.uk/news/health-59683083,Covid: How to look after yourself at home,"What can you expect if you have Covid, and when should you get extra help?","So you've caught Covid. What now?

How can you look after yourself or someone else at home, and when should you get extra help?

Let people know that you have Covid.

They might be able to help by dropping off food or other supplies, and check how you are doing.

The NHS also has volunteers who can help with things like shopping and collecting medicines. Find out moreonlineor by calling 0808 196 3646 (8am to 8pm, seven days a week).

Anyone who tests positive for Covid is no longer legally required to self-isolate, although it is still recommended.

You are also no longer legally obliged to tell your employer that you have Covid, but are still advised to stay at home and avoid contact with others for at least five full days.

What are the self-isolation rules?

How many Covid cases are there in the UK?

Why are so many people catching Covid again?

Many people will have mild or no symptoms, and will be able to safely ride out the infection at home.

Theofficial list of Covid symptoms has been expanded in England- but not yet in the rest of the UK - from the original three:

a new, continuous cough

a fever or high temperature

loss of or change to smell or taste

It now includes nine other symptoms which are also common signs of other respiratory infections:

shortness of breath

feeling tired or exhausted, lack of energy

muscle aches or pains

headache that lasts longer than usual

blocked or runny nose

sore throat, stuffy or runny nose

loss of appetite

diarrhoea

feeling sick or being sick

It's not possible to tell if you have Covid, flu or another respiratory infection based on symptoms alone, official advice says.

But spotting these symptoms can help to reduce the spread to other more vulnerable people.

If you have any of these symptoms plus a high temperature or you don't feel well enough to go to work or school, you're advised to stay at home.

Get lots of rest, drink plenty of water and take paracetamol or ibuprofen to help you feel more comfortable.

For a cough, try lying on your side or sitting upright rather than on your back.

Sitting up, rather than lying down, is also good if you are a bit breathless.

You could also try:

breathing slowly in through your nose and out through your mouth, with your lips together like you're gently blowing out a candle

relaxing your shoulders, so you're not hunched, and leaning forward slightly with your hands on your knees

turning down the heating a bit and letting in some fresh air

Tips for breathlessness

Pulse oximeters have been widely used during the pandemic

Some people find a gadget called a pulse oximeter useful. Itclips on to your finger and checks the level of oxygen in your blood.

This can be a useful measurement to know, a bit like tracking your temperature with a thermometer.

Low levels of oxygen in your blood can be a sign you're getting worse.

A reading of 95 or above is normal.

If it drops to 93 or 94 and stays like that an hour later, call 111 or your GP for advice. If it is 92 or below (on a device that is certified with a CE mark, and which you are using according to the instructions), go to A&E or call 999.

Pulse oxygen monitors work less well on darker skin, experts say

TheNHS websitehas lots of information about Covid, and you can also get advice over the phone from a pharmacist.

Some people with Covid will need medical care, which might include staying in hospital.

The NHS is also offering some high risk patientsa pill they can take at hometo help cut the risk of their infection becoming more serious.

Get advice from NHS 111 or your GPif:

you're feeling gradually more unwell or more breathless

you have difficulty breathing when you stand up or move around

you feel very weak, achy or tired

you're shaking or shivering

you've lost your appetite

you're unable to care for yourself - for example, you're struggling to wash, dress or feed yourself

you still feel unwell after four weeks - you may havelong Covid

Go to A&E immediately or call 999if:

you're so breathless that you can't say short sentences when resting

your breathing gets suddenly worse

you cough up blood

you feel cold and sweaty, with pale or blotchy skin

you have a rash that looks like small bruises or bleeding under the skin, and does not fade when you roll a glass over it

you collapse or faint

you feel agitated, confused or very drowsy

you've stopped peeing or are peeing much less than usual

If you're worried about a baby or child, don't delay getting help. If they seem very unwell, are getting worse, or you think there's something seriously wrong, call 999.

BOOSTER:Who can get the fourth jab and how do you book it?

SYMPTOMS:Is a runny nose a cold or Covid?

TESTS:Who can still get free tests?

ISOLATION:What is the Covid isolation advice now?

COVID CASES:How many cases are there in my area?

LONG COVID:What is it and what are the symptoms?

TREATMENT:What progress is being made?",https://ichef.bbci.co.uk/ace/branded_news/1200/cpsprodpb/F263/production/_123615026_gettyimages-1217583991.jpg,Health
https://www.bbc.co.uk/news/world-51235105,"Covid map: Coronavirus cases, deaths, vaccinations by country",Key maps and charts explaining how the virus has spread around the world.,"Covid-19 is continuing to spread around the world, with more than 550 million confirmed cases and more than six million deaths reported across almost 200 countries.

The US, India and Brazil have seen the highest number of confirmed cases, followed by France, Germany and the UK.

Very few places have been left untouched.

Please upgrade your browser to see the full interactive

Source: Johns Hopkins University, national public health agencies

Figures last updated5 July 2022, 08:59 BST

In the table below, countries can be reordered by deaths, death rate and total cases. In the coloured bars on the right-hand side, countries in which cases have risen to more than 10,000 per day are those with black bars on the relevant date.

*Deaths per 100,000 people

Please update your browser to see full interactive

This information is regularly updated but may not reflect the latest totals for each country.

** The past data for new cases is a three day rolling average. Due to revisions in the number of cases, an average cannot be calculated for this date.

Source: Johns Hopkins University and national public health agencies

Figures last updated: 5 July 2022, 08:59 BST

The true extent of the first outbreak in 2020 is unclear because testing was not then widely available.

Deaths are falling in many areas, however official figures may not fully reflect the true number in many countries.

Data onexcess deaths, a measure of how many more people are dying than would be expected based on the previous few years, may give a better indication of the actual numbers in many cases.

Using this metric,researchers from the Lancet medical journal suggest that more than 18 million peoplemay have died because of Covid up to the end of 2021. That figure is three times higher than officially recorded deaths from the disease.

Separate analysis by the World Health Organization (WHO)estimates about 15 million excess deaths due to coronavirus over a similar period.

Nearly every nation in the world is now administering vaccines and publishing rollout data, while at least 157 countries and territories have moved on to booster jabs.

The map below, using figures collated byOur World in Data- a collaboration between Oxford University and an educational charity - shows the total number of doses given per 100 people, mostly first doses.

According to thatdata, more than 64% of people have been fully vaccinated on every continent apart from Africa, where the figure is about 20%.

Percent of people fully vaccinated

Please upgrade your browser to see the full interactive

This information is regularly updated but may not reflect the latest totals or vaccines administered for each location. Total doses may include booster doses in addition to those required for full vaccination. The definition of full vaccination varies by location and vaccine type and is subject to change over time. Full vaccination can refer to a person receiving all required doses of a specific vaccine or sometimes recovery from infection plus one dose of a vaccine. Definitions have not yet been updated to account for booster campaigns to control the spread of new variants. Some locations may reach vaccination rates over 100%, such as Gibraltar, due to population estimates that are lower than the number of people who have now been vaccinated in that place.

Source: Our World in Data

Last updated: 5 July 2022, 13:28 BST

Some countries have secured more vaccine doses than their populations need, while other lower-income countries are relying on a global plan known as Covax, which is seeking to ensure everyone in the world has access to a vaccine.

Of those countries that have moved on to booster campaigns, Chile, Uruguay and Singapore have currently vaccinated the highest proportion of people.

How fast is vaccination progress around the world?

Daily global cases fell after a spike in the spring but are now rising again, with the emergence of the BA.4 and BA.5 subvariants of the Omicron variant.

Studies suggest that Omicron - which quickly became dominant in numerous countries - ismilder than the Delta variant, but far more contagious. The subvariants are even more contagious.

Asia

Asia, which was the centre of the initial outbreak that spread from Wuhan in China in early 2020, shows a mixed picture.

North Korea, which admitted its first Covid infections in May of this year, has now seen 4.75 million symptomatic ""fever cases"" according to the state news agency.

China appears to have recovered from a recent spike which earlier saw thousands of cases reported each day and millions of people placed under lockdownin large cities such as Shanghai. However, a fresh outbreak appears to be under way in eastern Anhui Province.

In Japan, after two years of closure the government reopenedits borders to visitors from 98 countries and regionsbut with strict limitations.

It marked the most significant moment so far in the country's slow relaxation of its Covid-19 entry restrictions.

Europe

Reported daily cases are rising in several European countries, due to the BA.4 and BA.5 subvariants. Testing is also now more limited than at previous points in the pandemic.

In the UK,the latest figures from the Office for National Statistics (ONS)show a 32% jump in infections last week. Hospitalisations are also increasing.

North America

The US has recorded 87 million cases and more than a million deaths - the highest figures in the world.

However, daily cases and death counts have now fallen to lower levels than during much of the pandemic.

Latin America

Latin America is seeing some pockets of rising cases, though infections are at low levels among the countries which were hardest hit previously.

Mexico and Guatemala are among countries seeing a rise in June.

Brazil has been the worst-hit country in the region overall, recording more than 32 million cases and 672,000 deaths - the world's second-highest official death toll.

In Peru, there have been over 213,000 deaths and the country has the world's highest number of deaths by population size - more than 657 deaths for every 100,000 people.

Africa

Africa has seen more than 12 million cases and 255,000 deaths - but the true extent of the pandemic across the continent is not known as testing rates are low.

According to the official figures, South Africa has been the worst-hit country with more than 4 million confirmed cases and more than 100,000 deaths.

South Africa was the first country to identify the new Omicron variant and it led to a sharp increase in infections - the fourth wave of infections in the country.

Middle East

Several countries in the Middle East have seen severe outbreaks of the virus since the pandemic began, though levels are currently at their lowest this year.

The official death toll in Iran, the region's worst-hit country, is more than 140,000 and it has seen over seven million confirmed cases.

Neighbouring Iraq has seen 25,000 deaths and in excess of two million confirmed cases.

In January Israel was hit by the Omicron wave seen across the world, but infections have now come down. Its vaccination rollout has been highly successful at minimising the number of hospitalisations and deaths in the country.

Oceania

Early in the pandemic, Australia and New Zealand were widely praised for their response to Covid but both saw an increase in cases at the start of the year.

So far, Australia has seen more than 8 million confirmed cases, with spikes in January and April. It has also recorded more than 10,000 confirmed deaths due to coronavirus.

Daily cases are rising in New Zealand following a fall. So far it recorded 1.3 million cases, but only 1,535 deaths.

In early May the countryopened its borders to international visitorsfor the first time in two years.

Covid-19 was first detected in the city of Wuhan, China, in late 2019 but the outbreak spread quickly across the globe in the first months of 2020.

It was declared a global pandemic by the WHO on 11 March 2020.

A pandemic is when an infectious disease is passing easily from person to person in many parts of the world at the same time.

UK LOOK-UP:How many cases in your area?

LONG COVID:What are the symptoms?

TREATMENTS:What progress is being made?

SYMPTOMS:What are they and how to guard against them?

VACCINE:How do I know the Covid vaccine is safe?

The data used on this page comes from a variety of sources. It includes figures collated by Johns Hopkins University as well as national governments and health agencies.

When comparing figures from different countries it is important to bear in mind that not all governments are recording coronavirus cases and deaths in the same way.This makes like for like comparisons between countries difficult.

Other factors to consider include: different population sizes, the size of a country's elderly population or whether a particular country has a large amount of its people living in densely-populated areas. In addition, countries may be in different stages of the pandemic.

The map, table and animated bar chart in this page use a different source for the UK from that used by Johns Hopkins University. US figures do not include Puerto Rico, Guam or the US Virgin Islands. Figures for France are for the mainland only and include both suspected and confirmed cases.

Covid vaccines: How fast is worldwide progress?

How can I tell if I've got Covid?

How will the vulnerable be protected from Covid? And other questions

Where do I still need to wear a mask?

Are pandemics the new normal? Video, 00:01:54Are pandemics the new normal?",https://ichef.bbci.co.uk/ace/branded_news/1200/cpsprodpb/10403/production/_114936566_coronavirus_index_wolrd_976.png,World
https://www.bbc.co.uk/news/explainers-54239922,"What to do if you have Covid: Symptoms, tests and can you go to work or school?","No Covid restrictions are in place across the UK, so how should you manage having it?","The latest Covid booster campaign is under way across the UK and those who qualify are urged to get jabbed as soon as possible.

No Covid restrictions are in place across the UK, but guidance recommends people who catch the virus ""should try to stay at home"".

Many of the symptomsare similar to those for colds and fluand include:

high temperature, fever or chills

continuous cough

loss of, or change in, your normal sense of taste or smell

shortness of breath

feeling tired or exhausted

aching body

headache

sore throat

blocked or runny nose

loss of appetite

diarrhoea

feeling sick or being sick

Most people feel better within a few days or weeks - but for some, it can be more serious.

Those concerned their or their child's symptoms are worsening should request an urgent GP appointment or help fromNHS 111.

WHO charts rapid spread of new JN.1 Covid variant

Why Covid is still flooring some people

Between 2% and 20% of people catching Covidgo on to have longer-term symptoms, ""long Covid"", research suggests.

In March, the Office for National Statistics (ONS)estimated 1.9 million people in the UK (2.9% of the population)still had symptoms more than four weeks after their initial infection.

There is no simple test for long Covid, andpeople report a variety of symptoms, including:

extreme tiredness

shortness of breath

muscle aches

memory and concentration problems (""brain fog"")

Some people have developed long Covid after an initial mild infection.

What are the symptoms of long Covid?

Get NHS help with Covid recovery

Routine Covid testing is not recommended, and most people can't get free tests via the NHS.

You may stillbe able to get free NHS testsif you:

have a health condition that makes you eligible for treatment if you test positive

work in healthcare or a hospice

You can buy a test for about Â£2 from High Street and online chemists, but cannot report these test results to the NHS.

People are largely advised to treat Covid like any other respiratory disease. You no longer have to self-isolate after testing positive.

However, the government recommends trying to stay home for five days - or three for under-18s, as younger people tend to be infectious for a shorter period.

People at higher risk of becoming seriously ill with Covid who have been told they areentitled to treatments if they catch itmust report their test result so the NHS can contact them about their options.

How to look after yourself if you get Covid

Some people are infectious for about five days but others may be contagious for up to 10.

Those who have a high temperature or still feel unwell after five days are advised to stay home if they can until they:

feel well enough for your normal activities

no longer have a high temperature

You don't have to tell your employer you have Covid.

However, you are asked to avoid contact with others for five days, which means you should work from home if you can, especially if you have a high temperature.

The specific schemes offering financial support to those isolating during the pandemic have ended.

But you may be entitled toStatutory Sick Pay- worth Â£109.40 a week.

Under-18s who test positive for Covid are advised to stay at home for three days.

NHS guidance saysif a child has mild symptoms such as a runny nose, sore throat or mild cough- and they feel well enough - they can go to school or childcare.

In the UK, you canonly have the Covid vaccine via the NHSif you meet certain criteria.

For most people, vaccinations are now available only as part of a seasonal rollout. You cannot currently buy them privately.

The 2023 autumn booster campaign is targeting:

residents in care homes for older adults

over-65s

people aged six months to 64 years in a clinical risk group

front-line health and social-care workers

12-64-year-olds who are household contacts of people with weakened immune systems

16-64-year-olds who are carers or work in care homes for older adults

pregnant women

The NHS has been contacting eligible people.

You canno longer book a Covid jab online or by calling NHS 119- but you may be able to with a local NHS vaccination serviceor you can find a walk-in site.

This round of seasonal Covid jabs will be available until 31 January.

Moderna told BBC News ithoped its Covid jab would be on sale in the UK from 2024.

Pfizer is also exploring options for private provision.

Who can get another Covid jab this autumn?

If you have Covid, or think you might,NHS advice is to delay vaccination until you feel better.

It also recommends waiting if you have a high temperature or feel otherwise unwell with any illness.

But there is no need to wait if you have recently recovered from Covid and feel well.

The vaccines do not infect people with Covid and cannot cause positive test results.",https://ichef.bbci.co.uk/ace/branded_news/1200/cpsprodpb/D688/production/_122602945_gettyimages-1215743266.jpg,Explainers
https://www.bbc.co.uk/news/health-51943612,Who can still get free Covid tests across the UK and can I buy LFTs?,"Most people in England and Scotland no longer get free PCRs or LFTs, and rules vary across the rest of the UK.","Most people in England and Scotland can no longer get free PCR or lateral flow tests (LFTs).

A few groups are still entitled to free Covid tests, including the most vulnerable, as well as frontline NHS staff.

Some limited free testing for the public will continue in Wales and Northern Ireland until the end of June.

What's the guidance if I have Covid now?

Free LFTsare no longer generally available to members of the public.

Most people with symptoms are no longer entitled to free PCR tests either.

Some groupscan still get free tests:

NHS staff who care for patients

hospital patients who need PCRs before treatment

care home residents

people working in high-risk settings, including care homes and prisons

hospital patients who are discharged to care homes or hospices

If you still qualify, you may be ableto order LFTs online(if you have an NHS login), or by calling 119.

People who are eligible forcommunity Covid drug treatments because they're at higher risk if they catch Covidare being sent LFTs to keep at home in case they develop symptoms.

The government says it will be able to expand the testing system again in the future if necessary, such as if a new variant of concern emerges.

You may still need to testbefore or after travelling abroad. You mustbuy private testsfor this - you can't use free NHS tests.

England: Testing guidance

Yes. High street pharmacies charge about Â£2 per test.

The government hasa list of private test providers.

However, you cannot report the result of a privately-bought LFT on the government website.

People with symptoms in Scotland are no longer asked to take a PCR test and self isolate - instead they areadvised to stay at homewhile they are unwell or have a fever.

Testing for the general population has ended,apart from certain groupsincluding health and social workers, hospital or care home visitors, hospital patients and unpaid carers.

Wales will keepsome free testing capacity until the end of June:

PCR tests won't be freely available

free LFTs will be available for people with symptoms

people should isolate if positive

contact tracing will continue

After then, free LFTs won't be available, contact tracing and self-isolation support payments will end, and self-isolation guidance will be updated to advise ill people to stay at home.

Wales: Testing guidance

Northern Irelandwill also keep some free testing capacity until the end of June.

most people with symptoms will be asked to take an LFT instead - although this requirement will be removed before the end of June

routine testing in special schools is still taking place and may continue until the end of June

contact tracing will be phased out by the end of June

routine testing for health and social care staff continues, subject to review

anyone who has to test for clinical reasons or to receive treatment still has access to PCRs or LFTs as required

Northern Ireland: Test, Trace and Protect transition plan

BOOSTER:Who can get the fourth jab and how do you book it?

SYMPTOMS:Is a runny nose a cold or Covid?

ISOLATION:What is the Covid isolation advice now?

MANAGING COVID:How to look after yourself at home

COVID CASES:How many cases are there in my area?

LONG COVID:What is it and what are the symptoms?

TREATMENT:What progress is being made?",https://ichef.bbci.co.uk/ace/branded_news/1200/cpsprodpb/8FA6/production/_123347763_gettyimages-1322901794.jpg,Health
https://www.bbc.co.uk/news/explainers-52544307,What Covid tests do I still need to travel abroad?,"From Friday, fully vaccinated people travelling to the UK no longer have to take any Covid tests.","Fully vaccinated people travelling to the UK no longer have to take any Covid tests - either before departure or on arrival.

The prime minister has announced thathe intends to remove England's remaining Covid restrictions at the end of the month.

Fully vaccinated travellers (two doses) and under-18s no longer need to take a test either before or after they arrive in England, Scotland, Wales or Northern Ireland.

To qualify as vaccinated, non-UK travellers must have received their jabs in a country or territory with""approved proof of vaccination"".This now covers most countries in the world, with more - including China - due to join on 11 February.

Will travel return to normal this summer?

What Covid rules remain across the UK?

Unvaccinated travellers still have to show proof of a negative Covid test taken two days before departure.

They must also take a post-arrival PCR test two days after arrival. This must be booked before travelling to the UK and bought privately froma government-approved list of providers.

If this is positive, they need toself-isolate.

However, unvaccinated travellers no longer have to self-isolate on arrival, or take a test on day eight.

All unvaccinated travellers to the UK must complete apassenger locator formbefore departure.

Digital Covid passes showing your vaccination status can be downloaded to your phone, whether you're inEngland,Scotland,WalesorNorthern Ireland.

Test results can be in the form of a printed document, or an email or text on your phone. They must be in English, French or Spanish.

European Union residents can use theEU Digital Covid Certificateto show their vaccination status or test results.

Since 3 February, 12 to 15-year-olds in England have also been able to prove their vaccination status via the digital NHS pass.

Where do I need to use a Covid passport?

You are responsible forchecking the entry requirements for any other countries you wish to visit,as well as the local Covid restrictions which are in force. These can change quickly.

Many UK familieshave cancelled half-term trips to mainland Spain and the Canary Islandsbecause children over 12 must be double vaccinated to enter.

Very few countries allow unrestricted access to those who have not been vaccinated.

It is thought more than 80 holiday destinations around the world still require all UK travellers to take a pre-departure PCR test before arrival.

UK-issuedCovid passes can be used throughout the EU to show proof of vaccination- either digitally, or as a printed download (as long as it is dated after than 1 November 2021).

UK government travel advice",https://ichef.bbci.co.uk/ace/branded_news/1200/cpsprodpb/13B21/production/_112737608_index_quarentine_travel_v2_976.png,Explainers
https://www.bbc.co.uk/news/world-asia-china-51176409,How will the vulnerable be protected from Covid? And other questions,The government has announced the end of all Covid restrictions in England.,"The government has announced the end of all legal Covid restrictions in England, and Scotland has taken similar steps.

Here are some of your questions on the changes:

Because your son is in a clinical risk group - and as long as he is over five - he shouldsoon be offered two doses of the Pfizer vaccine. You should be contacted by your GP or specialist team to arrange this.

With regard to the dangers of mixing, the UK has also recommended that Covid vaccines are offered to all children aged 5 to 11, not just those at high clinical risk. This is likely to start in England in April. Children are generally at much lower risk of becoming seriously ill from a Covid infection, although some do still get sick and need hospital care. Over-12s can already be vaccinated, and it's hoped that extending the rollout to younger age groups will help protect even more children from the risk of catching and spreading Covid.

Schools are expected to work with and support families who have concerns about a pupil returning to the classroom. It is compulsory for school-age children to attend, even if they were previously shielding - the only exception is a small number of children whose clinician or GP has advised them not to attend. If you have concerns about this, you should talk to your doctor.

If you live in England and are not in a vulnerable group yourself, it is unlikely that you will be entitled to a free test after 1 April. From that point, lateral flow tests should be available to buy from pharmacies and other retailers.

The government says it will continue to provide free tests to the oldest age groups and those most vulnerable to Covid. We don't have the details of how this will work yet, but your mother and her care workers should still be eligible for free tests.

Care homes are responsible for their own visiting policies, but at the moment across the UK, all visitors are expected to test for Covid before arrival.

The chief scientific adviser Patrick Vallance has warned that further variants of Covid are expected - and that they could be more severe than previous ones.

Therefore, although most of the free testing system is being dismantled in England, the government insists that the UK will continue to do detailed checks and surveillance to look for resurgences of Covid and any concerning new variants which may emerge.

For example, some people in the community will still be asked to do regular tests for Covid as part of theOffice for National Statisticsâ Infection Survey.

Positive test results collected this way can be analysed to identify the type of Covid people have. Throughout the pandemic, scientists have learned a great deal about how to track the virus, and the government says it will be possible to scale up such operations again in the future if necessary.

Trials are already underway to test updated vaccines that could be a better match for the virus as it continues to change.

The UK government also says it will also help support other countries in developing their own surveillance capabilities, because a new variant can emerge anywhere.

NHS England says patients and staff should continue to wear face masks in GP practiceseven though they are no longer mandatory in public places.

Face coverings also remain compulsory in healthcare settings in Scotland and Wales, and it is ""strongly advised"" that people wear them in Northern Ireland.

Your doctor will be able to advise about what tests you will need before you have an operation.

You may need to have a Covid test, and the government has said free testing will still be available in certain settings, such as hospitals. Infection control measures will continue to help keep people safe and limit the spread of the virus.

SYMPTOMS:How do I know I've got Covid?

LOOK-UP TOOL:Check cases in your area

What questions do you have about coronavirus? Do you want to ask it on BBC News? Get in touch and we may ask you to send us a video of you asking your question.

In some cases, your question will be published, displaying your name, age and location as you provide it, unless you state otherwise. Your contact details will never be published. Please ensure you have read ourterms & conditionsandprivacy policy.

Use this form to ask your question:

If you are reading this and can't see the form above you will need to to submit your question or send them via email toYourQuestions@bbc.co.uk. with any question you send in.

How many cases are there in my area?

What's the guidance for Covid in the UK now?

How are travel rules being relaxed?

Where do I still need to wear a mask?",https://ichef.bbci.co.uk/ace/branded_news/1200/cpsprodpb/10BC9/production/_112735586_coronaqa_promo-nc.png,Explainers
https://www.bbc.co.uk/news/uk-scotland-60645898,One dead after trawler which sailed from Peterhead capsizes off Norway,Three crew were flown to hospital after being found on the keel of the boat which sailed from Peterhead.,"The Njord had sailed from Peterhead

A man has died and seven crew members have been rescued after a fishing trawler capsized off Norway.

The Njord, which left Peterhead on Saturday afternoon, got into difficulty in the North Sea, about 100 nautical miles west of Stavanger.

Rescuers found the crew on the keel of the capsized boat on Sunday afternoon.

The Norwegian Joint Rescue Co-ordination Centre (JRCC) said three who had ingested diesel were airlifted to hospital in Bergen and one later died.

Five others were picked up by an offshore vessel, the Olympic Challenger.

The JRCC said there was no radio contact with the stricken 24m (79ft) vessel, which was previously called Courageous when it worked out of Lerwick in Shetland.

A spokesman said they were automatically alerted by the trawler's emergency position-indicating radio beacon (EPIRB), which activated when it started taking on water.

StÃ¥le Jamtli from the JRCC told BBC Scotland the helicopter rescue was scrambled from a nearby offshore platform.

""They were there I guess after 20-something minutes,"" he said. ""When they arrived at the wreck, they saw some people sitting on the keel of the vessel - the vessel had capsized and two people I think were in the water.

""Five of them were picked up by a nearby vessel that came to aid. The three people that were hoisted into the helicopter, they were brought to hospital in Bergen. They all had swallowed some diesel oil. The five other guys were then picked up by another helicopter and sent ashore, but they were in fairly good shape.""

He added: ""When you consider the circumstances, I guess they were lucky because they got a really fast recovery or help because there was an offshore helicopter that close by.

""It probably went very fast, the capsizing, because they didn't have any rescue gear or life rescue suits on them either, so they were just in normal working clothes. They would be cold. So they were lucky that they were rescued that fast.""

A major air and sea rescue operation was launched

The Olympic Challenger's captain Sven Tore Ask received the distress message. They were five nautical miles away when they set off towards the fishing boat.

They sent out a small boat and rescued five of the crew who were in the water, before giving them warm clothes, food and drink, before the rescue helicopter arrived and transported them ashore.

Shipowner Stig RemÃ¸y said: ""The crew has done a great job, where the quick action taken has clearly saved lives.""

The UK's Maritime and Coastguard Agency (MCA) said it received a distress alert from the EPIRB at 13:49 on Sunday in the Norwegian search and rescue region.

The Norwegian Coastguard was contacted and confirmed it had also received the alert and a helicopter had been sent.

It is believed the boat, built in 1992, sailed from Peterhead on Saturday afternoon and is registered in North Shields.

No details about the dead man or the crew members have been released.

An FCDO (Foreign, Commonwealth and Development Office) spokesperson said: ""We are supporting the family of a British man following his death in Norway. We are also supporting a British man who is hospitalised in Bergen. We remain in contact with the Norwegian authorities.""",https://ichef.bbci.co.uk/ace/branded_news/1200/cpsprodpb/14A26/production/_123581548_njordsydneysinclair.jpg,Scotland
https://www.bbc.co.uk/news/world-europe-60638895,Ukraine: Irish student makes fresh escape attempt,A 19-year-old Irish woman living in Sumy is trying to leave the country amid Russian attacks.,"Racheal Diyaolu has been taking cover in her university's bunker since the Russian invasion

An Irish medical student is attempting to leave Ukraine after sheltering for days from airstrikes and shelling in the eastern town of Sumy.

Racheal Diyaolu, who is 19 and from Carlow, was among hundreds of international students in the city close to Ukraine's border with Russia.

Sumy has been under attack by Russia since its invasion started last month.

Racheal told BBC News NI she had been mentally ""blocking out"" the dangers she faced.

It is understood she left Sumy on Monday after she was picked up by two Scottish men attempting a rescue who her family had been in contact with.

Her sister, Christiana, said she had passed safely through a number of checkpoints and was staying overnight at a ""safe stopover location"" before a curfew begins.

""The relief just knowing that they're safe and sheltered,"" she told BBC Radio Ulster's Evening Extra programme.

""We're hoping for the best now.""

A previous rescue effort failed on Sunday when a minivan used by the men was targeted by ""warning shots"" from Russian forces as they tried to enter Sumy, Racheal said.

However, they managed to reach an agreed pick-up location on Monday morning.

On Monday night, Racheal said that the group planned to head for Moldova on Tuesday.

""Hopefully we'll be able to get to the border and find our way through, and get home soon,"" she said in a video, posted on Twitter.

Allow X content?

This article contains content provided by X. We ask for your permission before anything is loaded, as they may be using cookies and other technologies. You may want to readXâs cookie policyandprivacy policybefore accepting. To view this content chooseâaccept and continueâ.

Earlier, she had told RTÃ's Morning Ireland programme they hoped to travel in the direction of Poland, a journey which could take up to 20 hours.

She was not sure if they could make use of humanitarian corridors.

""I have left behind lots of friends who are still stuck there and still looking for ways to get out, and most of my belongings as well,"" she explained.

""I'm fine, just trying to stay in high spirits and keep positive that we'll make it to Poland.""

Christiana said the Scottish men had their phones seized during the attack on Sunday before being told to turn back.

""Luckily they were able to find an alternative route into Sumy and stayed there overnight and then continued their mission this morning,"" she added.

Racheal has been studying in Ukraine since November

The Irish Department of Foreign Affairs told BBC News NI it was aware of 52 Irish citizens remaining in Ukraine.

On Sunday, UN monitors said 364 civilian deaths had been confirmed in Ukraine since the invasion began on 24 February, but the real figure was likely to be ""considerably higher"".

Ms Diyaolu arrived in the country from the Republic of Ireland for her studies last November.

Since the invasion started, she has been taking cover in her university's bunker when air raid sirens have sounded.

""Someone will come and knock on your door on all the floors to let them know that it's time to go down and take cover, bring your essentials and your documents,"" she told BBC News NI before her latest attempt to leave Sumy.

The Ukrainian deputy prime minister has saidRussia is striking civilian targets in Ukraine, including hospitals, nurseries, and schools.

LIVE:Latest updates from on the ground

IN KYIV:Locals fear another Grozny or Aleppo

ANALYSIS:Europe finally steps up

EXPLAINED:Why Putin has invaded Ukraine?

IN DEPTH:Full coverage of the conflict

At the beginning of the invasion, Russian tanks and troops poured into Ukraine at points along its borders including northern regions such as Sumy.

Ms Diyaolu said it had been ""an out-of-body experience"" to know there is such danger outside.

""I've had to train my mind to block out the fact that this is incoming danger,"" she told BBC News NI.

""It does happen so frequently at this point that you kind of don't have time to be afraid any more.""

Russian forces have been heavily shelling towns outside the capital of Kyiv

The student said things had become quite difficult in Sumy, ""especially for people who are trying to get out"".

""It's been quite hard going, we've had a lot of air strike threats, we've had quite a few bombs being dropped,"" she said.

The medical student said she had tried to ""hold on to hope"" that she would be able to get home.

""It's especially hard on my mother, she's just worried to death all day every day, trying to get in contact with me,"" she said.

""The best thing I can do is stay calm when I am talking to her, letting her know that I'm OK.

""I know that I'm in a scary situation and in a dangerous area, but letting her know that I'm OK, mentally and physically, and that my mind is with them at home and my mind is focused on staying safe and trying to find ways to get out.""

Ms Diyaolu's family have been calling for more help from the Irish government to bring the 19-year-old home.

Ireland's Department of Foreign Affairs said it could not comment on specific cases, but confirmed it was in contact with Irish citizens in Ukraine.

It has advised people to ""shelter in a secure place"" or, if it is safe to do so, to ""consider leaving Ukraine, depending on their location and prevailing circumstances"".

As it happened: Russian shelling prevents evacuations once again - Ukraine

UK calls for 'step-by-step' move from Russian fuel

Ukraine: Taking cover in a town under attack. Video, 00:03:41Ukraine: Taking cover in a town under attack",https://ichef.bbci.co.uk/ace/branded_news/1200/cpsprodpb/8E0F/production/_123576363_a272216d-042b-4d4e-9e44-72db51ad2c26.jpg,Europe
https://www.bbc.co.uk/news/uk-england-tyne-60644301,Northumberland shooting star caught on one-in-million photo,The family were posing for a photo when a shooting star shot through the background.,"Photographer Wil Cheung said this was a one-in-a-million shot

A family photo with the Northern Lights became a ""one-in-a-million"" shot after a shooting star flew in the background.

Steve Swan, his partner Louise Redpath and their children were posing during a stargazing night in Northumberland on Saturday when the out-of-this-world event took place.

Mr Swan said it was ""ironic"" as the foursome were the only ones not to see the star when it flew overhead.

Photographer Wil Cheung said he knew he would ""never get that shot again"".

The family, from Morpeth, were at the event at the Twice Brewed Inn, near Hadrian's Wall, when Mr Cheung offered to take their picture in front of the aurora borealis display at about 21:00 GMT.

The Northern Lights could be seen at Hadrian's Wall on Saturday

Mr Swan said: ""We couldn't believe it when we saw the photo - ironically, we were the only ones in the group who didn't get to see the shooting star when it happened - but we have a pretty special photo which captured the moment forever.""

Mr Cheung, the inn's ""resident stargazer"", said: ""Getting the aurora in the background and such a beautiful shooting star travelling across the sky just at the moment the family were posing for a photo - it's amazing. I know I'll never take another shot like that again.

""It's a real one-in-a-million stuff.""

Mr Swan, whose mother booked the stargazing session for the family as a Christmas present, said they would be getting the photo printed, framed and on the wall this week.

Follow BBC North East & Cumbria onTwitter,FacebookandInstagram. Send your story ideas tonortheastandcumbria@bbc.co.uk.

The Twice Brewed Inn",https://ichef.bbci.co.uk/ace/branded_news/1200/cpsprodpb/8DA1/production/_123575263_mediaitem123575262.jpg,Tyne & Wear
https://www.bbc.co.uk/news/world-asia-60645939,Shane Warne: Australian cricket legend died from natural causes - police,Thai police say there's no sign of foul play in the cricketer's death while on holiday on Koh Samui.,"Shane Warne's body is being transported from Thailand back to Australia

Australian cricket legend Shane Warne's death in Thailand on Friday was from natural causes, police have confirmed.

A senior Thai police official said the post mortem exam showed no signs of foul play in the 52-year-old's death.

Warne, who is considered to be one of the greatest cricketers of all time, died of a suspected heart attack on Koh Samui island, where he was holidaying.

The Australian government is bringing his body back to Australiawhere he will be given a state funeral.

Warne was a larger-than-life figure whose fame transcended sport and he inspired generations of fans.

There have been tributes like this one in Melbourne left for Warne on Koh Samui too

He was found unresponsive at the Thai villa where he was staying with friends. Attempts to revive him in hospital were unsuccessful.

The post mortem exam showed Warne died of a ""congenital disease"", Songyot Chayaninporamet, deputy director of Samui Hospital, told a news conference, Reuters news agency reported.

""There is no Covid-19 infection and no sign of assault or murder.""

Thailand's deputy police spokesman Krissana Pattanacharoen said in a statement: ""Investigators received an autopsy report today in which a forensic doctor concludes the death was due to natural causes.""

He said the player's family had been informed and accepted the findings. Warne is survived by his three children with former wife Simone Callahan.

Shane Warne was found unconscious in his room at this luxury villa on Koh Samui

The death of one of Australia's favourite sons has shocked the country, and brought a flood of tributes from cricket fans and others around the world.

Warne's familyhave made their first comments following his sudden death, with his parents, children, ex-wife and brother saying how much they missed him.

""To find words to adequately express our sadness is an impossible task for us, and looking to a future without Shane is inconceivable,"" parents Keith and Brigitte said in a statement.

""I wish I could've hugged you tighter in what I didn't know were my final moments with you,"" his daughter Summer said.

Police say Warne's body will be flown to Australia on Tuesday.

Security concerns were raised when aGerman woman carrying flowers managed to climb into the back of the ambulancetaking the cricketer's body off Koh Samui. Thai police questioned her and later described her as a ""fan who wanted to pay her respects and sincerity"" to Warne.

Melbourne stand to be named after Warne

Warne obituary: A fascinating life on and off the field

Warne's life and career in pictures

Cricket pays tribute after death of its 'greatest showman'

Warne's mastery of leg-spin - a style of bowling that declined during the 1970s and 1980s when fast bowlers dominated - revolutionised cricket.

He took 708 Test wickets, the second most of all time, in 145 matches across a stellar 15-year international career.

Shane Warne bowls Mike Gatting with the 'ball of the century' in 1993 Ashes

Warne helped Australia win the 1999 50-over World Cup.

In 2000, he was named one of the five Wisden cricketers of the century, alongside Sir Donald Bradman, Sir Garfield Sobers, Sir Jack Hobbs and Sir Viv Richards.

He retired from international cricket in 2007, going on to a career as a commentator, pundit and coach.

Hurley pays tribute to 'beloved lionheart' Warne

Warne family accept state funeral offer

The ball that changed history

Australia legend Warne dies aged 52

'Adulation and scandal... but arguably cricket's best ever bowler' - Warne obituary",https://ichef.bbci.co.uk/ace/branded_news/1200/cpsprodpb/14CF4/production/_123563258_warne_gettytwo.jpg,Asia
https://www.bbc.co.uk/sport/av/football/60642718,'Foden sets the tempo' - how Man City 'steamrollered' Man Utd,Match of the Day 2's Danny Murphy and Troy Deeney analyse how the combination play between Phil Foden and Kevin de Bruyne helped Manchester City beat Manchester United 4-1.,"There was an error

Match of the Day 2's Danny Murphy and Troy Deeney analyse how the combination play between Phil Foden and Kevin de Bruyne helped Manchester City beat Manchester United 4-1.

MATCH REPORT:Manchester City 4-1 Manchester United

Available to UK users only",https://ichef.bbci.co.uk/ace/standard/1024/cpsprodpb/B371/production/_123573954_p0bswbgf.jpg,
https://www.bbc.co.uk/sport/av/cricket/60644542,Bates powers New Zealand to comfortable World Cup win over Bangladesh,Suzie Bates hits 79 not out on her home ground to lead New Zealand to a nine-wicket victory over Bangladesh at the Women's World Cup.,"There was an error

Suzie Bates hits 79 not out on her home ground to lead New Zealand to a nine-wicket victory over Bangladesh at the Women's World Cup.

WATCH MORE:England beaten by Australia despite Sciver century",https://ichef.bbci.co.uk/ace/standard/1024/cpsprodpb/16D75/production/_123575539_p0bsx0gd.jpg,
https://www.bbc.co.uk/news/world-europe-60645126,Chaos and tears as thousands try to catch a train out of Ukraine,"At the central train station in Lviv, many thousands arrive after fleeing bombed out cities further east.","Women and children queue at Lviv station for a train to Poland. Hundred of thousands are passing through the station every day

When Svitlana Maksymenko's train pulled into the Ukrainian capital Kyiv, about halfway through her 800-mile journey from home to safety, people pushed onto every part of the carriage, she said, grasping for their own escape route west. Some abandoned their luggage. Some begged to get on.

""They were on their knees on the platform,"" Maksymenko said. ""There was no room. There were people standing in every space, in every gangway, there were five people on every bed.""

Maksymenko's journey began in Kharkiv, an eastern city that has been heavily shelled by Russian forces, and stopped, for now, in Lviv, a picturesque western city about 50 miles from the Polish border with a grand central station that has become a waypoint for hundreds of thousands of refugees.

In almost every corner of the station concourse over the weekend, in the waiting rooms, the underpasses and all along the platforms, there were people taking shelter, sleeping, anxiously waiting, rushing for trains. There were tense moments as volunteer stewards tried to hold back the crowds of people massed at entry gates, fearful of missing their chance to escape. Women with children wept with the stress, clutching their passports and family birth certificates in one hand and their children in the other. Outside the station, there were tearful goodbyes as fighting-age men, banned from leaving Ukraine, stopped and let their families go, unsure if they would ever see them again.

There were tense moments as stewards attempted to hold back crowds anxious to make the trains

By the time she reached Lviv, Maksymenko had been on the train with her parents-in-law and three-year-old daughter for 26 hours. Some reported longer journeys. Maksymenko was a drop in a river of people that began flowing into Lviv when Russia invaded and swelled over the past few days as Russian forces escalated their campaign of bombing against Ukrainian civilians.

""We estimate 30,000 people arrived on Thursday, 100,000 people on Friday and at least a 100,000 more on Saturday,"" said Viktoria Khrystenko, a Lviv city council official helping to manage the influx of refugees.

""We are doing our best to cope but we have never seen anything like this,"" she said. ""We are expecting more people. It might be millions. It's a disaster. These people have nothing, just one bag because they had only three minutes to run and save their lives.""

Lviv station was heaving with people on Friday night, thinning only slightly as trains departed for Poland before filling again with new arrivals from the bombed-out cities in the north, east, and south of Ukraine.

Outside, Kolya, 46, was standing with tears streaming down his face, watching his wife and two teenage daughters walk away from him.

""I hope they will make it safely to Europe, I want so badly to be with them,"" he said. ""This is as far as I can go.""

Ukraine has banned men aged 16-60 from leaving the country, unless they have a disability or three children under 18. They are stopped in document checks at the station or at border crossing points further west. Kolya had stood for 10 hours on the train from Kyiv to ensure his family reached Lviv safely, he said, and now he would make the same journey back to join his 19-year-old son and his brothers in the fight against Russia.

""I will go back to Kyiv and defend my city. It is my home,"" he said. ""How, I don't know - I have asked them for a gun, but how will I protect my city from missiles with a gun?""

Poland's government began sending buses over the weekend to bring Ukraine's refugees over the border to safety.

Kolya's wife and children would press on to Poland, whose government has sent trains and buses to bring people from Ukraine into its country, sparing tens of thousands of refugees traumatic journeys to the border and long waits to cross by foot.

By Sunday, more than 1.5 million Ukrainians had crossed into Poland, according to the UN. Hundreds of thousands more were on the move inside Ukraine.

Amid the chaos in the station at Lviv, volunteers and fellow travellers helped the very young and the very old, carrying pushchairs and suitcases up and down the stairs to the platforms, marshalling children to rooms upstairs where they could get a hot meal, and helping the elderly wherever they could.

""Physically it was very hard for me of course, people were pushing very hard,"" said Dusia Kostiuk, 91, who boarded a train in Kharkiv at 9pm on Friday, arrived in Lviv at midnight on Saturday, and spent the next 15 hours in a queue at the station to move on Poland.

""Our house was still there when we left but shelling was happening all around and we were told that terrible shelling is happening there now,"" Kostiuk said.

""We didn't take anything with us, I took two dresses and that's it.

""I was born and raised in Kharkiv. I didn't really travel before, I don't like to travel. I never thought I would leave my home like this.""

Dusia Kostiuk, 91, spent 27 hours on a train from the heavily bombed city of Kharkiv to Lviv.

Many of those arriving in Lviv, like Kostiuk, stay in the station until they can board a train to Poland - some bedding down for a night or longer in any free corner. The air inside the grand waiting rooms and gangways was thick with the heat and odour of a mass of people who have been on the move for many days.

Those who cannot move straight on to Poland head out into the city looking for temporary shelter. At a small theatre in Lviv's historic old town, 20 beds had been arranged for those who needed to spend up to three nights in the city before they can leave.

Olha Adamenko, 32, arrived there on Sunday evening with her husband and sick two-year-old daughter. They had driven over four days from Kyiv, stopping in shelters along the way. But the shelter in the theatre was already at capacity and it was not clear whether there was going to be a bed there for her that night, the staff said.

It was a problem many would face that night, according to Khyrstenko, the city official, who said all of the roughly 20,000 temporary beds in the city were already taken.

At the theatre, Adam Yemchenko, a volunteer, was preparing to turn people away. ""Most people arrive later than this but people getting to us tonight won't get a bed, we will have to send them somewhere else,"" he said.

""Some will carry straight on to the border but they face an eight hour wait there in the cold.""

Refugees rest in a shelter in a small theatre in Lviv. By early evening on Sunday the shelter was full and turning people away.

This was the choice facing Adamenko, as she sat down inside the small theatre foyer looking tired and stressed. She stopped to breastfeed her daughter, who was restless and tearful. Her husband would soon have to leave them here in Lviv and travel back to Kyiv to join the territorial defence forces.

She asked the volunteers at the shelter how to reach the Polish border by bus and which were the best border crossings.

""Maybe we will go tonight,"" she said. But she was worried, there were long queues at the crossing points and it was the depth of winter.

""I heard people are queuing outside there during the day but at night locals take them into their homes, but I don't know if it is true,"" she said. ""I am worried about the baby, she is sick and tired.""

Adamenko was also starting to worry more about her husband. She thought their local defence battalion on the outskirts of Kyiv would be relatively safe, but heavy fighting surrounded it over the weekend in the districts of Bucha and Irpin.

""Maybe that means the Russians will go through our neighbourhood next,"" she said.

A young boy leaves Ukraine on a bus bound for Poland. Thousands of children have spent hours away from home.

As night fell, Adamenko and her husband left the theatre and walked into Lviv with directions to another shelter, where if she could find a bed they would part - one on to safety abroad, one back to danger at home.

Later on Sunday night, at the station, many thousands more people were still arriving and departing. They formed queues that were as orderly as possible under the circumstances and continued to help each other. Volunteers bustled through the crowds with trays made from cardboard boxes, handing out tea and snacks in plastic cups.

At the same time, Viktoria Khrystenko, the city council official, was driving her own three children to the Polish border. They had left on Sunday morning and by early Monday morning they had been in the car nearly 24 hours through the bitterly cold night.

Eventually they crossed in to Poland and Khrystenko left her children with relatives and began the long return journey to Lviv. As she drove, she wept.

""I'm sorry, I'm emotional because I didn't sleep at all,"" she said. ""I had a task to take my kids to a safe place across the border and I have done that, so now I need to go back to Lviv and continue to help.""

Khrystenko was born here in Lviv. She had never been more proud of its people, she said. They were ""ready to give away their last package of buckwheat or can of food"" to help others. ""We have only one Ukraine and we need to save it,"" she said.

She hung up and drove on, headed for her three-room apartment in the city, where there were 17 women and children from all over Ukraine resting after long journeys to Lviv. She had taken home as many people from the station as she could, she said.

Outside Lviv station fire barrels were lit during the night to keep the crowds warm

Orysia Khimiak and Svitlana Libet contributed to this report.Photographs by Joel Gunter.

LIVE:Latest updates from on the ground

THE BASICS:Why is Putin invading Ukraine?

SCENARIOS:Five ways the war in Ukraine might end

INNER CIRCLE:Who's in Putin's entourage, running the war?

IN DEPTH:Full coverage of the conflict

Russia agrees need to create humanitarian corridors

Ukrainian city of Mariupol 'near to catastrophe'

Blinken: Ukraine can absolutely win the war

Zelensky slams Nato over rejection of no-fly zone",https://ichef.bbci.co.uk/ace/branded_news/1200/cpsprodpb/B174/production/_123582454_dscf2657-2.jpg,Europe
https://www.bbc.co.uk/news/world-60555472,How many Ukrainian refugees are there and where have they gone?,The UN says more than 12 million people have fled their homes since the Russian invasion.,"At least 12 million people have fled their homes since Russia's invasion of Ukraine, the United Nations (UN) says.

More than five million have left for neighbouring countries, while seven million people are still thought to be displaced inside Ukraine itself.

However, hundreds of thousands of refugees have returned to their home country - especially to cities like Kyiv.

The UN says that,as of 4 July, more than 5.2 million refugees from Ukraine have been recorded across Europe. More than 3.5 million have applied for temporary residence in another country:

Russia: (estimated) 1,412,425 Ukrainian refugees recorded

Poland: 1,194,642

Moldova: 82,700

Romania: 83,321

Slovakia: 79,770

Hungary: 25,800

Belarus: 9,820

Others have moved on to other countries, especially those who crossed into Poland, Hungary and Slovakia. These nationshave open borders with other EU states.

The UN says there are more than 867,000 Ukrainians in Germany, almost 382,768 in the Czech Republic and 141,562 in Italy.

Some Ukrainians travelled to Russia from the regions of Luhansk and Donetsk, which are now mostly in the hands of pro-Russian separatist forces.

President Vladimir Putin said his forcesevacuated 140,000 civilians from Mariupoland insisted none of them was forced to go to Russia. However,volunteer groupssay they have helped thousands of Ukrainians leave Russia.

The EU has granted Ukrainians the automatic right to stay and work throughout its 27 member nations for up to three years.

Refugees are housed in reception centres if they can't stay with friends or relatives. They are given food and medical care, and information about onward travel.

They are entitled to social welfare payments and access to housing, medical treatment and schools.

Poland, one of the countries which has taken the highest number of refugees, and Moldova, which has the largest concentration of refugees by population, have asked for additional support.

Hundreds of refugees were housed in this athletics centre in Moldova

The UN says that as of 21 June,there have been over 3 million ""cross-border movements"" back into Ukraine, but says this number does not refer to individual refugees.

Ukraine's border force had previously said people were crossing back into the country at a rate of about 30,000 a day.

Some are returning to areas of Ukraine such as the capital Kyiv, which were threatened by Russian army advances at the start of the war, but which are now considered safer.

In May, Kyiv mayor Vitali Klitschko saidthe city's population was back to two-thirds of its pre-war level.

The UN's International Organisation for Migration (IOM) said in May thatmore than seven million people remain internally displaced:

27% of refugees were from the Kharkiv region

16% from Kyiv

16% from the Donetsk region in eastern Ukraine

24% indicated their homes had been damaged or attacked in the war

The IOM estimates that more than half of the people who are internally displaced are women. Many are particularly vulnerable because they are pregnant or have small children, have a disability or are a victim of violence.

The UN is working alongside other organisations to provide cash, food and other supplies.

The UN estimates that about eight million people are displaced inside Ukraine

The UK introduceda family visa schemefor Ukrainians who have an immediate or extended family member in the UK.

Afterthe government response was criticised, it launched theHomes for Ukraine schemeto allow those without relatives in the UK to settle.

People in the UK can nominate an individual or family to stay with them rent-free for at least six months.

Refugees who come via the scheme can live and work in the UK for up to three years, and get access to healthcare, welfare and schools.

Applications are madeonline, and both hosts and refugees are vetted. Hosts receive Â£350 a month.

Many families who have applied to be sponsorshave complained that the system is too slow and complicated.

As of 28 June, the governmenthad issued 142,500 Ukrainian visasout of 161,500 applications received, and as of 27 June, 86,600 visa holders had arrived in the UK.

How can I offer a UK home to Ukrainian refugees?",https://ichef.bbci.co.uk/ace/branded_news/1200/cpsprodpb/1176F/production/_123453517_gettyimages-1373101584-594x594.jpg,World
https://www.bbc.co.uk/news/world-asia-india-60637980,Ukraine: India doctor stranded with a jaguar and panther,"Gidikumar Patil, who bought two big cats, said he will not leave home without his pets.","Girikumar Patil bought a jaguar and a panther from a zoo 20 months ago

For more than a week, an Indian-born doctor in war-torn Ukraine has been holed up in a basement at home with his pet big cats - a black panther and a jaguar.

Gidikumar Patil, who bought the two cats from the Kyiv zoo, says he will not leave home without his pets. He has lived for over six years in Severodonetsk, a small town located in the Donbas region of eastern Ukraine.

After the war began, Mr Patil, who is single, has been stepping out of his cramped basement only to buy food for his cats - the male jaguar is 20 months old and the female panther is a six-month-old cub - after the curfew ends early in the morning. (The jaguar is a rare hybrid between a male leopard and a female jaguar, he said.)

How Ukraine's animals are being rescued in war

Weapons now a part of everyday family life

So far, Mr Patil said he had bought 23kg of sheep, turkey and chicken meat from neighbouring villages at prices four times higher than normal.

""My big cats have been spending nights in the basement with me. There has been a lot of bombing happening around us. The cats are scared. They are eating less. I can't leave them,"" Mr Patil, 40, told the BBC.

""This is the second war I am living through. But this is scarier.""

Mr Patil said he was earlier living in Luhansk, where Russian-backed rebels have been fighting Ukrainian troops since 2014 despite a ceasefire agreement. During the fighting in the region, his home and an Indian restaurant he opened in the area were destroyed, he said.

Ukrainian military forces walk in the small town of Severodonetsk, where Mr Patil lives

He then moved to Severodonetsk, about 100km (62 miles) away, bought a new place, began practising medicine and bought his new pets.

""Now I am stuck in a war zone. This time I am really worried. My parents have been calling me and asking me to come home, but I can't leave the animals,"" Mr Patil said.

Mr Patil, who hails from the southern Indian state of Andhra Pradesh, said that he spent $35,000 (Â£26,460) to buy the panther and the jaguar from the Kyiv zoo about 20 months ago. He said the zoo allowed private sales of animals provided the owner had enough space to keep them - Mr Patil showed the birth certificates of the animals supplied by the zoo.

Mr Patil said he arrived in Ukraine in 2007 to study medicine. Since 2014, he has been a practising orthopaedic doctor and now works in a government hospital in Severodonetsk which was shut after the war began. He said he also does private practice.

Mr Patil says he will not return to India without his pets

In Severodonetsk, Mr Patil lives in a six-room two-storey house with a small enclosure for the animals. He said he spent most of his earnings on his pets - he also has three dogs - and tries to raise additional funds through hisYouTube channelswhere he posts videos of his two big cats for some 85,000 subscribers.

""I have always been fascinated with big cats since watching my favourite southern Indian film star, Chiranjeevi, in a film with leopards,"" he said.

The son of a bank manager father and a school teacher, Mr Patil said he has always been an ""animal lover"", and kept dogs, cats and birds at home.

After high school and college, Mr Patil also dabbled in acting, doing small parts in Telugu soaps. In Ukraine, he said, he had done parts as a ""foreign"" character in half-a-dozen local films and series.

The border with Russia was barely 80km from home, Mr Patil said, but it was difficult to reach there because of Russian forces in the region. There had been intermittent power cuts and internet breakdowns in his neighbourhood, but he was able to post video messages on social media regularly.

""I am the only Indian out here, and at night I am alone in the neighbourhood. Most of my neighbours have moved to nearby villages. I am going to hold out,"" he said.

Jeremy Bowen was on the frontline in Irpin, as residents came under Russian fire while trying to flee.

How Ukraine's animals are being rescued in war

Weapons now a part of everyday family life",https://ichef.bbci.co.uk/ace/branded_news/1200/cpsprodpb/D134/production/_123565535_mediaitem123565532.jpg,India
https://www.bbc.co.uk/sport/av/football/60639547,Arsenal survive scare to beat Birmingham and extend WSL lead,Vivianne Miedema becomes the first player to reach 100 Women's Super League goal contributions as leaders Arsenal see off a late Birmingham charge to win 4-2 at Meadow Park.,"There was an error

Vivianne Miedema becomes the first player to reach 100 Women's Super League goal contributions as leaders Arsenal see off a late Birmingham charge to win 4-2 at Meadow Park.

WATCH MORE:Arsenal's Miedema reaches record 100 goal contributions in WSL

MATCH REPORT:Miedema makes history again for Arsenal",https://ichef.bbci.co.uk/ace/standard/1024/cpsprodpb/16D1A/production/_123566439_mmwslarsbirmatcheditthumbnail.10_02_49_16.still002.jpg,
https://www.bbc.co.uk/news/uk-60650285,Blue and yellow flowers as Queen meets Trudeau,The Queen returns to in-person meetings with what appears to be a subtle show of support for Ukraine.,"The monarch greeted Canada's Justin Trudeau with a handshake

The Queen posed in front of blue and yellow flowers, the national colours of Ukraine, as she held her first in-person meeting at Windsor Castle since falling ill with Covid.

On whether this was a symbolic show of support, a Royal source indicated it was unlikely to be accidental.

The 95-year-old monarch was pictured smiling warmly at the Canadian PM as he held her right hand in both of his.

Justin Trudeau was visiting for talks with the UK PM about the Ukraine war.

The monarch, who is also Queen of Canada, tested positive for Covid-19 on 20 February and has carried out only ""light duties"" since then, cancelling several events.

She carried out her first virtual engagements on 1 March before Monday's face-to-face meeting.

Palace eases concerns over Queen's Covid case

Queen recovers to carry out virtual engagements

Charles leads Jubilee tributes to 'remarkable' Queen

During the audience at Windsor Castle's Oak Room, Mr Trudeau was also pictured laughing as the Queen gestured towards herself.

The Queen was not seen with the walking stick which she has been using recently.

Asked later at a Downing Street news conference about his meeting with the monarch, Mr Trudeau said: ""She was as insightful and perspicacious as ever, very interested in what is going on, asked me all sorts of questions about Canada.

""We had a really useful - for me anyway - conversation about global events, as we always do.""

As well as this gesture of support for Ukraine at the meeting, the Queen previously made a donation to the Disasters Emergency Committee appeal to help people fleeing the conflict in Ukraine.

She has two high-profile events scheduled in the coming weeks: the Commonwealth Service on 14 March and the Duke of Edinburgh's memorial service on 29 March, both at Westminster Abbey.

Last month, she reached her Platinum Jubilee after 70 years on the throne.

BIG BUSINESSES AND CLIMATE CHANGE:Deborah Meaden talks to some of the world's biggest business about the biggest problem facing the planet

JUST STAND UP:Can we burn more calories and lower blood sugar levels without even doing any exercise?

Charles leads Jubilee tributes to 'remarkable' Queen

Palace eases concerns over Queen's Covid case

Queen recovers to carry out virtual engagements

Queen tests positive for Covid",https://ichef.bbci.co.uk/ace/branded_news/1200/cpsprodpb/14FF8/production/_123580068_hi074402258.jpg,UK
https://www.bbc.co.uk/news/entertainment-arts-60647760,Lynda Baron: Open All Hours and Come Outside actress dies aged 82,"The actress played Nurse Gladys Emmanuel in the sitcom, and appeared in Come Outside and EastEnders.","Lynda Baron, Ronnie Barker and David Jason starred in in Open All Hours

Actress Lynda Baron, best known for her role as Nurse Gladys Emmanuel in BBC TV sitcom Open All Hours, has died at the age of 82.

The hit show about a Yorkshire corner shop, which starred Ronnie Barker and Sir David Jason, ran in the 1970s and 80s before being revived in 2013.

Baron also appeared in children's show Come Outside and EastEnders.

Her agent said her ""iconic roles"" were ""loved by all generations"", adding that she was ""a leading light of our world"".

Baron and Auntie Mabel's dog Pippin were known to a generation of children for the show Come Outside

Barontold The Sunday Postin 2020 that although she loved playing Nurse Gladys and Auntie Mabel in Come Outside, she ""couldn't name my favourite of the different characters I have played"".

She told the newspaper: ""Working with Ronnie Barker and David Jason was unbelievable - two great actors in a brilliantly scripted sitcom. There was never a day when we did not have a great laugh ourselves and that carried on when Still Open All Hours became a series.""

In Roy Clarke's Open All Hours, she played the long-suffering Nurse Gladys, who resisted the amorous attempts of shop owner Albert Arkwright, played by Barker, to woo her.

Sir David played Arkwright's equally long-suffering nephew, who went on to run the shop with his son when the show returned as Still Open All Hours in 2013.

Baron played Linda Clarke in EastEnders on and off over a decade

Baron was nominated for a Bafta Award in 2011 for her role in The Road To Coronation Street, a one-off drama about the early days of the soap. She played actress Violet Carson, who portrayed Ena Sharples in the long-running series.

In BBC soap EastEnders, she played Linda Clarke, the mother of Jane Beale. She also appeared in Doctor Who, Last of the Summer Wine, Down To Earth, Dinner Ladies and Barbra Streisand's 1983 film Yentl.

Bernard Cribbins and Lynda Baron appeared in Down To Earth in 2005

Actress Sally Lindsay, who appeared in Still Open All Hours,paid tribute: ""I loved Lynda Baron. She was funny and clever and a joy to work with, and she once gifted me a pair of beautiful red shoes. This has made me very sad. RIP Lynda darling x""

EastEnders and The Bill actor Stuart Anthonysaid: ""She was the nicest person and what a legend.""

Lisa Riley, who played Baron's daughter in ITV's Fat Friends, wrote: ""We ALWAYS laughed together.""

Allow X content?

This article contains content provided by X. We ask for your permission before anything is loaded, as they may be using cookies and other technologies. You may want to readXâs cookie policyandprivacy policybefore accepting. To view this content chooseâaccept and continueâ.

Allow X content?

This article contains content provided by X. We ask for your permission before anything is loaded, as they may be using cookies and other technologies. You may want to readXâs cookie policyandprivacy policybefore accepting. To view this content chooseâaccept and continueâ.

Baron's agent Donna French said: ""It is with great sadness that we announce the passing of our beloved client Lynda Baron.

""She was a wonderful actress and a great friend. Her iconic roles of Nurse Gladys in Open All Hours and Aunt Mabel in Come Outside were loved by all generations.

""Renowned for her leading roles in West End musicals and dramatic productions alike, we have lost a leading light of our world.

""We extend our deepest condolences to her daughter Sarah, her son Morgan and all her family.""

James Baxter, Sir David Jason and Linda Baron starred in Still Open All Hours

Baron's other credits included The Two Ronnies, 1970s sitcom Oh No, It's Selwyn Froggitt, plus long-running drama The Bill and soap Crossroads and various Carry On films.

In 2020, she was in the film Dream Horse, about a race horse breeder, which starred Damian Lewis and Joanna Page. She was also in Woody Allen's 2006 romantic crime comedy film Scoop, and 2005's Colour Me Kubrick, about a man who posed as director Stanley Kubrick during production of the film Eyes Wide Shut.

On stage, she featured in the 1987 musical Follies in the West End, the stage version of 2007's In Celebration alongside Orlando Bloom, plus theatre shows including An Inspector Calls, Stepping Out and The Full Monty.

Allow X content?

This article contains content provided by X. We ask for your permission before anything is loaded, as they may be using cookies and other technologies. You may want to readXâs cookie policyandprivacy policybefore accepting. To view this content chooseâaccept and continueâ.

Allow X content?

This article contains content provided by X. We ask for your permission before anything is loaded, as they may be using cookies and other technologies. You may want to readXâs cookie policyandprivacy policybefore accepting. To view this content chooseâaccept and continueâ.

Baron told The Sunday Post she originally trained as a dancer, saying: ""I was with the Royal Academy of Dance so I must have been of some use.

""I went into rep then and learned so much about acting. It was hard work because you were constantly doing one drama, rehearsing the next one and learning the lines of the one after that. It was a great education and I am so glad to have gone through that.""

Her first professional job was in panto at Liverpool Empire when she was 16.

""It was certainly a start and I have been quite busy ever since,"" she said. ""You get your lulls in work and that makes you all the more grateful when the next job comes along and all the more determined to give it your best.""

The return of Open All Hours",https://ichef.bbci.co.uk/ace/branded_news/1200/cpsprodpb/05A8/production/_123584410_oah2_bbc_cut2.jpg,Entertainment & Arts
https://www.bbc.co.uk/news/entertainment-arts-60648263,Ed Sheeran denies Shape of You copyright claim at High Court trial,The pop singer is accused by two songwriters of copying parts of his 2017 hit Shape Of You.,"Ed Sheeran gave evidence at the High Court on Monday

Ed Sheeran has told the High Court he does not ""borrow"" ideas from unknown songwriters without credit.

The singer-songwriter has been accused by two other songwriters of copying parts of his 2017 hit Shape Of You.

Sami Chokri and Ross O'Donoghue's barrister suggested Sheeran treated lesser-known songwriters differently from famous ones.

Sheeran denied this, telling the court he had cleared parts of songs with ""lots"" of unknown artists.

Shape of You was number one for 14 weeks in the UK in 2017, becoming the best-selling song of the year around the world.

Allow YouTube content?

This article contains content provided by Google YouTube. We ask for your permission before anything is loaded, as they may be using cookies and other technologies. You may want to readGoogleâs cookie policyandprivacy policybefore accepting. To view this content chooseâaccept and continueâ.

Chokri and O'Donoghue claim the song's ""Oh I"" hook is ""strikingly similar"" to part of their track Oh Why, which was released by Chokri under the name Sami Switch in 2015.

Allow YouTube content?

This article contains content provided by Google YouTube. We ask for your permission before anything is loaded, as they may be using cookies and other technologies. You may want to readGoogleâs cookie policyandprivacy policybefore accepting. To view this content chooseâaccept and continueâ.

On Friday, their barrister Andrew Sutcliffe QC claimed Sheeran ""borrows ideas and throws them into his songs, sometimes he will acknowledge it but sometimes he won't"".

But Sheeran denied the claim that he is a ""magpie"" who lifts other people's work without acknowledgment, pointing out that he has often shared credit with lesser-known artists, including Shivers and Visiting Hours, and a song that sampled an ""unknown composer's"" work from Buffy The Vampire Slayer.

""All those examples are not famous artists that we've cleared songs with and that's what I have to say on that,"" he told the court.

Sami Chokri performs under the name Sami Switch

Sheeran created Shape of You with co-writers Steve Mac - real name Steven McCutcheon - and Snow Patrol's Johnny McDaid, both of whom were also in court.

After its release,Sheeran added the team behind TLC's 1999 single No Scrubsto the song's writing credits after some commentators pointed out similarities.

On Monday, Mr Sutcliffe told the star: ""The evidence is overwhelming that at the time of writing Shape of You, your songwriting process involved collecting ideas.""

Sheeran replied: ""You say it's overwhelming, I don't agree with that.""

In written evidence, the singer said the contested element of Shape of You was ""very short"", and the relevant parts of both songs were ""entirely commonplace"".

He said: ""Even so, if I had heard Oh Why at the time and had referenced it, I would have taken steps to clear it.""

He added: ""I have always tried to be completely fair in crediting anyone who makes any contribution to any song I write.

""I do refer to other works on occasion when I write, as do many songwriters. If there is a reference to another work, I notify my team so that steps can be taken to obtain clearance.

""I have been as scrupulous as I possibly can and have even given credits to people who I believe may have been no more than a mere influence for a songwriting element. This is because I want to treat other songwriters fairly.""

Dressed in a sharp black suit, Ed Sheeran is firm, determined and just a little bit irritated on the stand as lawyers for Chokri and O'Donoghue deconstruct his songwriting process, looking for hints that he might take inspiration from outside sources.

Sheeran testifies that he mostly works in collaboration with other writers, and that it's often hard to identify who has written each individual part of a song once it's finished.

Referencing his Shape of You co-writer Johnny McDaid, he says: ""My and Johnny's writing partnership is very much like a game of tennis. He'll say something and I'll say something back. We're quite quick when we go back and forth.""

Asked repeatedly whether he is responsible for the chorus to his 2015 song Photograph, Sheeran replies tersely: ""I honestly couldn't tell you. I don't know. We wrote the song together."" It's a phrase he returns to several times throughout the morning's questioning.

Photograph is relevant because it was the subject of a separate copyright claim from Martin Harrington and Thomas Leonard, who wrote Matt Cardle's 2011 single Amazing. The duo were eventually given a share of the song's royalties and a Â£4m lump sum in an out-of-court settlement.

Sheeran says he settled the claim because it was a ""nuisance"" and ""more trouble than it was worth"". Asked why he would pay out such a ""substantial"" sum instead of taking the case to court, he says he did so on the advice of his lawyers.

Mr Sutcliffe said Sheeran had known about Chokri before Shape Of You was written because the grime artist had tweeted Sheeran directly, and the singer had given a shout out to Sami Switch on stage in 2011. But Sheeran replied: ""This isn't stuff that's true.""

Chokri had also appeared on YouTube channel SBTV at around the same time as Sheeran, who described its founder Jamal Edwards as his ""best friend"".

But he said the music entrepreneur,who died last month, didn't share songs like Oh Why with him. Instead, the pair would ""talk about football, talk about his mum, talk about theatre"", he said.

Sheeran was also asked about his role as a talent-spotter for his own label Gingerbread Man Records. He denied being aware of Oh Why, saying he had just signed Jamie Lawson to the label and ""wasn't looking for anyone else"" to work with.

The musician told the court he quit social media in 2015, adding that for ""the whole of 2016"" he was ""off"" social media and was using a ""flip phone from Tesco"".

In May 2018, Sheeran and his co-writers issued proceedings asking the High Court to declare they had not infringed Chokri and O'Donoghue's copyright.

The pair then issued a counter claim for copyright infringement. The trial is expected to continue for about three weeks.

Ed Sheeran's Shape of You was written in just 90 mins

Shape of You goes five times platinum

No Scrubs writers credited on Shape of You

Ed Sheeran sued for âcopyingâ Let's Get It On

Sheeran settles copyright lawsuit claim",https://ichef.bbci.co.uk/ace/branded_news/1200/cpsprodpb/53EF/production/_123578412_sheeranpa1.jpg,Entertainment & Arts
https://www.bbc.co.uk/news/uk-england-london-60653545,Dizzee Rascal: Grime artist guilty of assaulting former partner,The grime artist was found guilty of assaulting his former partner in London last year.,"The chart-topping rapper had denied assault by beating

Grime artist Dizzee Rascal has been found guilty of assaulting his former partner.

The rapper, whose real name is Dylan Kwabena Mills, attacked Cassandra Jones at a property in Streatham, south London, in June 2021.

The 37-year-old, of Sevenoaks, Kent, ""barged"" his way into the house, put his forehead against Ms Jones' and ""pushed her to the ground"".

The couple had two children before they split up in February 2021.

At Wimbledon Magistrates' Court on Monday, the musician - whose chart-topping singles have included Bonkers and Dance Wiv Me - had denied assault by beating.

The court heard Mills ""barged"" his way into the property on 8 June, with his son under his arms before ""screaming and shouting"" and banging his own head on the fridge three times.

He then approached Ms Jones, ""put his forehead against hers and pushed her around the room"" and then ""pushed her to the ground"", the court heard.

He had accused her of causing injuries to his arm.

The grime artist was made an MBE for services to music in the Queen's Birthday Honours in 2020

The court heard how Ms Jones began filming him but he took her phone from her and then took the phone from her mother, Dawn Kirk, who was there.

The shouting became so loud it alerted two neighbours and police were called.

When they arrived, Mills said ""I'm the aggressor"", but later gave a prepared statement in a police interview, denying the allegations and claimed he had been assaulted by Ms Jones, the court heard.

Delivering her verdict, District Judge Polly Gledhill said Mills had lost his temper in an argument over child contact and finances.

She added he was ""abusive and aggressive"" and ""assaulted her as outlined by the Crown"".

Following the verdict, Mills took a camera from a Press Association photographer outside the court and threw it into a road, smashing it.

A Press Association photographer said Mills smashed his camera outside court

Photographer, James Manning, said: ""He came out of the court, I was taking his picture, just standing still on the corner.

""He then pushed my camera into my face, which then caused it to fall to the floor, at which point he then picked it up and then threw it across the road. It smashed into a lot of pieces.

""He was angry, he came straight out of the door, didn't say anything, didn't say anything until the point at which he pushed my camera.

""I think he said something like 'get away' or 'get out of my face' or something along those lines.""

Det Con Hannah Barton said she wanted to ""praise the woman who Mills assaulted - she has shown immense strength throughout this investigation"".

""No woman should be subjected to violence of any form and I would urge anyone who finds themselves in this position to trust police - we will investigate and you will be provided with the support you need to help you through,"" she added.

Mills released his debut album, Boy In Da Corner, in 2003, and is due to release his seventh album later this year.

In 2020, he was made an MBE for services to music in the Queen's Birthday Honours.

He will be sentenced at Croydon Magistrates' Court on 8 April.

Dizzee Rascal 'pushed ex-fiancee to ground'

HM Courts & Tribunals Service",https://ichef.bbci.co.uk/ace/branded_news/1200/cpsprodpb/6354/production/_120382452_mediaitem120382451.jpg,London
https://www.bbc.co.uk/news/uk-england-lincolnshire-60649825,Baby killed in suspected dog attack at Ostler's Plantation,A man and woman are arrested on suspicion of a dangerous dogs offence after a three-month-old dies.,"Ambulance crews summoned police to Ostler's Plantation, in Lincolnshire, on Sunday night

A three-month-old girl has been killed in a suspected dog attack at a beauty spot.

Paramedics were called to Ostler's Plantation, near Woodhall Spa, Lincolnshire, at 23:13 GMT on Sunday.

They called police to the scene, who arrested a 40-year-old woman and a 54-year-old man on suspicion of being in charge of a dog which was out of control. Both remain in custody.

Officers have not released information about how the baby died.

Ch Supt Andy Cox said Lincolnshire Police was doing ""everything we can"" to establish the circumstances.

""This is an exceptionally sad incident, and one that we know will impact the local community, or indeed anyone hearing about it,"" he said.

Follow BBC Yorkshire onFacebook,TwitterandInstagram. Send your story ideas toyorkslincs.news@bbc.co.uk.

Lincolnshire Police",https://ichef.bbci.co.uk/ace/branded_news/1200/cpsprodpb/160FF/production/_123576309_4ca7a7c3-b620-47dc-9391-5bf2ec04d568.jpg,Lincolnshire
https://www.bbc.co.uk/news/health-60591487,Scans reveal how Covid may change the brain,"Even after a mild infection, the overall size of the brain had shrunk, researchers found.","Catching Covid may cause changes to the brain, a study suggests.

Scientists found significant differences in MRI (magnetic resonance imaging) scans before and after infection.

Even after a mild infection, the overall size of the brain had shrunk slightly, with less grey matter in the parts related to smell and memory.

The researchers do not know whether the changes are permanent but stressed the brain could heal.

The studyis published in the journal Nature.

Lead author Prof Gwenaelle Douaud, from the Wellcome Centre for Integrative Neuroimaging, at the University of Oxford, said: ""We were looking at essentially mild infection, so to see that we could really see some differences in their brain and how much their brain had changed compared with those who had not been infected was quite a surprise.""

The UK Biobank project has followed the health of 500,000 people for about 15 years and has a database of scans recorded before the pandemic so provided a unique opportunity to study the long-term health impacts of the virus.

The scientists rescanned:

401 participants 4.5 months, on average, after their infection, 96% of whom had had mild Covid

384 participants who had not had Covid

They found:

The overall brain size in infected participants had shrunk between 0.2 and 2%

There were losses in grey matter in the olfactory areas, linked to smell, and regions linked to memory

Those who had recently recovered from Covid found it a bit harder to perform complex mental tasks

But the researchers do not know whether the changes are reversible or truly matter for health and wellbeing.

""We need to bear in mind that the brain is really plastic - by that we mean it can heal itself - so there is a really good chance that, over time, the harmful effects of infection will ease,"" Prof Douaud said.

The most significant loss of grey matter was in the olfactory areas - but it is unclear whether the virus directly attacks this region or cells simply die off through lack of use after people with Covid lose their sense of smell.

It is also unclear whether all variants of the virus cause this damage.

The scans were performed when the original virus and alpha variant were prevalent and loss of smell and taste a primary symptom.

But the number of people infected with the more recent Omicron variant reporting this symptom has fallen dramatically.

'Your mind is what is being exercised'

Paula Totaro lost her sense of smell when she caught Covid, in March 2020.

""When it was gone, it was like living in a bubble or a vacuum - I found it really isolating,"" she told BBC News.

But after contacting thecharity AbScent, which supports people who have lost their ability to smell and taste, she began smell training.

""What smell training does - particularly if you do it twice a day, regularly, religiously - is it forces you to take the smell, allow it to go back into your nose and then to think about what it is that you're smelling,"" she said.

""And that connection between what's in the external world and what goes into your brain and your mind is what is being exercised.""

Ms Totaro has now recovered most of her sense of smell - although she still has trouble identifying what different smells are.

""It's a mix of joy that the sense has come back but still a little bit of anxiety that I'm not quite there yet,"" she said.

UK Biobank chief scientist Prof Naomi Allen said: ""It opens up all sorts of questions that other researchers can follow up about the effect of coronavirus infection on cognitive function, on brain fog and on other areas of the brain - and to really focus research on how best to mitigate that.""

Prof David Werring, from the University College London Institute of Neurology, said other health-related behaviour could have contributed to the changes seen.

""The changes in cognitive function were also subtle and of unclear relevance to day-to-day function,"" he said.

""And these changes are not necessarily seen in every infected individual and may not be relevant for more recent strains.""

Follow @BBCMorelle on Twitter.

Scans aim to reveal Covid health legacy

UK Biobank

Wellcome Centre for Integrative Neuroimaging

AbScent

Nature: SARS-CoV-2 is associated with changes in brain structure in UK Biobank",https://ichef.bbci.co.uk/ace/branded_news/1200/cpsprodpb/171A9/production/_117533649_whatsubject.jpg,Health
https://www.bbc.co.uk/news/uk-england-suffolk-60647946,Corrie Mckeague would binge-drink after friend's death - inquest,An inquest is being held after Corrie Mckeague vanished after a night out in Suffolk.,"Corrie Mckeague went missing after a night out in September 2016

An airman who vanished following a night out developed a ""significant binge-drinking problem"" after a friend died on a railway line when he was a teenager, an inquest heard.

Corrie Mckeague, from Dunfermline, was 23 when he vanished in Bury St Edmunds, Suffolk, on 24 September 2016.

Police believe he died after climbing into a waste bin after a night out.

The inquest, due to last four weeks, is being held at Suffolk Coroner's Court in Ipswich.

The last confirmed sighting of Mr Mckeague was at 03:25 BST, when CCTV cameras recorded him walking into an area in central Bury St Edmunds known as the ""horseshoe"", behind Greggs and Superdrug, where industrial waste bins were stored.

A Â£2m police investigation was carried out into his disappearance, including a trawl of a landfill site at Milton, near Cambridge. His body has never been found.

Mr Mckeague was last seen on CCTV after leaving a nightclub

In a statement read out at the inquest, Martin Mckeague described his son as a ""happy child"".

However, Mr Mckeague said there were ""major events"" that shaped his life including the separation of his parents when he was 10 years old and the discovery of his friend's body on a railway line when he was 15.

""I believe Corrie developed a significant binge-drinking problem,"" Mr Mckeague said.

A landfill site at Milton, near Cambridge, was extensively searched as part of the investigation

He said the death of his son's friend ""was a terrible shock for a 15-year-old boy to suffer, and one I don't think he ever truly got over"".

Martin Mckeague continued: ""I don't believe Corrie was ever suicidal.

""This has been a heart-breaking tragedy.""

Nicola Urquhart, second from right, pictured with her two other sons Darroch, left, and Makeyan, is at the inquest in Ipswich

Mr Mckeague's mother Nicola Urquhart agreed the friend's death had a ""huge impact"" on her son.

In a statement read to the inquest, she said Corrie, who had started to train as a hairdresser and then as a PE teacher before joining the RAF, had been prescribed antidepressants in the past.

But, she said, he was ""back to his usual happy self"" by 2015.

Ms Urquhart said her son ""regularly lost his phone or wallet on nights out"" but ""was never aggressive with or without alcohol"".

""There was nothing to suggest Corrie had any problems or concerns around the time of his disappearance,"" she said.

Ms Urquhart said added: ""Despite what's in the press, as far as I'm aware Corrie had never slept in a bin nor had he ever climbed into a bin to sleep.""

Posters were distributed in the search of Mr Mckeague when he went missing

Suffolk's senior coroner Nigel Parsley said Mr Mckeague, who had served in the RAF for three years, drank a ""significant amount of alcohol during the evening"" of 23 September.

He said Mr Mckeague was asked to leave Flex nightclub and ""was seen on a number of occasions on CCTV"".

Mr Parsley said police investigations and searches failed to locate him and there had been no contact with family and no financial transactions that could be linked to him.

He said over the coming weeks, jurors would hear evidence about Mr Mckeague's movements, his contact with any witnesses and ""hypotheses and possible scenarios relating to Corrie's disappearance"".

Find BBC News: East of England onFacebook,InstagramandTwitter. If you have a story suggestion emaileastofenglandnews@bbc.co.uk",https://ichef.bbci.co.uk/ace/branded_news/1200/cpsprodpb/12555/production/_115239057_corrie_mckeague.jpg,Suffolk
https://www.bbc.co.uk/news/uk-60579997,Economic Crime Act: What is it and will it find Putin's loot?,"Will the Economic Crime Act really tackle Putin's money - or is it too little, too late?","MPs have backed legislation to stop Vladimir Putin's allies from laundering money and hiding wealth in the UK.

TheEconomic Crime Actbecame law in March after being rushed through Parliament.

The UK is thought to beawash with Russian cashand other money looted from the former Soviet Union.

That cash is buried in vast amounts of property - from office blocks to mega mansions - and the true owners are hidden in a web of secretive shell companies. These are organisations that only exist on paper and are registered in offshore tax havens.

The Economic Crime Act is meant to help end that - having been promised since 2016. It was shelved earlier in 202, amid much criticism - including from the fraud minister,Lord Agnew, who quit. Now, the invasion of Ukraine has prompted a government U-turn. Only part of the original plan has made it into law because there's not enough Parliamentary time to deal with all proposals.

The legislation:

creates a register of overseas ownership of UK land and property - with punishments for withholding details

overhauls Unexplained Wealth Orders

makes it easier to prosecute anyone involved in sanctions-busting

If an individual owns a property, investigators and the public can find out who they are.

The police will often seize property belonging to British drug bosses because it's easy to identify, and will have been bought with their criminal wealth.

But discovering who owns property becomes more difficult if it is registered to an overseas company whose ultimate beneficiaries are hidden from view.

And that means it's harder to uncover money stolen from abroad as it's laundered through the British property market.

Let's take the case of the first successful Unexplained Wealth Order (UWO). That's a legal tool that allows the National Crime Agency (NCA) to go to court to seize a property if there's no apparent legitimate source of the wealth behind the purchase.

Zamira Hajiyeva: Denied wrongdoing

UWOs are designed to take on incredibly rich people believed to have been associated with international corruption, organised criminals and their helpers.

The first target was Zamira Hajiyeva, the wife of an Azerbaijan banker. Her husband was jailed for embezzling millions from the state - Mrs Hajiyeva herself denies wrongdoing.

Woman who spent Â£16m in Harrods revealed

How to spend Â£16m in Harrods

She was living in a Â£15m home near Harrods, where she spent millions over a decade.

The Land Registry showed the owner wasn't her, but a mystery company in the British Virgin Islands (BVI), a tax haven.

The Land Registry record showing who owned the home Zamira Hajiyeva lived in (some information redacted by the BBC for privacy law reasons)

It was only with the help of BVI investigators that the NCA could legally link Mrs Hajiyeva to the home and force her to explain in court how she could afford it.

When a lawyer typically registers ownership of land and property, they will have to declare in public records who ultimately benefits from it. That means corrupt politicians hiding wealth in British mansions, office blocks and luxury apartments, may at long last, become visible.

The registry will apply to any property bought in the last 20 years, or since 2014 in Scotland.

If the person registering the property fails to identify the beneficiary, the property will be, in effect, frozen - the owner won't be able lease it, sell it or raise a mortgage.

Dirty money campaigners are delighted, but still have concerns. One fear is that it may be too difficult to prosecute lawyers or company agents who fail to reveal beneficiaries - because a court would have to be sure they had acted knowingly or recklessly.

Another concern is that the package has too many loopholes to ensure that ultimate beneficial owners become known. For instance, if someone uses a front company, registered in Panama, to legally own property on their behalf - and there's no shareholder who owns more than a quarter of that company, then the register won't reveal their identity.

""For the sufficiently determined owner of a UK property who wants to remain anonymous, we think the Act leaves loopholes,"" says George Crozier, spokesman for the Chartered Institute of Taxation.

Dr Susan Hawley of Spotlight on Corruption, an expert campaign group on dirty money, warns the law won't ""unpack the Russian doll'.

Others predict that suspects - such as people who may be holding property for President Putin - could spirit wealth out of the country before the law is in force. The government abandoned its original proposal to give overseas entities 18 months to comply with the disclosure rules, by changing the deadline to six months. Labour had proposed 28 days - but that was defeated.

""I imagine that a lot of people in Kensington [one of London's most expensive areas] will be sticking property on Rightmove,"" says Helena Wood, a financial crime expert at the Rusi think tank.

""Practically speaking, these measures were never going to deal with [current] dodgy Russian assets. But they will mean it will be less likely that someone will want to hide money in the UK.""

UWOs, created in 2017, are trumpeted by ministers as an incredibly powerful weapon - but they have in fact only been used against four targets.

High Court: NCA has to allocate huge legal resources to fighting money laundering cases

That's because the NCA lost one of its test cases in 2020, which not only exposed flaws in the power, but left the taxpayer with a near Â£1m legal bill.

When the Intelligence and Security Committeeinvestigated Russia's role in the UK, Lynne Owens, the then head of the NCA, bluntly admitted that using UWOs to pursue the richest and most powerful targets carried huge financial risks.

And so critics of the government say the agency hasn't the financial clout or legal powers to make UWOs workable.

The Economic Crime Bill would permit investigators to target people who manage properties within complicated offshore arrangements, even if they're not the actual beneficiary. That will immediately widen the number of available targets. They'll also be given far more legal time to draw up a copper-bottomed case for court.

But most importantly, the NCA will be protected against crippling legal costs, providing they acted reasonable and properly.

Helena Wood at Rusi says the government could do more to financially protect the NCA across all its asset recovery powers - and failing to do so defeats the whole point of Parliament creating laws to investigate super-rich suspects.

Dr Susan Hawley says the government must seize the opportunity.

""The NCA needs one big properly-funded anti-corruption unit - from looking at professional ""enablers"", like accountants and lawyers, through to people involved in busting sanctions,"" she says.

""Without a significant boost in resources none of these measures are going to work.""",https://ichef.bbci.co.uk/ace/branded_news/1200/cpsprodpb/139E0/production/_123425308_c653bda5-8652-450b-84a1-482dbc637017.jpg,UK
https://www.bbc.co.uk/sport/rugby-union/60640946,Six Nations 2022: Wales warned about picking Tomas Francis against France,"The decision to declare Wales prop Tomas Francis fit to face France in the Six Nations in Cardiff on Friday has been described as a ""grave mistake"".","Tomas Francis (L) reels after colliding with Owen Watkin (R) while they attempt to tackle Charlie Ewels

Guinness Six Nations: Wales v France

Venue:Principality Stadium, CardiffDate:Friday, 11 MarchKick-off:20:00 GMT

Coverage:Watch live on BBC One, BBC iPlayer and online from 19:30 GMT; listen on BBC Radio 5 Live, BBC Radio Wales and BBC Radio Cymru; text commentary on BBC Sport website and app.

The decision to declare Wales prop Tomas Francis fit to face France in the Six Nations in Cardiff on Friday has been described as a ""grave mistake"".

Francis, Owen Watkin and Josh Adams have passed concussion protocols after suffering head blows in Wales' defeat by England on 26 February.

Professor John Fairclough says selection would put Francis at ""unnecessary risk of serious harm"".

Wales defence coach Gethin Jenkins expected the trio to train on Monday.

""All three have gone through their concussion protocols and return to play, and all three are expected to be training today and be fit for Friday's game,"" said Jenkins.

""We always worry when they have to go through protocols. It's quite a stringent process.

""We've lost people in the past due to that, and it's unfortunate. It is a good boost that we have all got three available.""

Cardiff wing Adams was the victim of a late high tackle from England replacement Joe Marchant which went unpunished, but the incident involving Watkin and Francis caused greater controversy.

The pair sustained head injuries in the 20th minute at Twickenham when they collided while trying to tackle England lock Charlie Ewels.

Both left the field for head injuries assessments (HIA) and passed the tests to return.

Owen Watkin suffered a cut head during the clash of heads with Tomas Francis

The handling of the incident was criticised as a ""clear and flagrant breach"" of head injury assessment protocol by Progressive Rugby, a lobby group on player protection.

The claims were made inan open letterby Professor Bill Ribbans and Professor Fairclough, who used to work with the Welsh Rugby Union.

Francis struggled back to his feet and leant on the post after the incident before being seen by the Welsh medics.

The letter claimed that ""there were 12 Criteria 1 signs and symptoms with six possibly observed on video and the remaining five identified during the on-field assessment"".

The two doctors claim ""the typical observation on video are confirmed loss of consciousness, suspected loss of consciousness, convulsion, tonic posturing, balance disturbance/ataxia and clearly dazed"".

In aseparate article, Prof Fairclough has again urged Wales not to pick Francis against France.

""Like any Welsh fan I want to see Tomas Francis in the Welsh team, because he's a terrific player and would be key against a very good French side,"" said Prof Fairclough.

""But I have carefully reviewed the footage numerous times, and in my expert view, it is beyond any doubt Tomas had suffered a brain injury.

""As someone who has taken an oath to protect life, I can't, in all good conscience, fail to highlight I think him playing the next game puts him at unnecessary risk of serious harm, whether that be now or in the future.

""The HIA protocols undertaken during the England game were shown to be not fit for purpose.

""They were unable to recognise the fact he had clearly sustained criteria 1 signs of on-field concussion.

""The serious features displayed by Francis should outweigh the results of any subsequent assessment indicating he is sufficiently recovered in time to return for the French game.

""Wales may claim that he has been 'passed fit'. For me that would be a grave mistake.""

'The nitty gritty wins you games, not attack' says Wales defence coach Jenkins

Jenkins says that incident at Twickenham was being still investigated by the Six Nations.

""I don't think the review has been finished yet,"" said Jenkins.

""We will wait to see what comes of that. I personally didn't see it live. I was more concerned about the poor defence that happened. I saw it after.

""The people in charge and the medical people will have gone through all that, and I am sure the review will see what comes of it.""

When asked whether Francis should have played on at Twickenham or play against France with the review ongoing, Jenkins replied: ""The HIA process has been in place for a long time now, and players and staff, we all abide by it.

""We've got to back what has happened there, and if anything else comes out of it, it comes out of it.

""The player has passed all the protocols, done his graduated return to play, ticked off all his contact boxes, and he is available for selection.""

Jenkins welcomed the return of Cardiff flanker Josh Navidi whohas been called into the squadafter recovering from a long-term shoulder injury.

Navidi, 31, played 80 minutes in his first game in almost five months on Friday in Cardiff's United Rugby Championship away defeat against Ulster on Friday.

""It's pleasing for us to see him come through the game for Cardiff and he's done it before, coming back on the back of not many games,"" added Jenkins.

""He's a bit ring rusty, but we have confidence his physicality will come back pretty quickly. He'll be looking forward to seeing what selection is.""

SIX NATIONS 2022:Watch the latest action on Scrum V

SLAMMED:The story of Walesâ transformation from rugby rejects to rugby royalty

BBC Wales News & Sport

BBC Sport Welsh Rugby Union

Welsh Rugby Union

Pro14

European Professional Club Rugby",https://ichef.bbci.co.uk/ace/branded_sport/1200/cpsprodpb/16AA6/production/_123883829_gettyimages-francis.jpg,Welsh Rugby
https://www.bbc.co.uk/sport/rugby-union/60646632,Six Nations: Henderson back in Ireland squad for England game but Larmour to miss rest of tournament,Iain Henderson is back in Ireland's squad for the Six Nations game against England but Jordan Larmour will miss the rest of the tournament.,"Henderson's only Six Nations playing involvement so far this season is an outing off the bench against France

Six Nations: England v Ireland

Venue:TwickenhamDate:Saturday, 12 MarchKick-off:16:45 GMT

Coverage:Listen on BBC Radio Ulster and BBC Radio 5 & follow live text updates on BBC Sport website & app

Iain Henderson is back in Ireland's squad for Saturday's Six Nations game against England but Jordan Larmour will miss the rest of the tournament.

Lock Henderson missed Ireland's win over Italy after testing positive for Covid-19 but played a full 80 minutes in Ulster's win over Cardiff on Friday.

Back Larmour injured a hip in Leinster's weekend win over Benetton.

Robert Baloucoune, James Hume and Nick Timoney are among players who return after playing for their provinces.

Jack Carty and Dave Heffernan also link up with the squad after featuring in Connacht's hammering by Edinburgh while Munster pair Craig Casey and Gavin Coombes also return.

Uncapped Munster loose-head prop Jeremy Loughman has also been called up to the squad for the first time as additional cover following the ankle injury which has ruled out Andrew Porter from the remainder of the tournament.

Henderson missed Ireland's opening Six Nations win over Wales because of an ankle injury and came off the bench in the defeat by France in Paris before being ruled out of the Italy contest by his positive Covid-19 test.

Ireland squad

Backs:B Aki (Connacht), R Baloucoune (Ulster), J Carbery (Munster), J Carty (Connacht), C Casey (Munster), A Conway (Munster), J Gibson-Park (Leinster), M Hansen (Connacht), R Henshaw (Leinster), J Hume (Ulster), H Keenan (Leinster), J Lowe (Leinster), M Lowry (Ulster), C Murray (Munster), G Ringrose (Leinster), J Sexton (Leinster, capt)

Forwards:R Baird (Leinster), F Bealham (Connacht), T Beirne (Munster), J Conan (Leinster), G Coombes (Munster), C Doris (Leinster), T Furlong (Leinster), C Healy (Leinster), D Heffernan (Connacht), I Henderson (Ulster), R Herring (Ulster), D Kilcoyne (Munster), J Loughman (Munster), P O'Mahony (Munster), J Ryan (Leinster), D Sheehan (Leinster), N Timoney (Ulster), K Treadwell (Ulster), J van der Flier (Leinster",https://ichef.bbci.co.uk/ace/branded_sport/1200/cpsprodpb/16CC1/production/_123577339_mediaitem123577338.jpg,Irish Rugby
https://www.bbc.co.uk/sport/rugby-union/60650452,"Six Nations 2022: Gray, Hastings, Young & Thompson added to Scotland squad","Jonny Gray, Adam Hastings and two others join the Scotland squad before Saturday's Six Nations meeting with Italy in Rome.","Jonny Gray helped Scotland beat England in their first match of the 2022 Six Nations

Six Nations 2022: Italy v Scotland

Venue:Stadio Olimpico, RomeDate:Saturday, 12 MarchKick-off:14:15 GMT

Coverage:Listen on BBC Radio Scotland DAB/810MW & BBC Radio 5 live sports extra; live text commentary on BBC Sport website & app

Jonny Gray, Adam Hastings, Ross Thompson and Glen Young have joined the Scotland squad before Saturday's Six Nations meeting with Italy in Rome.

Nick Haining, Oli Kebble, Rufus McLean, Ollie Smith and Marshall Sykes have been ruled out through injury.

Gregor Townsend's Scots won their opening match in this year's championship against England but lost to Wales and France.

Italy have lost to France, England and Ireland so far.

Select your Scotland team to face Italy

Lock Gray, 27, missed the 36-17 home defeat by the French in round three while fly-half/full-back Hastings, 25, is yet to feature in this year's Six Nations.

Fly-half Thompson won his only cap so far during the autumn series while lock Young is uncapped.

Scrum coach Pieter de Villiers said: ""It's been fantastic to see that our depth has grown over this past two seasons.

""[Rome] is a very difficult place to play, a very passionate place in terms of energy and people behind their team.

""[Italy are] a very physical team. We need to take that battle up on the right side and get off to a good start against a team like that, who'll have a lot of physicality and emotion involved.""

Forwards:Ewan Ashman (Sale Sharks), Josh Bayliss (Bath), Simon Berghan (Glasgow Warriors), Magnus Bradbury (Edinburgh), Andy Christie (Saracens), Allan Dell (London Irish), Rory Darge (Glasgow Warriors, Matt Fagerson (Glasgow Warriors), Zander Fagerson (Glasgow Warriors), Grant Gilchrist (Edinburgh), Jonny Gray (Exeter Chiefs), Jamie Hodgson (Edinburgh), Stuart McInally (Edinburgh), Kiran McDonald (Glasgow Warriors), WP Nel (Edinburgh), Pierre Schoeman (Edinburgh), Sam Skinner (Exeter Chiefs), George Turner (Glasgow Warriors), Hamish Watson (Edinburgh), Glen Young (Edinburgh).

Backs:Mark Bennett (Edinburgh), Darcy Graham (Edinburgh), Chris Harris (Gloucester Rugby), Adam Hastings (Gloucester Rugby), Stuart Hogg (Exeter Chiefs), Rory Hutchinson (Northampton Saints), Sam Johnson (Glasgow Warriors), Blair Kinghorn (Edinburgh), James Lang (Edinburgh), Ali Price (Glasgow Warriors), Kyle Rowe (London Irish), Finn Russell (Racing 92), Kyle Steyn (Glasgow Warriors), Ross Thompson (Glasgow Warriors) Sione Tuipulotu (Glasgow Warriors), Duhan van der Merwe (Worcester Warriors), Ben Vellacott (Edinburgh), Ben White (London Irish).

BBC Scotland News & Sport

BBC Sport Scottish Rugby

Scottish Rugby Union

Edinburgh

Glasgow",https://ichef.bbci.co.uk/ace/branded_sport/1200/cpsprodpb/162B8/production/_123580809_-a3c66f06-5018-4798-a28d-ba046d506008.png,Scottish Rugby
https://www.bbc.co.uk/sport/cricket/60649141,Sir Viv Richards: West Indies legend reflects on his career and influence on his 70th birthday,"Former West Indies captain Sir Viv Richards, one of the greatest batters of all time, speaks to BBC Sport on his 70th birthday.","'I'm grateful and thankful' - Sir Viv Richards at 70

West Indies v England, first Test

Venue:Sir Vivian Richards Stadium, AntiguaDates:8-12 MarchTime:14:00 GMT

BBC coverage: Live text commentary on BBC Sport website & app; daily Test Match Special podcasts

Sir Vivian Richards is in reflective mood.

""As the days go by you may not look your age but certainly you do feel it,"" he says.

He is 70, but certainly doesn't look it. The death of legendary Australia leg-spinner Shane Warne, a man he describes as 'joyous', has moved him deeply.

But Richards has other reasons to reflect.

The impact of his batting went far beyond the runs he scored - 15,261, including 35 centuries, across 308 Tests and one-day internationals for West Indies. That's only a statistical estimation of greatness.

Richards knows the way he played cricket, his poise and courage, was hugely influential, especially for black people.

""As a young man growing up, I was always reading about the struggles in America, the Black Panthers,"" he says.

""I was conscious in that way, it was a message being sent. These were defenders of your race because of some of the stuff which was going on.

""I was pretty strong about that. Maybe that's why some folks would look at me sometimes and say, 'Wow, what an arrogant guy' in the way he walked out and stuff like that.

""It isn't arrogance. I just believe in human beings and that's the most important thing.""

We meet in the north of Antigua, not far from where Richards grew up and only 15 minutes from the stadium which carries his name.

England in West Indies 2022

During the three-Test series between West Indies and England, that starts at the Sir Vivian Richards Cricket Stadium on Tuesday, the two sides will play for the newRichards-Botham Trophy.

His friendship with former England all-rounder and captain Lord Botham began in 1974 when they were team-mates at Somerset.

""He's a guy who I've spent a great amount of time with in my life, sharing dressing rooms and being in opposition also,"" says Richards of Lord Botham.

""Having the trophy with someone who you hold dear to your heart and you consider a friend - that is pretty good news in my opinion.""

Sir Viv Richards and Lord Botham unveiled the new trophy named after them, which replaces the Wisden Trophy, in Antigua

Later, when they meet at the stadium, Richards and Botham embrace, banter and giggle together as if they were back in the flat they shared as young cricketers in Taunton.

Both men produced heroic displays for their countries over the years although, as Botham readily admits, West Indies utterly dominated England during his Test career.

Test cricket back then was, without doubt, the format that mattered. Yet some of Richards' Test innings, like the 110 from 58 balls in Antigua in 1986, which featured one-handed sixes, practically invented T20 batting.

He smiles and explains: ""Sometimes you become a little bit bored with just the general stuff and you try to be creative.

""This is what my game was always about, being as creative as possible, giving the best I can, believing in the talent you have.

""That is of paramount importance, for any young individual. If you have it, flaunt it.""

There's an easy laughter which follows this answer as Richards fondly enjoys the memories.

But his understanding and passion for history is far deeper. Antigua was a British colony which used African slave labour on its plantations.

When we discuss the legacy of the British Empire it is not enough to simply stop at cricket.

""We, as a people, have given this world a lot,"" adds Richards.

""And the generations who come through whatever period of colonialism, and who were responsible for that, should tell their generations and kids. Let them know exactly how some obviously gained their wealth.

""We played a huge part without being paid. So, we hear nowadays about reparations for slavery and that to me is a good call.""

At 70, Richards has a perspective far beyond cricket but then, he always did.

I wish him happy birthday and he accepts by extending his appreciation.

""Let me take this opportunity to thank all the individuals around the world who would have admired the way I've done things,"" says Richards. ""Even the haters, I do appreciate you all.

""Thank you so much, for my 70th.""

Covid pseudoscience?Delve into the conspiracy that gripped a picturesque British town

How can you combat brain fog?Free and simple steps to give your brain a boost",https://ichef.bbci.co.uk/ace/branded_sport/1200/cpsprodpb/9AB8/production/_123580693_gettyimages-1030353682.jpg,Cricket
https://www.bbc.co.uk/news/world-europe-60651801,"War in Ukraine: 'It's hell, it's really hell' - Families flee bombs in Irpin","Silent and weeping, a stream of civilians with backpacks try to outpace the Russian shells.","Residents of Irpin are fleeing the Russian assault on their city, which is half an hour's drive from Kyiv

They came on foot, in an endless stream - trying to outpace the Russian shells laying waste to their hometown. There were families with children in strollers clutching stuffed toys, young mothers with babes in arms, and the elderly moving as fast as their years would allow. Most were silent. Some were weeping. At the edge of Irpin there was urgency, panic, and anguish. It felt like we were witnessing the death of a city.

""Everything is bombed,"" said Valentina, as she rushed past us, fleeing her home and her life with just a single bag over her shoulder. ""There are no lights,"" she said, ""there's been no electricity, no gas, and no internet for two to three days. People are sitting in the basements and kids are sick there.""

Russian forces are already inside the city.

""Part of Irpin was captured by Russian invaders but part of the city is fighting and not surrendering,"" said the mayor, Oleksandr Markushyn, in a video he posted on social media.

Those trying to flee are still being targeted, as the mayor himself saw yesterday. ""The Russian invaders fired on our local civilians,"" he said. ""A family died. This shell, this mine hit, and in front of my eyes two children and two adults died.""

It seems clear that the Russian strategy is to terrorise the residents of Irpin into submission and empty the city - a tactic Moscow has used elsewhere from Grozny to Aleppo. The residents who remain have endured days and nights of relentless bombardment. We could hear the assault during an earlier visit on Saturday. The soundtrack was the same today, except maybe louder. And this time we could also hear grad rocket fire, and occasional gunshots.

Jeremy Bowen was on the frontline in Irpin, as residents came under Russian fire while trying to flee.

""Tell everyone to close the skies, urgently, we need it,"" said Andrei as he dashed past - with his pet poodle - pleading for a no-fly zone. ""Close the skies - please. It's hell, it's really hell. The Russian soldiers are bombing civilian houses. The Russians are not fighting the army. They are fighting anyone.""

He knew it was time to go when the Russians arrived on his street. ""We saw the armoured vehicles near our house. They passed by. Then the tank stopped and blew up a house near me. So, I think we are lucky, we are all really lucky that we are here.""

Andrei says Russian tanks blew up a house close to his

The 36-year-old is - or was - an events manager. 'I make the people laugh, with shows, concerts. But I think I have no work now in Ukraine,"" he said. Then he joined the crowds heading for minibuses that are screeching to and from the edge of the city, ferrying people, and pets, to the railway station in Kyiv - a lifeline for those trying to escape to western Ukraine.

Getting out of Irpin means picking your way over a mass of rubble, and jagged boulders and metal bars that now litter the bed of the Irpin river. This is the remains of a bridge blown up by Ukrainian forces to block - or at least slow - Russian armour reaching the capital. Planks of wood are balanced precariously on the wreckage. One elderly man almost tumbled from a plank into the water. Then he summoned his courage and shuffled forward. Nearby a woman lay flat on the ground on the riverbank - conscious but immobile. We were told she had fallen. No one knew how to try to move her.

Ukrainian forces blew up the bridge themselves, hoping to slow the Russian advance

As we filmed a gunshot rang out. A Ukrainian soldier took a screaming young boy by the hand and ran with him to cover. Two others grabbed a buggy. Another helped a woman on a crutch, who was breathless with exertion.

A blackened building was still smouldering, neatly framed by the golden onion domes of the church directly behind (which appeared to be intact). This was an image of Ukraine, past and present, of war and peace.

The golden domes of a church rise just behind a damaged building

The country's future is painful to imagine, but it's already being sketched out in cities under bombardment from Kharkiv to Mariupol, where cold, frightened civilians cower in basements, or try to run for their lives.

And what we witnessed in Irpin could be a chronicle of the capital foretold. Kyiv lies straight down the road, about half an hour's drive away - a distance of 26km or 16 miles. That's why Irpin matters so much to both sides.

There's no doubting the fighting spirit here, and the determination to resist. But military experts say a broken bridge won't be enough to stop the Russians, and there is no doubt that they have Kyiv in their sights.

Where have Ukraine's millions of refugees gone?

Ukraine: Taking cover in a town under attack. Video, 00:03:41Ukraine: Taking cover in a town under attack

'Ukraine is united, don't be afraid of Putin' Video, 00:01:35'Ukraine is united, don't be afraid of Putin'

Chaos and tears trying to catch a train to safety

With placards and tears, Poles greet refugees like family",https://ichef.bbci.co.uk/ace/branded_news/1200/cpsprodpb/6CAA/production/_123581872_andrei-eventsplanner.jpg,Europe
https://www.bbc.co.uk/news/uk-politics-60655003,Ukraine: Volodymyr Zelensky to address UK MPs in Commons,The Ukrainian president will speak via video link to British politicians on Tuesday.,"The Ukrainian president - pictured here with Boris Johnson in February - will make a statement to the Commons by video link

Ukrainian President Volodymyr Zelensky will address British politicians via video link later, as his country battles the Russian invasion.

Mr Zelensky's speech will be broadcast to MPs in the Commons at 17:00 GMT using TV screens being installed in the chamber.

Members of the House of Lords are also expected to watch from the public gallery.

MPs will be able to follow a live translation over special headphones.

After Mr Zelensky's speech, Boris Johnson and Labour leader Sir Keir Starmer will respond.

Meanwhile, the prime minister is hosting meetings in London with the leaders of Poland, Hungary, Slovakia and the Czech Republic.

The series of meetings will be to discuss the UK's support for security in central Europe.

Zelensky profile: The comedian president rising to the moment

Channel 4 shows Zelensky's comedy series

Commons Speaker Sir Lindsay Hoyle said: ""Every parliamentarian wants to hear directly from the president, who will be speaking to us live from Ukraine, so this is an important opportunity for the House.

""Thanks again to our incredible staff for working at pace to make this historic address possible.""

His counterpart in the House of Lords, Lord McFall of Alcluith, said: ""Today we are not members of the House of Lords or Commons, we are parliamentarians, united in solidarity with Ukraine.""

Mr Zelensky, a former comedian and actor, has been the figurehead of Ukraine's struggle since Russian President Vladimir Putin's forces invaded the country last month.

Last week, he received a standing ovation when he spoke, via videolink, to the European Parliament.

Boris Johnson pledged support for European countries as he opened the meetings on Tuesday

Mr Zelensky has also spoken frequently to Prime Minister Boris Johnson since the conflict started.

On Monday, the presidentpromised to punishanyone who commits atrocities against the Ukrainian people.

""There will be no quiet place on Earth for you, except for the grave,"" the president said.

On Monday evening, Mr Johnson spoke with US President Joe Biden, French President Emmanuel Macron and German Chancellor Olaf Scholz, with the four leaders agreeing to maintain pressure on Russia to isolate Mr Putin diplomatically and economically.

""The prime minister stressed that our goal must be ensuring Putin's failure in this act of aggression against Ukraine,"" said a No 10 spokeswoman.

At Prime Minister's Questions last week, MPs stood to applaud Vadym Prystaiko, Ukraine's ambassador to the UK, who watched parliamentary proceedings from the Commons gallery.

Zelensky's defiant response to invasion... in 100 seconds

LIVE:Latest updates from on the ground

SYMBOL:Why has 'Z' become a Russian pro-war sign?

IN LVIV:Chaos and tears trying to catch a train to safety

EXPLAINED:Why Putin has invaded Ukraine?

IN DEPTH:Full coverage of the conflict

Zelensky: The comedian who became a wartime leader",https://ichef.bbci.co.uk/ace/branded_news/1200/cpsprodpb/BCE6/production/_123585384_073466804-2.jpg,UK Politics
https://www.bbc.co.uk/news/uk-60645711,Ukraine war: Boris Johnson defends refugee response after visa criticism,"Boris Johnson says the UK will be ""very generous"" - but is facing calls to help more people fleeing.","Watch: Boris Johnson says the UK ""has always been very generous"" to those fleeing war

Boris Johnson has promised to be ""very generous"" towards Ukrainian refugees, amid criticism over the number who have been granted visas.

The Home Office says 300 visas have been issued since Russia invaded Ukraine - up from 50 on Sunday.

The figure comes amid confusion over whether access will be widened beyond the current schemes.

Labour says the situation regarding refugees is a ""mess"" and that clearer rules are urgently needed.

The two UK schemes announced so far require Ukrainians either to have family in the UK, or have a designated UK sponsor for their application. Only the family scheme is in operation so far.

Where have Ukraine's 1.7 million refugees gone?

What is the UK doing for Ukrainian refugees?

Ukraine refugees can stay in UK for three years

Home Secretary Priti Pateltold the Sunshe was examining ""legal options"" to grant humanitarian access to people ""without ties to the UK"".

But the prime minister did not confirm whether a third route would be set up when questioned on Monday, saying only that the UK would have a ""very generous and open approach"" to refugees.

However, Boris Johnson said the UK would not ""abandon controls altogether"" on those wanting to come to the country, adding it was ""sensible"" to ""have some basic ability to check who is coming in and who isn't"".

More than 1.7 million people have fled Ukraine since Russia invaded, according to the United Nations.

Most are in neighbouring countries, with the Polish border agency saying on Monday that more than one million people have now crossed into Poland.

Foreign Office Minister James Cleverly said Ukrainian refugees preferred to stay in the region - and the UK was providing humanitarian support to those in neighbouring countries.

The UK has steadily increased its visa offer to refugees.

This includeswidening the rangeof family members that allow Ukrainians with relatives in the UK to apply for visas and creating a the second route allowing UK-based organisations to sponsor applications - with details to be set out this week.

But the government has faced criticism that its offer of help is less generous than the EU's.

The UK had been warning about a possible Russian invasion of Ukraine for many weeks.

The likelihood of a refugee crisis was known.

And yet there is a sense of Whitehall scrambling to refit its new immigration and asylum policy to the reality of refugees fleeing war in Europe.

In contrast to the EU's policy, Ukrainians wanting to come to the UK need a visa - obtained either through existing family links or a sponsor.

But Home Secretary Priti Patel told the Sun newspaper she was considering a new route for refugees to come to the UK.

Cue a day of confusion as ministers insisted that wasn't the case.

The problem could be the ambiguity of Ms Patel's words.

Or it reveals confusion within Whitehall about what should be done as the exodus from Ukraine continues and public concern grows.

The Home Office said 8,900 applications had been submitted for visas via the Ukraine Family Scheme, with 300 issued so far.

It added that it had ""surged"" staff in nearby countries to process cases as quickly as possible.

But Labour leader Sir Keir Starmer said the government should be offering a ""simple route to sanctuary"" for people in danger.

""The Home Office is in a complete mess about this. They keep changing the rules,"" he said.

""The government now talking about a third route is something that we've been talking about now for days.""

The government is also facing pressure over the situation in Calais, where there now are more than 500 Ukrainians hoping to get to the UK.

MY 15-HOUR JOURNEY TO SAFETY:Home in Kyiv is no longer safe for Zhanna...

DOES YOUR BRAIN NEED A BOOST?:How to banish brain fog and boost your energy levels

Where have Ukraine's millions of refugees gone?

How do the UK's schemes for Ukrainian refugees work?",https://ichef.bbci.co.uk/ace/branded_news/1200/cpsprodpb/F4D5/production/_123577626_refugeesepa.jpg,UK Politics
https://www.bbc.co.uk/news/business-60649214,McDonald's and Coca-Cola boycott calls grow over Russia,Food and drink giants have been criticised on social media for failing to speak out on Ukraine's invasion.,"Pressure is growing on Western food and drink giants to pull out of Russia due to the invasion of Ukraine.

McDonald's and Coca-Cola have been criticised on social media for failing to speak out about the attacks and continuing to operate in the country.

Well-known firms includingNetflix and Levi's have already suspended salesor stopped providing services in Russia.

McDonald's and Coca-Cola have not responded to the BBC's request for comment.

#BoycottMcDonalds and #BoycottCocaCola were trending on Twitter on Monday and over the weekend respectively.

Dragon's Den investor Deborah Meaden also spoke out on social media against the fizzy drinks company, urging people to stop drinking its products.

Allow X content?

This article contains content provided by X. We ask for your permission before anything is loaded, as they may be using cookies and other technologies. You may want to readXâs cookie policyandprivacy policybefore accepting. To view this content chooseâaccept and continueâ.

The criticism comes amid calls for other well-known Western firms such as KFC, Pepsi, Starbucks and Burger King to close their outlets and stop sales in Russia.

However, most firms have stayed silent on the issue with Pepsi, Starbucks and Burger King also declining to respond to the BBC's requests for comment.

Fast food chain KFC did not respond initially but its owner Yum Brands, which also owns Pizza Hut, has since announced that it has suspended future investments in Russia.

Yum Brands is the world's second-biggest restaurant chain, and there are about 1,000 KFC outlets and 50 Pizza Hut restaurants in Russia. The company was not pulling out entirely, but Yum said that it would ""redirect all profits from operations in Russia to humanitarian efforts"". It is also donating $1m (Â£762,000) to the Red Cross.

Many of the firms the BBC has contacted have a large number of stores in the country.

In recently-published informationon its website, McDonald's said that it has 847 stores in Russia. The company also owns the majority of these outlets, whereas across the rest of the world most are typically operated by franchisees.

Both McDonald's and Pepsi, who have had a presence in Russia for decades, have also been singled out by the boss of New York state's pension fund.

The oldest Russian McDonald's branch, off Pushkin Square in central Moscow, opened in 1990.

Thomas DiNapoli, comptroller of the New York state common retirement fund, wrote letters to the companies, according to Reuters reports, urging them to review their businesses in Russia because they face ""significant and growing legal, compliance, operational, human rights and personnel, and reputational risks"".

Often, franchise owners will be able to take the decision as to whether or not to shut chains down, depending on terms of agreements they might have with big food chains like KFC or Starbucks.

In a recent statement, Kevin Johnson, the boss of Starbucks, described attacks on Ukraine as ""unprovoked"" and ""unjust"".

But most of its sites in Russia remain open, according to its website. Most of these franchises are run by the Kuwait-based Alshaya Group.

Kathleen Brooks, director at Minerva Analysis, said McDonald's and Coca-Cola were ""very complicated businesses"", which would not make it easy to make a decision to leave Russia quickly.

She told the BBC's Today programme that Coca-Cola had an ""incredibly complicated structure"" with bottling plants in Russia.

""I don't think it's as simple as saying can you just pull out of Russia,"" she said. ""These are complicated businesses and there's a lot to consider, but right now the reputation risk could really hit their share prices so they may have no choice going forward.""

But Dr Ian Peters, director of the Institute for Business Ethics, told BBC News: ""This is not a time to sit on the fence.

""The world is likely to judge companies by what they do in such circumstances, and ethical judgement will be as important as complying with any government-led regulations and sanctions.""

He said that most firms would have what they refer to as an ""ethical compass"" they use to make big decisions.

""We would advise firms in such circumstances always to look at the bigger picture and seek to do the right thing, putting the wider interest above short-term profit,"" he added.

He cited important ethical dilemmas that might come up for companies when considering to suspend operations in Russia too: What duty of care do these companies hold to employees on the ground? Is it fair to deprive Russian citizens of basic goods?

Professor of business ethics at Henley Business School, Kleio Akrivou, suggested that these types of decisions might be more difficult to reach for food companies than, say, consulting firms.

""When it comes to sanctions which deprive the Russian population of its basic goods and dignity, firms may need to approach the situation more thoughtfully, with an appeal to practical reason.""

She said now is the time for fast food giants to balance how real people are affected by such moves, alongside any reputational risk.

LIVE:Latest updates from on the ground

SYMBOL:Why has 'Z' become a Russian pro-war sign?

IN LVIV:Chaos and tears trying to catch a train to safety

EXPLAINED:Why Putin has invaded Ukraine?

IN DEPTH:Full coverage of the conflict

The BBC's Jeremy Bowen was on the frontline in Irpin, as residents came under Russian fire while trying to flee

Growing numbers of firms pull back from Russia

Five ways the Ukraine war could push up prices",https://ichef.bbci.co.uk/ace/branded_news/1200/cpsprodpb/132C1/production/_118892587_gettyimages-1233121717.jpg,Business
https://www.bbc.co.uk/news/av/world-us-canada-60655723,Deadly US tornadoes leave trail of destruction,Seven people are dead after tornadoes packing winds of up to 138 mph (222kph) tore through Iowa.,"At least seven people are dead after three tornadoes tore through central Iowa, including two children and a family of four. The most powerful tornado generated wind gusts of up to 138 mph (222kph) and left over 50 houses damaged and destroyed.",https://ichef.bbci.co.uk/news/1024/branded_news/C1FA/production/_123585694_p0bt1ppj.jpg,
https://www.bbc.co.uk/news/world-europe-60651973,Ukraine conflict: Your guide to understanding day 12,Russia is still bombarding cities despite offering escape routes. Here's your guide to day 12 of the war.,"Jeremy Bowen was on the frontline in Irpin as residents came under Russian fire while trying to flee

On day 12 of the invasion, there was no let-up in the Russian shelling of major population centres, despite a proposal from Moscow to create safe escape routes.

Mariupol, Volnovakha, Sumy and Kharkiv spent another day under fierce attack, which prevented the evacuation of civilians, said Ukraine's foreign ministry.

Russia said earlier that humanitarian corridors would allow people to leave some of the threatened areas.

But Ukraine branded the proposal ""immoral"" after it emerged many of the routes would only take civilians to Russia or its ally, Belarus.

It urged all countries to put pressure on Moscow for a ceasefire.

The mayor of Irpin, a beleaguered town on the north-western outskirts of Kyiv, said 1,000 people had been taken to safety. He said Ukrainian forces had repelled Russian attacks and they had pulled back.

Residents of Irpin have been fleeing the Russian assault on their city, which is half an hour's drive from the capital.

You can read Orla Guerin's account of their struggle here.

The Ukrainians said other towns in the area, including Bucha and Hostomel, were in Russian hands and the situation was critical.

Rescue workers say at least 13 people were killed when an air strike hit an industrial bakery west of the capital, Kyiv.

Ukrainian President Volodymyr Zelensky has said everyone who commits atrocities against Ukraine's civilians will be punished.

He said Ukrainians would not forgive or forgetand accused invading Russian troops of deliberate murder.

""There will be no quiet place on Earth for you. Except for the grave,"" the president said.

Ukrainian officials say Russia is striking civilian targets around the country, including hospitals, nurseries and schools.

But Russia denies targeting civilians, saying it is carrying out a ""special military operation"" against Ukrainian ""nationalists"" and ""neo-Nazis"".

Meanwhile, delegations from Russia and Ukraine have held a third round of talks in Belarus with little progress.

Contacts between the two sides have so far come to nothing, with Russia insisting it will only stop the invasion if Ukraine meets all its demands.

Russian troops have surrounded the perimeter of the plant

More than 100 workers at Ukraine's Chernobyl nuclear power plant - the site of the world's worst nuclear disaster in 1986 - have been stuck there for more than 12 days, unable to leave after Russian forces seized the plant on the first day of the invasion.

Another 200 Ukrainian guards, who'd been in charge of security at the time of the assault, also remain trapped.

Workers continue to go about their duties and the atmosphere is said to be calm, butthe BBC has been told that the conditions inside are difficult, with food and medicine limited.

Dusia Kostiuk, 91, travelled from Kharkiv to Lviv on her way to Poland

Despite the fierce fighting, huge numbers of Ukrainians are on the move.

The western city of Lviv has reached the limit of its capacity to help refugees displaced by the Russian invasion, its mayor, Andriy Sadoviy, said on Monday.

Hundreds of thousands of displaced people have flowed into Lviv since the invasion began, putting a huge strain on the city's resources.

Among them was 91-year-old Dusia Kostiuk, who spent 27 hours on a train from the heavily bombed city of Kharkiv.

""Our house was still there when we left but shelling was happening all around and we were told that terrible shelling is happening there now,""she told the BBC's Joel Gunter.

""We didn't take anything with us, I took two dresses and that's it.

""I was born and raised in Kharkiv. I didn't really travel before, I don't like to travel. I never thought I would leave my home like this.""

Watch: The children with cancer fleeing war in Ukraine

More than 1.7 million Ukrainianshave so far fled the war-torn country,

The vast majority of them - more than one million - are heading to neighbouring Poland.

Others are crossing to neighbouring countries to the west, such as Romania, Slovakia, Hungary and Moldova.

Among the refugees are Ukrainian children with cancer. They are being evacuated by non-governmental organization Herosi, co-ordinated by the US-based St Jude Children's Research Hospital.

Efforts are under way to find the patients places in medical care centres across Europe.

Russian gymnast Ivan Kuliak is facing disciplinary proceedings by the International Gymnastics Federation (FIG) for displaying the letter ""Z"" on the podium next to a Ukrainian rival in Qatar. But what does the symbol mean?

In Russia, the ""Z"" is fast becoming seen as a staunchly pro-war symbol of President Putin's invasion of Ukraine.

It has been sported by politicians, seen on the sides of cars, vans and advertising hoardings - as well as daubed on bus shelters. It has even been used by Serbs at pro-Russian demonstration in Belgrade. Photographs have been widely shared on social media.

You can read more about it here.

On the global financial markets, the impact of the war is still being felt.

Oil and gas costs have been soaringamid fears of a global economic shock from Russia's invasion of Ukraine.

Oil jumped to $139 (Â£106) a barrel at one point on Monday, the highest level for almost 14 years, while wholesale gas prices for next-day delivery more than doubled.

The price surge came as the US hinted at a ban on buying Russian energy, with other countries urged to increase supplies.

However, not all EU countries are ready to enforce such a ban.

Big powers Germany and Italy - far more reliant on Russian energy than most - feel more threatened by the prospect of skyrocketing energy prices that would surely follow any sanctions on Russian oil or gas imports,as the BBC's Katya Adler reports.

LIVE:Latest updates from on the ground

IN KYIV:Locals fear another Grozny or Aleppo

ANALYSIS:Europe finally steps up

EXPLAINED:Why Putin has invaded Ukraine?

IN DEPTH:Full coverage of the conflict

Zelensky vows to punish Russian atrocities

Ukraine: Taking cover in a town under attack. Video, 00:03:41Ukraine: Taking cover in a town under attack",https://ichef.bbci.co.uk/ace/branded_news/1200/cpsprodpb/E946/production/_123581795_dscf2664.jpg,Europe
https://www.bbc.co.uk/news/world-europe-60644832,Ukraine war: Why has 'Z' become a Russian pro-war symbol?,"In Russia, the 'Z' is fast becoming seen as a staunchly pro-war symbol - what does it mean?","Russian gymnast Ivan Kuliak is facing disciplinary proceedings by the International Gymnastics Federation (FIG) for displaying the letter ""Z"" on the podium next to a Ukrainian rival in Qatar. But what does the symbol mean?

In Russia, the ""Z"" is fast becoming seen as a staunchly pro-war symbol of President Putin's invasion of Ukraine. It has been sported by politicians, seen on the sides of cars, vans and advertising hoardings - as well as daubed on bus shelters. It has even been used by Serbs at pro-Russian demonstration in Belgrade. Photographs have been widely shared on social media.

It has become a social media conversation, says Aglaya Snetkova, a lecturer in international politics at the School of Slavonic and Eastern European Studies at UCL. ""In many ways, this shows the extent to which Russia is, or has been, very much part of the global world.""

While zed in the Russian Cyrillic alphabet is written differently - and looks like a 3 - most Russians recognise Latin letters. Emily Ferris - Russia and Eurasia research fellow at the Royal United Services Institute (RUSI) - says the ""Z"" is a powerful and easily recognisable symbol.

""Often with propaganda the simplest things catch on the quickest,"" she says. ""It looks rather intimidating and quite stark. From an aesthetic perspective, it's a very powerful symbol.""

It has taken less than a fortnight for the ""Z"" to spread among those supportive of President Putin's invasion.

In the central Russian city of Kazan, about 60 children and staff at a hospice were photographed outside in the snow forming a giant ""Z"" in front of their building.

Several theories have circulated as to what the ""Z"" symbol actually means. It first caught attention on social media after Russian tanks with ""Zs"" on the side were spotted en route to Ukraine.

Initially, it was thought that the ""Z"" was in fact a number ""2"" - representing the 22 February (22/02/2022). That was the day Russia ratified an agreement on ""friendship, cooperation and mutual assistance"" with the self-proclaimed breakaway regions in eastern Ukraine - Donetsk and Luhansk.

But it is now believed the symbol is simply a way for Russia's military to identify its own forces.

Last week, viewers to a news programme on Russia's state-controlled Channel One were told that a ""Z"" was a common marking on Russian military equipment. The Orthodox Christian pro-Putin website Tsargrad told readers the simple marking could ""avoid friendly fire"" and couldn't be ""mixed up with anything else"".

Russian special forces veteran Sergey Kuvykin told the Russian magazine website, Life, that different symbols signified different military units. ""Symbols like these are used - a 'Z' in a square, a 'Z' in a circle, a 'Z' with a star or simply 'Z' on its own."" He said the markings helped make sure that troops, who might not be in contact with other comrades, were where they should be.

Russian warplanes fly too quickly to see the daubed white markings, says US Air Force Lt Col Tyson Wetzel - a senior Air Force fellow with The Atlantic Council think tank. But, in an interview with theTask and Purposewebsite, he agrees the ""Zs"" are a ""de-confliction measure to help prevent fratricide"" - friendly fire from Russian attack helicopters or artillery.

The spread of ""Z"" in Russia has not only been because of social media spontaneity - cautions Aglaya Snetkov from UCL.

""It has also been pushed by the regime.""

One Russian politician, Maria Butina, shared a video of how to write the ""Z"" insignia on a business jacket - she explains - ""so you can go into work and show it to everyone without shouting about it.""

But Ms Snetkov says the symbol shouldn't be seen as fascist. ""There are lots of memes transforming the 'Z' into a swastika, but that's done by people who want to push back against the regime.""

And there are other symbols appearing, too.

The letter ""V"" for instance - also not in the Cyrillic alphabet - appears in posts on theofficial Instagram accountof the Russian department of defence, alongside images of ""Zs"".

There are written captions. ""Za PatsanoV"" reads one, meaning ""for the lads"" - while another says ""Sila V pravde"", which translates into English as ""strength in truth"".

One theory is that the two Latin letters might stand for ""vostok"", meaning east, and ""zapad"", meaning west. But onsocial media, it has also been suggested that the Ukrainian military believes the ""Z"" refers to Russia's ""Eastern Forces"" - and the ""V"" to the ""Naval infantry"".

LIVE:Latest updates from on the ground

EXPLAINED:Why Putin has invaded Ukraine?

VIRAL:False claims that war is a hoax

ENERGY:How reliant is the world on Russia for oil and gas?

IN DEPTH:Full coverage of the conflict

Top image: International Gymnastics Federation (FIG)",https://ichef.bbci.co.uk/ace/branded_news/1200/cpsprodpb/0062/production/_123589000_xxindex_promo_976-nc.png,Europe
https://www.bbc.co.uk/news/world-europe-60638949,Ukraine war: Chernobyl workers' 12-day ordeal under Russian guard,"The nuclear power plant was seized on day one of Russia's invasion, and workers have not left since.","Russian troops have surrounded the perimeter of the plant

More than 100 workers at Ukraine's Chernobyl nuclear power plant - the site of the world's worst nuclear disaster in 1986 - have been stuck there for more than 12 days, unable to leave after Russian forces seized the plant on the first day of the invasion.

Another 200 Ukrainian guards, who'd been in charge of security at the time of the assault, also remain trapped.

Workers continue to go about their duties and the atmosphere is said to be calm, but the BBC has been told that the conditions inside are difficult, with food and medicine limited.

There are also growing concerns that stress could be impacting their ability to safely carry out their duties at the nuclear site.

Russian soldiers are now inside the 32km (19 mile) Chernobyl exclusion zone and have surrounded the perimeter of the plant.

Russia says it has secured the site jointly with the Ukrainian national guard, but Ukraine disputes this and says Russian troops have full control.

The relative of one of the workers stuck at the plant - who we are not naming for safety reasons - told the BBC that the Russian side was willing to let them swap shifts, but that they could not guarantee their safety on the journey home, nor of workers travelling to take their place.

The train between Slavutych and Chernobyl travels briefly through Belarus, a major Russia ally.

Although no longer a working power station, Chernobyl was never fully abandoned and still requires constant management. In fact, after reactor number four exploded 36 years ago, its other reactors continued to operate for a few years, and a whole town - Slavutych - was built to house workers who were evacuated after the accident.

These days, around 2,400 people still work at the site: scientists, technicians, cooks, medics and other support staff, plus members of the national guard.

In normal times, workers would board a train from Slavutych at the start of their shift, and return home afterwards. But for the employees who were there when the Russians invaded, everything suddenly changed - they were forced to live on site.

""The situation is complicated and tense,"" Yuri Fomichev, Mayor of Slavutych, told the BBC. ""It is difficult for them morally, psychologically and physically.""

The workers do have some food on site, but because they don't know how long they will be there for, they are limiting themselves to one meal a day (prepared by cooks who are also stuck), and the food is said to be basic - mainly bread and porridge.

Conditions are tough for the Ukrainian workers and national guard members at the power station

On Sunday, Russian personnel offered a delivery of food, but the Ukrainian workers turned it down, saying it was a propaganda stunt.

The facilities are not set up for sleeping, so temporary dormitories have been created, with some sleeping on camp beds and tables, others on the floor.

In order to get some down-time, the workers have split themselves into shifts, with one group working while another rests.

For the employees' families in nearby Slavutych, it is a difficult time.

""Some of the workers require medication which is limited at the plant, and that adds extra worries for the relatives,"" said Mr Fomichev.

""We have to tell them that there is currently no safe way of getting the workers out of there.""

With workers feeling the physical and psychological effects of nearly two weeks stuck at work on a decommissioned nuclear power plant, there are fears that the stress could be impacting their ability to safely carry out their duties.

""Under these conditions, the workers' concentration gets worse and worse, and that is a threat to safety,"" said Mayor Fomichev.

""It may not be a working power plant, but it still requires a lot of attention to make sure all systems are working normally,"" he added.

The director general of the International Atomic Energy Agency (IAEA), Rafael Grossi, has repeatedly stressed the need for staff to be able to rest in order to carry out their jobs safely, and in an interview with the BBC he said he had been in touch with the Russian side to communicate that message.

But nuclear experts say that because this is not an active nuclear power plant, the danger to public health is limited.

""It's not good that people aren't changing shift and that people are working with Russian soldiers around them, but I don't see a big danger,"" said James Smith, Professor of environmental science at the University of Portsmouth, who has been studying Chernobyl for many years and has been to the site many times.

""The last reactor shut down in the year 2000, so the spent nuclear fuel... is not significantly heat-generating any more,"" he said, explaining that this makes it extremely unlikely that a major release of radioactivity could occur.

Radiation levels did spikein the region when the power station was seized, due to heavy military equipment disturbing the contaminated dust around the site. However, Professor Smith said they did not rise to concerning levels.

The risk of a major nuclear catastrophe may be low, but for the workers stuck inside and their families the emotional cost is very real.

""All the staff are super exhausted and desperate. They doubt that anyone cares about them. Right now they don't see anyone doing anything to rescue them,"" the relative of one employee said.

In a BBC interview, she appealed to the IAEA to intervene so the current workers could safely leave, with another group taking over.

IAEA chief Rafael Grossi said he was in contact with the Ukrainian and Russian sides in an attempt to manage safety both at Chernobyl, and at Ukraine's active nuclear power plants, where experts say the consequences of open conflict could be more serious.

However, nothing definitive has been agreed.

Chernobyl nuclear disaster: âThree-day evacuation lasted 35 yearsâ

Russian forces seize Chernobyl nuclear power plant

Why there was a radiation spike at Chernobyl

How close was nuclear plant attack to catastrophe?",https://ichef.bbci.co.uk/ace/branded_news/1200/cpsprodpb/5170/production/_123584802_chernobylbig.jpg,Europe
https://www.bbc.co.uk/news/uk-60652914,Ukrainians on way to UK hit paperwork dead-end in Calais,"""No visa for at least another week,"" said Misha, simply. ""No-one can help us in Calais.""","The Raminishvili family are stuck in Calais

Misha Raminishvili was close to despair, his daughter in tears, as the news came through. His wife Maria had a vacant look in her eyes that spoke of a nightmare journey still without a final destination.

""No visa for at least another week,"" he said, simply. ""No-one can help us in Calais.""

I met Misha, with his Ukrainian wife Maria and two children, at a hostel in the French port which is accommodating 137 Ukrainian refugees.

Misha has a house in Hornchurch, east London, but lives between there and Kyiv.

He and his son, Misha Jr, have UK passports. But his wife Maria, and daughter Gabrielle, do not - and therefore need visas to enter the UK, which require biometric checks.

Misha has been stuck in Calais for five days, unable to get his family across the Channel, in what would be the last leg of a journey that began on 24 February.

At the start of that journey, Maria walked 45 miles to Ukraine's border with Romania before Misha reached her.

""I feel left out,"" Misha told me in Calais. ""Who else is going to help me if not my own government?""

Misha Raminishvili and his son can enter the UK, but his wife and daughter can not

More than 500 Ukrainian refugees are currently in Calais, hoping to get to the UK.

Among them are families with small children and babies, as well as elderly women who have fled the war and crossed a continent.

Many tell of having attempted to reach Britain, only to have been turned back by Border Force officials because they didn't have the right paperwork.

Despite Home Secretary Priti Patel saying she had ""surged a Home Office team"" to help people on the ground in Calais - and denying that anyone had been turned back at the border - there is frustration and despair among those trying to navigate the bureaucracy.

A Home Office presence at a local administrative building disappeared this morning, a sign at the hostel advising people to go to Brussels or Paris to apply for a visa.

Desperate refugees returned from the building to say they didn't know what to do - or where to go.

Eventually, Misha spoke to a Border Force official who advised him to head across town to the old port building.

He has a car and was able to drive there. But when he arrived, the Home Office representation amounted to three men at a table in a deserted departure hall with bags of ready salted crisps and chocolate bars.

When Misha asked them how he could get home to England with his family, he was told he could have an appointment in Paris on 15 March.

""Another week stuck here,"" Misha lamented. ""I have never claimed a benefit in my life and the first time I ask my government for their help, this is how they treat me. I am gutted.""

IN KYIV:Locals fear another Grozny or Aleppo

ANALYSIS:Europe finally steps up

EXPLAINED:Why Putin has invaded Ukraine?

IN DEPTH:Full coverage of the conflict

The Home Office had promised refugees arriving in Calais there would be support available to help them complete the final leg of their long journeys.

However, a Home Office statement today announced: ""There is no visa application centre in Calais and people should not travel there.

""Anyone wishing to make an application under the Ukraine Family Scheme should apply online and then to travel to their nearest visa application centre.

""The only visa application centre in France is in Paris.""

A charity worker from Care4Calais has become the focal point for many of the refugees in the hostel, but she too is frustrated by the lack of information and support from the UK authorities.

The prime minister has said the UK government will be ""very, very generous"" in its approach to helping Ukrainian refugees come to the UK, but in Calais people fleeing the war and looking for sanctuary in Britain spoke of a different attitude from those at the border.

PM defends Ukraine refugee response after criticism

UK grants 50 Ukrainian refugee visas so far

Where have Ukraine's millions of refugees gone?",https://ichef.bbci.co.uk/ace/branded_news/1200/cpsprodpb/E31A/production/_123583185_mediaitem123583184.jpg,UK
https://www.bbc.co.uk/news/av/world-europe-60621254,Family separated by war in Ukraine finally reunited,"Rita and her children were trapped in Ukraine when Russia invaded. After spending a week in their basement, they've finally been reunited with Rita's husband and their father Andy.","Rita and her children were trapped in the north of Ukraine when Russia invaded.

Her husband Andy has been desperately trying to get them to the UK.

They hunkered down in their basement while they planned their escape route.

After hours on the road, they've finally been reunited.

Newsnight's Sima Kotecha reports.",https://ichef.bbci.co.uk/news/1024/branded_news/8A14/production/_123584353_p0bt0sdy.jpg,
https://www.bbc.co.uk/news/newsbeat-60647206,Servant of the People: 'Zelensky's comedy made me admire him more',The show where Zelensky's character becomes the unlikely president of Ukraine is airing in the UK.,"Volodymyr Zelensky became the unlikely president of Ukraine in April 2019

A man with no political experience becoming the president of a country with a population of millions.

If the political rise of Ukraine's president Volodymyr Zelensky sounds like the plot of a TV show - that's because it is.

Before taking Ukraine's top political job, President Zelensky was the star of Servant of the People - a comedy series which started in 2015, following a teacher who becomes president after a video of him ranting about politics goes viral.

It was broadcast in the UK for the first time on Sunday night on Channel 4, with 100,000 people tuning in to get the (fictional) backstory of the Mr Zelensky, according to official viewing figures.

One viewer told Radio 1 Newsbeat that watching the show made her ""admire him more,"" than she already did.

As president of Ukraine, President Zelensky has faced the invasion of Russian forces since his country was invaded in late February.

Why has Putin invaded Ukraine?

Zelensky: A comedian president rising to the moment

Zelensky's defiant response to invasion... in 100 seconds

He has been praised by many for his handling of the war,delivering rallying cries to his citizens to ""drive this evil out""and remaining in the capital city of Kyiv during attacks by the forces of Russia's President Putin.

World events are very likely to have been the leading factor in the decision by Channel 4 to broadcast the show now.

President Zelensky visits Ukrainian troops fighting Russian forces

The name of the show - Servant of the People - is what Zelensky later decided to name his real political party when he ran for president in 2019.

Broadcasters in countries around the world are now racing to buy the rights to show it.

Melanie Daffin was one of the thousands who watched along as Servant of the People aired in the UK on Sunday night.

Melanie said she will be watching all episodes of Servant of the People

""I'd seen clips of the show on TikTok so I was quite excited to see Channel 4 had got the rights to it,"" the 22-year-old told Radio 1 Newsbeat.

""It's very weird watching him be this funny guy when what we're seeing now is him being this serious leader.

""It makes me admire him more, going from one side of the spectrum to another - being a comedian to being someone who is admired on the world stage for his patriotism and his resilience.

""He's proved to be an incredible leader, and one many world leaders could take notes from. He is serving the people of his country well.""

Melanie believes ""even though it is a comedy"" it doesn't ""take away from what he is doing now"".

Although only three episodes were broadcast on Channel 4 on Sunday, Melanie has plans to watch the others - all 48 of them.

""I will definitely be watching it. As long as I can access it, I will be watching it.""

Allow Instagram content?

This article contains content provided by Instagram. We ask for your permission before anything is loaded, as they may be using cookies and other technologies. You may want to readMetaâs Instagram cookie policyandprivacy policybefore accepting. To view this content chooseâaccept and continueâ.

President Zelensky not only has acting credits, but has credentials as a producer, writer and director as well.

He's been nominated for two Ukrainian Film Academy Awards and has won two awards for his production of Ukrainian TV programmes.

Follow Newsbeat onInstagram,Facebook,TwitterandYouTube.

Listen to Newsbeatliveat 12:45 and 17:45 weekdays - or listen backhere.

Has Putin's war in Ukraine failed?

Zelensky: The comedian who became a wartime leader

Zelensky's defiant response to invasion... in 100 seconds. Video, 00:01:42Zelensky's defiant response to invasion... in 100 seconds",https://ichef.bbci.co.uk/ace/branded_news/1200/cpsprodpb/1319E/production/_123583287_zelensky976.jpg,Newsbeat
https://www.bbc.co.uk/sport/formula1/60651647,Christian Horner accuses Mercedes of 'bullying' behaviour leading to Michael Masi's removal,"Red Bull team principal Christian Horner accuses rivals Mercedes of ""bullying"" behaviour resulting in the removal of race director Michael Masi.","In a separate interview with 5 Live Breakfast's Rick Edwards and Rachel Burden, Red Bull's Christian Horner speaks about the FIA decision to remove Michael Masi as F1 race director

Red Bull team principal Christian Horner has accused rivals Mercedes of ""bullying"" behaviour resulting in the exit of race director Michael Masi.

Horner has questioned the FIA's removal of Masiin the wake of the controversyover last year's title decider.

""Was it right to fire him based on pressure that was placed on him from a rival team? That for me was wrong,"" Horner said.

""That's tantamount to bullying. It's passively aggressive.""

Horner's remarks, made in an exclusive interview with BBC Sport, are a reference to Mercedes, whose driver Lewis Hamiltonrefused to commit to coming backto Formula 1 this season until he had seen the results of the FIA's inquiry into the race in Abu Dhabi.

Mercedes have declined to comment.

Hamilton was beaten to the drivers' title by Red Bull's Max Verstappen after a safety-car period late in the season's final race in Abu Dhabi.

Masi has been offered a new role at the FIA - the sport's governing body - and replaced as race director by two people who will alternate in the job, with a new support structure put in place to lessen the pressure on the role.

In a wide-ranging interview, Horner also discussed:

His views on what happened in Abu Dhabi

His driver Verstappen's controversial driving tactics

Verstappen's new six-year contract with Red Bull

His decision to oppose an increase in the number of 'sprint' events

On Masi, Horner added: ""Yes, Michael did make mistakes and it was frustrating, but you have to look at the role that he was in and the tools that he had at his disposal.

""You can't just place the blame on Michael. It's unfair to do that.""

Horner has drawn some criticism from within F1 for talking about the need to be concerned for Masi's mental health, given the amount of blame he and Red Bull levelled at officials in the course of 2021.

But he said he had spoken out because he felt it was unacceptable the way Masi had been treated, both by fans threatening him on social media, and by the FIA, which Horner believes did not give its race director enough support.

""We were on the receiving end of many of Michael's errors,"" Horner said. ""But he is in a high-pressure role in a high-pressure sport.

""But what it is unforgivable is the trolling, the abuse online, the death threats that he and his family had. That absolutely cannot be condoned in any way.

""That has nothing to do with the sport. It's just out-and-out bullying and I would not accept that in any way within our organisation.

""That's why I spoke up for Michael because I felt that he had not had any support. He had not had any backing. That he'd been hung out to dry and that there was this concerted campaign that was very passive-aggressively focused against him.

""I will always stand up for someone who is being bullied. Bullying is not acceptable.""

Many senior figures within F1 accept that Masi failed to administer the rules correctly in Abu Dhabi in two different ways during a late safety-car period - in only letting some, rather than all, of the lapped cars out of the way of the leaders, and in the timing of the restart.

Hamilton had dominated the race and was on course to win an eighth world title. But the sequence of events at the end left him a sitting duck on old tyres, and on the single racing lap after the restart, Verstappen passed the Mercedes to win his first world title.

The FIA has effectively acknowledged mistakes were made, in both the decisions it has taken, andin remarks byexecutive director of single-seaters Peter Bayer on the race.

But Horner said: ""I don't believe the rules were not followed correctly. I think that they were applied perhaps differently to how they had been before by not allowing every single car to unlap.""

He added that ""if [the stewards] felt the rules were not applied correctly, they wouldn't have declared the result"" following Mercedes' post-race appeal.

Max Verstappen won the Abu Dhabi Grand Prix to clinch the F1 title

Red Bull have been criticised for the way they pressured Masi in Abu Dhabi.

As Masi deliberated on what to do, Horner told him: ""You only need one racing lap.""

Red Bull sporting director Jonathan Wheatley also pressured Masi, who thenechoed Wheatley's choice of wordsback to Mercedes F1 boss Toto Wolff when the Austrian complained about the way the race had been handled.

But Horner said he believed Red Bull had applied less pressure on Masi than Mercedes had in the race.

""You've got to report the facts,"" Horner said. ""Who was the first to call Michael? It wasn't me. I'm only responding to the pressure being applied on him that I can hear in my ear from a rival team. It's my job as the principal of the team that I represent to defend it.

""I think it was probably less than the pressure that our rivals were pushing on to not have a safety car. Or to back-track a lap. Or not to have a virtual safety car, or for the virtual safety car to go into a full safety car.""

And he said Masi's decision to let only some lapped cars through had made no difference to the result.

""Looking at that incident, it wasn't a big crash and the driver was not injured,"" Horner said. ""The car was near an exit [in the barriers] and it always looked the likelihood that would be cleared up, and there would have been no problem releasing all seven cars rather than just five.

""If they'd have released all seven them, would you have had a problem with it?

""It would make no difference to the outcome of the championship if they'd got all seven out of the way. The only mistake you could argue he made was not releasing the back two cars, that he could've done easily, but it had no material effect on the race.""

Horner is one of several figures in F1 to admit that Masi was trying to follow guidance directing him to do his best to avoid races ending under a safety-car period.

In concert with the success of the fly-on-the-wall Netflix documentary series Drive To Survive, this has led to accusations that the sport has allowed entertainment to take priority over sporting integrity.

Horner said: ""It would have been the worst possible finish to what had been a magnificent season. When you look at the intensity of it, for it to end under a safety car after a lame accident would have been shocking.""

When it was pointed out to him that the FIA had said the image of F1 had been ""tarnished"" by the controversy, Horner said: ""Yeah, but the production director of Netflix was not sitting next to Michael Masi when he was making that decision.""

And asked whether the sport hadallowed itself to lose sightof its priorities, Horner said: ""F1 is still a sport, but sport is an entertainment. And one could also argue that there have been more people talking about Formula 1 in the past two and a half months when, traditionally, it would have been in hibernation.

""The viewing figures have never been bigger. Every promoter is sold out. Silverstone are trying to accommodate more seats and grandstand places. There's never been more competition to host a Grand Prix. So, um, is it all that bad?""

Christian Horner (left) congratulated Max Verstappen on his victory in Abu Dhabi

Verstappen drove an outstanding season in 2021, and it is widely acknowledged that he and Hamilton staged one of the all-time great title battles.

But the Dutchman's aggressive racing tactics have drawn criticism, particularly his tendency to force rivals off the track in wheel-to-wheel battles.

Has Horner ever sat Verstappen down and advised him that he should consider driving less aggressively?

""We talk about any incident,"" Horner said, ""but it's always going to be between me and him.

""Max is a forceful driver. He's an aggressive driver. And that driving style is why he was voted the most popular driver in Formula 1 [in asurvey of motorsport fansconducted by the sport]. You just know he is going to give 110%.""

Does Horner want him to carry on the way he is driving?

""Absolutely.""

In all the moves in question?

""Well, no, you're always going to learn, aren't you? And I think the way he drove last year, he showed tremendous maturity - and let's not forget the others make mistakes.

""There are other drivers that make aggressive actions as well, you know. But, yeah, Max is an aggressive driver. That's his DNA; that's who he is. Yes, he will always be close to the limit and he will only learn from his experiences. I've got no doubt about that.""

Verstappen last weeksigned a contract extensionwith Red Bull that commits him to the team until 2028.

Horner said negotiations were ""straightforward"" and that the deal ""shows real intent from both sides"".

Verstappen's decision shows great faith in Red Bull in the context of the withdrawal of their engine partner Honda at the end of last season; with no insight into how the power units will compare this year, following the beginning of an engine development freeze; and with a new engine formula due for 2026.

Horner said: ""It shows the confidence he has in us. Seeing the commitment and the investment of the group and the activities going within the group, I think that it made an awful lot of sense. There's pressure on us to deliver. But that's normal in this business.""

Last year, F1 staged three 'sprint' events, which used a short race on Saturday in place of qualifying to set the grid for the main grand prix.

The sport had wanted to double the number this year, and presented data to the teams that showed the sprints increased audiences and revenue.

But Red Bull were one of the big teams who blocked moves to increase the number of sprints.

Arguing that the budget cap was being reduced by $5m this year, and that more races meant more costs, they demanded more money than a simple pro-rata increase of the compensation payments that were made last year.

In the end, a compromise was reached to hold only three sprint events.

""Financially it makes zero sense to agree to any sprint races,"" Horner said, ""but in the interests of the sport, we conceded to agree to three. We're not even being permitted the increase of inflation.

""When you're seeing gas and electricity bills, the amount of inflation that is going on at the moment... when the budget cap was set, it was set at a limit in the midst of the coronavirus crisis that in many respects is irrelevant to what's going on in the modern world. So that is why it was limited to three races.""

Covid pseudoscience?Delve into the conspiracy that gripped a picturesque British town

How can you combat brain fog?Free and simple steps to give your brain a boost

Formula 1",https://ichef.bbci.co.uk/ace/branded_sport/1200/cpsprodpb/090E/production/_123581320_masi_getty.jpg,Formula 1
https://www.bbc.co.uk/sport/football/60651899,Manchester United: Players increasingly concerned by managerial uncertainty,Manchester United's players are becoming increasingly concerned at the managerial void at Old Trafford as their season continues to unravel.,"Manchester United are one point behind fourth-placed Arsenal, having played three games more

Manchester United's players are becoming increasingly concerned at the managerial void at Old Trafford as their season continues to unravel.

United's 4-1 loss atManchester Cityon Sunday was only their second defeat under interim boss Ralf Rangnick.

However, they have won just eight of the German's 18 games in charge, including none of the last three.

Meanwhile, BBC Sport also understands England striker Marcus Rashford is unsure of his Old Trafford future.

Manchester United players 'not good enough or don't care'

Manchester City outclass Manchester United in derby

'Phil Foden sets the tempo' - how City 'steamrollered' United

Rashford still wants to play for United and has another full season left on his contract - plus the option to extend until 2024.

But the 24-year-old, who started yesterday's game on the bench despite the absences of Cristiano Ronaldo and Edinson Cavani, feels his career has stalled and is concerned his international prospects will be damaged if the situation fails to improve.

In addition, it is hard to see Ronaldo, 37, wanting to stay for a second season if United fail to qualify for the Champions League.

Rangnick admitted to United's own media channels that his side 'can almost not drop any more points' over their final 10 games if they are to secure a top-four berth.

Considering their run-in includes trips toLiverpoolandArsenal, plus home games againstTottenhamon Saturday and thenChelseaon 15 May, getting maximum points will not be easy.

United know a failure to secure a place in next season's Champions League will hamper their chances of trying to sign new players - or persuade others to stay, such as France midfielder Paul Pogba, who is out of contract in the summer.

While United's players understand much of the responsibility for the current predicament lies with them, there is also a belief they are not being helped by the extended period without a permanent manager and lack of clarity over who will eventually succeed Ole Gunnar Solskjaer, who was sacked on 21 November.

Paris St-Germain boss Mauricio Pochettino and Ajax's Erik ten Hag remain the frontrunners for the post. Last week, United's football director John Murtough said a 'thorough process' was underway and it is understood that is advancing.

However, both men have contracts until 2023 and crucial Champions League last 16 second-leg ties looming, so direct communication at this stage would seem unlikely.

The situation is adding to a general air of uncertainty around Old Trafford, with numerous players becoming disenchanted with life at the club.

Jesse Lingard, Juan Mata and Cavani are almost certain to leave when their contracts expire in the summer. There is uncertainty too over the futures of goalkeeper Dean Henderson, defender Eric Bailly, plus Anthony Martial and Donny van de Beek, who are currently on loan at Sevilla andEverton.

Speaking after the defeat by Premier League leadersManchester City, midfielder Scott McTominay said accusations by former players Roy Keane and Gary Neville that United gave up at the Etihad were ""incredibly disappointing"".

""I have nothing to say about problems [at the club],"" McTominay told Sky Sports. ""It's not my place to say anything. We have a big end to the season coming up and we need to get in the Champions League. That's all I'm thinking about.

""Whatever goes on behind the scenes is completely irrelevant to me. Obviously I'm part of it, but you have to concentrate on your own game. You can get too distracted by all the things that are going on at the football club.

""We have to stick together. We can't let something like this be so damaging to us that we lack confidence going into the next game.""

Speaking on BBC Radio 5 Live's Monday Night Club, former Premier League striker Chris Sutton saidManchester Unitedare in a ""total mess"" and the squad requires ""a massive overhaul"" in the summer transfer window.

""I don't know what the identity is any more. People speak about the past and the glory years - but those glory years haven't been there for a long time now,"" Sutton said.

""You have to question whether a lot of the players want to be atManchester Unitedany more. The dressing room is a cesspit. It's full of big egos and they're getting found out in a big, big way now.""

Sutton suggested that United needed to move out star names such as Cristiano Ronaldo, Edinson Cavani and Paul Pogba.

He said: ""Ronaldo needs to go, without a doubt. Cavani, Pogba [also need to go].Manchester Unitedneed to rip things up and start again.""

FormerManchester Citydefender Micah Richards said: ""Everyone in that squad is looking after themselves.

""I wouldn't trust being in that squad, it's pathetic. Where is the team spirit? Everything is getting out, I wouldn't want to be in that dressing room.""

Our coverage of Manchester United is bigger and better than ever before - here'severything you need to knowto make sure you never miss a moment

Everything United - go straight to all the best content

BBC Sport Premier League

Manchester United official site",https://ichef.bbci.co.uk/ace/branded_sport/1200/cpsprodpb/142BA/production/_123581628_gettyimages-1381572534.jpg,Man Utd
https://www.bbc.co.uk/sport/rugby-union/60655676,Six Nations: Louis Lynagh withdraws from England squad after positive Covid test,Louis Lynagh withdraws from the England squad before Saturday's Six Nations meeting with Ireland following a positive test for Covid-19.,"Louis Lynagh is the son of Australia legend Michael Lynagh

Louis Lynagh has withdrawn from the England squad for Saturday's Six Nations meeting with Ireland after testing positive for Covid-19.

The Harlequins winger, 21, returned a positive test on Monday afternoon and immediately went into isolation.

The rest of England's players and staff have returned negative results.

Number eightAlex Dombrandt is also a doubtfollowing a positive test as England prepare to host Ireland at Twickenham at 16:45 GMT on Saturday.

Dombrandt, who started the wins over Italy and Wales, returned his positive result last Friday and is not expected to be able to train until at least Wednesday.

Subscribe to the Rugby Union Weekly podcast

Covid pseudoscience?Delve into the conspiracy that gripped a picturesque British town

How can you combat brain fog?Free and simple steps to give your brain a boost

England Rugby

Scottish Rugby Union

Welsh Rugby Union

Irish Rugby",https://ichef.bbci.co.uk/ace/branded_sport/1200/cpsprodpb/101A6/production/_123585956_gettyimages-1238942027.jpg,Rugby Union
https://www.bbc.co.uk/news/business-60656673,War in Ukraine: Russia says it may cut gas supplies if oil ban goes ahead,A top official says Russia may close its gas lines to Germany if the West halts oil imports.,"The Nord Stream 1 gas pipeline was inaugurated just over a decade ago

Russia has said it may close its main gas pipeline to Germany if the West goes ahead with a ban on Russian oil.

Deputy Prime Minister Alexander Novak said a ""rejection of Russian oil would lead to catastrophic consequences for the global market"", causing prices to more than double to $300 a barrel.

The US has been exploring a potential ban with allies as a way of punishing Russia for its invasion of Ukraine.

But Germany and the Netherlands rejected the plan on Monday.

The EU gets about 40% of its gas and 30% of its oil from Russia, and has no easy substitutes if supplies are disrupted.

While the UK would not be directly impacted by supply disruption, as it imports less than 5% of its gas from Russia, it would be affected by prices rising in the global markets as demand in Europe increases.

Iain Conn, the former boss of British Gas owner Centrica, said natural gas was ""less freely"" traded compared to oil, and it would be ""much more difficult"" to replace Russian gas if supplies are affected as it is transported through fixed pipelines from country to country.

The price of Brent crude - the global benchmark for oil prices - rose to around $130 a barrel on Tuesday following reports that the US and UK will announce its own ban on Russian oil imports.

In an address on Russian state television, Mr Novak said it would be ""impossible to quickly find a replacement for Russian oil on the European market"".

""It will take years, and it will still be much more expensive for European consumers. Ultimately, they will be hurt the worst by this outcome,"" he said.

Pointing to Germany's decision last month to freeze certification of Nord Stream 2, a new gas pipeline connecting the two countries, he added that an oil embargo could prompt retaliation.

""We have every right to take a matching decision and impose an embargo on gas pumping through the [existing] Nord Stream 1 gas pipeline,"" he said.

Could the world survive without Russian oil?

Could EU weaponise energy in Russia crisis?

Petrol at fresh record as oil and gas prices soar

Russia is the world's second largest gas producer and third largest oil exporter, and any move to impose sanctions on its energy industry would badly damage its own economy.

Nathan Piper, head of oil and gas research at Investec, said although imposing sanctions on Russia's oil and gas exports was attractive, ""practically it is challenging"".

He said both the global oil and gas markets were tight ahead of the war in Ukraine ""with limited spare capacity to replace any disrupted Russian volumes"".

""The question is now whether US and European leaders are prepared to endure high oil and gas prices to add energy exports to the sanctions list,"" he told the BBC.

""The threat of this action is almost the worst of both worlds, forcing prices up but doing nothing to limit Russian volumes or the revenues flowing to Moscow.""

Analysts at Capital Economics have forecast oil prices could rise to $160 a barrel if the West imposed sanctions on Russian exports, but David Oxley, senior global economist at the consultancy, told the BBC it was disruption to Russian gas that would hit countries harder, describing it as a ""completely different kettle of fish"".

He said energy intensive industries across Europe could be hit, with ""vast swathes of heavy industry being switched off"" as it is much harder finding replacement gas suppliers compared with oil.

EU countries heavily reliant on Russian gas, such as Germany, could switch from gas to coal, he said, but that would run counter to the bloc's climate ambitions and would not be a long-term solution.

The energy markets have been supremely volatile over the past week, and understandably so. There are genuine fears that supplies of oil and gas from Russia could be cut off or disrupted.

Yet the response to Russia's suggestion it could close a major pipeline, depriving northern Europe of a large chunk of its gas supplies, has been pretty muted so far.

There are a couple of reasons for this. Firstly, Russia is threatening a tit-for-tat embargo - cutting off its gas exports if the West goes ahead with a ban on Russian oil.

But despite pressure from the US, such a ban is unlikely. European leaders have already poured cold water on the idea - so Russia's counter-threat carries relatively little weight.

And then there's the fact that Russia is still making huge sums from sales of oil and gas to Europe every day, helping to fund its war.

Moscow has everything to gain from exploiting traders' nerves to push up energy prices; but a great deal to lose if it were to carry out its threat.

Ukraine has implored the West to adopt an oil and gas ban, but there are concerns it would send prices soaring. Investor fears of an embargo drove Brent crude oil to $139 (Â£106) a barrel at one point on Monday - its highest level for almost 14 years.

Meanwhile, wholesale gas prices rose to 565p per therm early on Tuesday, but fell to 480p in the afternoon.

UK stock markets rose slightly in early trading after a volatile Monday caused by the US's discussions over a potential Russian oil and gas ban.

Early on Tuesday, nickel prices on the London Metal Exchange more than doubled to rise above the $100,000-a-tonne level for the first time, before trading in the metal was suspended.

Russia supplies the world with about 10% of its nickel needs, mainly for use in stainless steel and electric vehicle batteries.

Average UK petrol prices have hit a record 155p a litre

Quoting unnamed sources, Reuters news agency reported that the US might be willing to move ahead with an embargo without its allies, although it only gets about 3% of its oil from Russia.

However, German Chancellor Olaf Scholz has dismissed the idea of a wider ban, saying Europe had ""deliberately exempted"" Russian energy from sanctions because its supply could not be secured ""any other way"" at the moment.

European powers have, however, committed to move away from Russian hydrocarbons over time, while some Western companies have boycotted Russian shipments or pledged to sell their stakes in Russian energy companies.

Mr Novak said that Russian companies were already feeling the pressure of US and European moves to lower the dependence on Russian energy, despite fulfilling all its contractual obligations to deliver oil and gas to Europe.

""We are concerned by the discussion and statements we are seeing regarding a possible embargo on Russian oil and petrochemicals, on phasing them out,"" he said.

LIVE:Latest updates from on the ground

SYMBOL:Why has 'Z' become a Russian pro-war sign?

IN LVIV:Chaos and tears trying to catch a train to safety

EXPLAINED:Why Putin has invaded Ukraine?

IN DEPTH:Full coverage of the conflict

Jeremy Bowen was on the frontline in Irpin, as residents came under Russian fire while trying to flee.

How are sanctions affecting Russia's energy exports?

Could EU weaponise energy in Russia crisis?

Petrol at fresh record as oil and gas prices soar",https://ichef.bbci.co.uk/ace/branded_news/1200/cpsprodpb/565D/production/_123590122_heating.jpg,Business
https://www.bbc.co.uk/news/uk-60655788,Ukraine war: UK can and will do more for refugees - minister,"The processing of visas for refugees from Ukraine needs to be quicker, says the defence secretary.","Watch: Ben Wallace says visa process for refugees coming from Ukraine could be quicker

The UK needs to speed up the processing of visas for refugees fleeing the war in Ukraine, the defence secretary has said.

Ben Wallace told the BBC the government could and would do more to support refugees, and his department would help the Home Office accelerate the system.

The UK has granted visas to 300 Ukrainian refugees under its new scheme so far, the Home Office said.

It added that 17,700 applications to re-join relatives had been started.

But about 600 refugees are stuck in Calais, with many saying they were turned away for lack of paperwork.

Almost 300 people have been turned away while trying to cross to the UK, French officials told the BBC.

Downing Street said a new visa processing site would be established in the northern French city of Lille ""in the coming days"".

When asked why it was not being set up in Calais, where Ukrainian refugees are stuck, a No 10 spokesman said the government wanted to ensure it can give the ""appropriate level of support"" refugees require.

Up until now people in Calais have been told to go to Paris to apply for their visa, withsome Ukrainians telling the BBCthey faced a wait of more than a week just for an appointment in the French capital.

Diane Abbott says a lack of help in Calais for Ukrainian refugees brings the UK into disrepute

The UN says thatmore than two million people have now fled the war in Ukraine- most of them to Poland.

Unlike the European Union - which is allowing Ukrainians three-year residency without a visa - the UK has retained controls on entry, with Prime Minister Boris Johnson saying it was ""sensible"" to ""have some basic ability to check who is coming in and who isn't"".

There are two main routes to a visa for refugees from the war, requiring them either to have family in the UK, or a British sponsor for their application.

After criticism from France that the UK's approach showed a ""lack of humanity"", Ms Patel said she had ""surged a Home Office team"" to help at Calais - and denied anyone had been turned back at the border.

But the BBC found a Home Office presence at a local administrative building disappeared on Monday morning, while a sign at the hostel where many refugees were staying directed them to Brussels or Paris for visa applications.

Is the UK doing enough to help refugees?

How many refugees have fled and where are they going?

Calais' sub-prefect VÃ©ronique Deprez-Boudier said that 286 Ukrainian refugees have been turned away by UK authorities so far.

She told the BBC it is ""important to build a more organised team"" in Calais to assist them to get visas, rather than make them travel elsewhere to secure one.

The Home Office said staff have been ""surged"" at appointment centres across Europe - including in Poland, Romania, Hungary, Moldova and the Czech Republic - as well as in the UK in order to process applications as quickly as possible, while maintaining ""essential security checks"".

A spokesperson said the UK stands ""shoulder-to-shoulder"" with the Ukrainian people and it was ""working at pace to process applications as quickly as possible"".

Ukraine has begun evacuating civilians from the town of Irpin, near the capital Kyiv, and the northern city of Sumy after Russian and Ukrainian officials agreed to set up humanitarian corridors.

But on Tuesday, Ukrainian officials saidRussian forces were shelling an evacuation route out of the besieged southern city of Mariupol.

Ukrainian cities have continued to suffer heavy bombardment from Russian forces, causing several civilian evacuation plans to collapse.

LIVE:Latest updates from on the ground

SYMBOL:Why has 'Z' become a Russian pro-war sign?

IN LVIV:Chaos and tears trying to catch a train to safety

EXPLAINED:Why Putin has invaded Ukraine?

IN DEPTH:Full coverage of the conflict

Speaking to BBC Breakfast, the defence secretary said the UK's visa scheme for Ukrainian refugees was ""generous"" but conceded ""we can... and will do more"".

Insisting the ""vast"" scheme would allow hundreds of thousands of Ukrainians to enter the UK, he said: ""It's not the case that we are only allowing 300 people in... the system has not been quick enough, which is what we're going to address.""

Challenged on the 600 Ukrainians stuck in Calais and whether visas should be processed there, Mr Wallace insisted he was ""not the home secretary"" and the detail on how to process the visas was a matter for Ms Patel's department.

He said she was ""determined"" to speed up the process and - revealing his department has offered to help - added: ""we'll all lean in to help the Home Office deliver that"".

Mr Wallace also said the UK will increase its ""lethal and non-lethal aid"" to Ukraineand he will set out further details in a statement MPs on Wednesday.

Meanwhile, Justice Secretary Dominic Raab will travel to the Hague to help an international effort to gather evidence on Russian war crimes in Ukraine, the foreign secretary told MPs on Tuesday.

By Mark Easton, BBC home editor in Calais

The Raminishvili family are stuck in Calais

Misha Raminishvili was close to despair, his daughter in tears, as the news came through.

""No visa for at least another week,"" he said, simply. ""No-one can help us in Calais.""

I met Misha, with his Ukrainian wife Maria and two children, at a hostel in the French port which is accommodating 137 Ukrainian refugees.

Misha has a house in Hornchurch, east London, but lives between there and Kyiv.

He and his son, Misha Jr, have UK passports. But his wife Maria, and daughter Gabrielle, do not - and therefore need visas to enter the UK, which require biometric checks.

Misha has been stuck in Calais for five days, unable to get his family across the Channel, in what would be the last leg of a journey that began on 24 February.

Read more

The Home Office repeated its claim that it was the first visa scheme to launch since the Russian invasion of Ukraine.

Since the Ukraine Family Scheme launched on 4 March, 8,900 applications have been submitted, while 4,300 applicants have made appointments to submit their biometric details.

Of these, 640 applications have been confirmed, the Home Office said, and 300 visas have been issued so far.

Refugee and migrant rights director Steve Valdez-Symonds said the Home Office was ""once again too slow and too bureaucratic in response to a refugee crisis that almost everyone saw coming"".

Labour leader Sir Keir Starmer said the government should be offering a ""simple route to sanctuary"" for people in danger, and said the Home Office is ""in a complete mess"".

Have you been affected by the issues raised in this story? You can get in touch by emailing:.

if you are willing to speak to a BBC journalist. You can also get in touch in the following ways:

Upload your pictures/video here

Or fill out the form below

you will need to to submit your question or comment or you can email us at. with any submission.

BIG BUSINESSES AND CLIMATE CHANGE:Deborah Meaden talks to some of the world's biggest business about the biggest problem facing the planet

JUST STAND UP:Can we burn more calories and lower blood sugar levels without even doing any exercise?

Where have Ukraine's millions of refugees gone?

PM defends Ukraine refugee response after criticism

Ukraine refugees can stay in UK for three years",https://ichef.bbci.co.uk/ace/branded_news/1200/cpsprodpb/1440E/production/_123585928_gettyimages-1239004297.jpg,UK
https://www.bbc.co.uk/news/business-60649217,Cost of living: Warning UK faces biggest income squeeze in nearly 50 years,"The war in Ukraine will lead to an even tighter squeeze on living standards this spring, a think tank says.","War in Ukraine will push up energy prices and see UK families squeezed even further, a think tank has warned.

The Resolution Foundation forecasts that a typical household's income will fall by about Â£1,000 this year once the effect of inflation is accounted for.

That would be the biggest real-terms fall in incomes since the mid-1970s, it added.

A government spokesperson said it recognised the pressures households are facing.

Many families were already expecting their monthly spend to go up when the energy price cap jumps in April, and National Insurance contributions rise.

Butin a new report, the Resolution Foundation said the Ukraine conflict would push up living costs even further as the prices of fuel and other goods surged.

It expects inflation, which measures how the cost of living changes over time, to peak in April at 8.3%. That is much higher the Bank of England'sforecast of 7.25% back in February.

Five ways the Ukraine war could push up prices

Charities warn fuel poverty could double in a year

Petrol at fresh record as oil and gas prices soar

""The crisis in Ukraine has increased both the scale of price rises but also the degree of uncertainty about their levels and duration,"" the Foundation's report said.

""The UK's post-Covid economic recovery is well under way, but a deep living standards downturn is just getting going,"" it added, also warning that wages are not forecast to grow particularly fast either.

This spring was always going to be a crunch moment.

At the start of April, spikes in global oil and gas prices from last year start to feed through to our energy bills and the energy price cap jumps up. You should have had a message from your provider by now explaining what's happening to your particular bill and warning about an increase to your direct debit.

That will be hard enough for many households, but we're also now seeing record prices at petrol stations due to the war in Ukraine. The Resolution Foundation is also warning the conflict will bring more price rises, with inflation peaking at the same point as the price cap goes up.

The only saving grace is the time of year. At least if the weather improves (and that's a big ""if""), we can start using less energy and leaving the car at home becomes easier for many. That could help people to divert cash to cover the rising prices in shops, which we will have to pay whatever the season.

Its principal economist, Adam Cortlett, said soaring bills would hit low and middle-income families the hardest.

He also suggested poorer households would face a ""living standards rollercoaster"" because of the way that benefit payments are set months in advance.

For example, most working age benefits and the state pension are due to rise by 3.1% in April - a time when the increase in the cost of living could be as high as 8%. But high inflation in 2022 should lead to bigger payments next year.

The think tank called on Chancellor Rishi Sunak to announce fresh support for struggling families at his Spring Statement.

Torsten Bell, chief executive of the Resolution Foundation, said: ""While the economic fallout from the war will feel trivial compared to the suffering experienced by millions of Ukrainians, it will still have a significant impact in Britain.""

He suggested that surging gas and oil prices would worsen the ""cost of living crisis"", causing a ""painful squeeze on family incomes"".

Mr Bell told the BBC's Today programme the country was heading into a ""living standards recession"".

""We could see income falls of 4% in the financial year that's about to kick off, we never see that outside of significant recessions,"" he said.

""Given it will take us quite a few years to claw our way back from that, it may well feel like our living standards during the pandemic were as good as it got during the first half of the 2020s.""

A government spokesperson said: ""We recognise the pressures people are facing with the cost of living, which is why we're providing support worth around Â£20bn this financial year and next to help.""

They said this includes freezing fuel duties to keep costs down, as well as launching energy bills rebate programme.

""We have also boosted the minimum wage by more than Â£1,000 a year for full-time workers and our Â£500m Household Support Fund is helping the most vulnerable with essential costs,"" they added.

Petrol at fresh record as oil and gas prices soar

Charities warn fuel poverty could double in a year",https://ichef.bbci.co.uk/ace/branded_news/1200/cpsprodpb/D53C/production/_123588545_976_gettyimages-1310981557.jpg,Business
https://www.bbc.co.uk/news/business-60653751,Government rescue of Bulb Energy set to cost taxpayers billions more,"A buyer hasn't been found for the ailing supplier, so the the taxpayer will have to keep funding it.","Keeping Bulb Energy running will potentially cost taxpayers billions of pounds more than has currently been set aside, government officials have said.

Bulb, which has 1.6 million customers, was quasi-nationalised in late November when it was put into special administration as it buckled under rising wholesale gas prices.

In November, wholesale prices were around Â£2 per unit.

Since then, prices have been consistently higher than that.

They hit peaks of Â£4.70 in December and as high as Â£8 on Monday - 20 times the prices seen last year - during extreme volatility.

At the time Bulb was placed in special administration, the Treasury set aside Â£1.7bn to purchase the gas required until the end of the tax year in April 2022 by which time it was hoped a buyer would be found for the business.

Government officials have conceded that the prospect of offloading the business to a private buyer seems remote in this environment and that means that taxpayers will be on the hook for a gas bill that energy analysts believe could run to billions of pounds.

What can I do if my energy supplier goes bust?

Energy firm Bulb set to go into administration

A spokesperson for the Department for Business, Energy and Industrial Strategy said: ""The Special Administrator of Bulb is obligated to keep costs of the administration process as low as possible, and we continue to engage closely with them throughout to ensure maximum value for money for taxpayers.""

The extreme volatility in energy markets has seen some customers prepared to pay Â£3,500 a year to fix their energy bills for two years, according to another large energy operator.

That is well above the energy price cap of Â£1,971 that comes into effect in April but that cap is subject to potential further increases every six months.

Industry analysts estimate the next energy price cap could be set at Â£3,000 or more from October.

Other energy retailers are reluctant to offer or recommend customers lock in at such high prices as they fear they could be trapped on high tariffs if and when prices return to more normal levels.

Some may be prepared to pay a high price for the peace of mind conferred by knowing what their outgoings will be. Millions of customers will simply be unable to afford energy bills later this year - despite the government's two-stage Â£9bn energy bill support package.

This will offer consumers a Â£150 council tax rebate in April and a Â£200 loan in October to be repaid at Â£40 a year for the next five years.

Zog Energy becomes latest supplier to collapse

What can I do if my energy supplier goes bust?

Energy firm Bulb set to go into administration",https://ichef.bbci.co.uk/ace/branded_news/1200/cpsprodpb/10ECF/production/_103872396_gettyimages-1015450748.jpg,Business
https://www.bbc.co.uk/news/science-environment-60650415,"Amazon rainforest reaching tipping point, researchers say","The world's largest rainforest is fast losing its ability to bounce back from human impacts, researchers say.","The Amazon contains between 90 and 140 billion metric tons of carbon

The Amazon rainforest is moving towards a ""tipping point"" where trees may die off en masse, say researchers.

A study suggests the world's largest rainforest is losing its ability to bounce back from damage caused by droughts, fires and deforestation.

Large swathes could become sparsely forested savannah, which is much less efficient than tropical forest at sucking carbon dioxide from the air.

The giant forest traps carbon that would otherwise add to global warming.

But previous studies have shown that parts of the Amazon are now emitting more carbon dioxide than can be absorbed.

""The trees are losing health and could be approaching a tipping point - basically, a mass loss of trees,"" said Dr Chris Boulton of the University of Exeter.

Record high deforestation of Amazon in January

Which countries are still cutting down trees?

World leaders promise to end deforestation by 2030

The findings, based on three decades of satellite data, show alarming trends in the ""health"" of the Amazon rainforest.

There are signs of a loss of resilience in more than 75% of the forest, with trees taking longer to recover from the effects of droughts largely driven by climate change as well as human impacts such as deforestation and fires.

A vicious cycle of damage could trigger ""dieback"", the scientists said.

And while it's not clear when that critical point might be reached, the implications for climate change, biodiversity and the local community would be ""devastating"".

The more trees cut down, the less the forest can soak up emissions

Once the process begins they predict it could be a matter of decades before a ""significant chunk"" of the Amazon is transformed into savannah - a vastly different ecosystem made up of a mixture of grassland and trees.

""The Amazon stores lots of carbon and all of that would be released into the atmosphere, which would then further contribute to increasing temperatures and have future effects on global mean temperatures,"" Dr Boulton said, adding that stopping deforestation would go some way to addressing the problem.

Around a fifth of the rainforest has already been lost, compared to pre-industrial levels, they said.

The research was carried out by the University of Exeter, the Potsdam Institute for Climate Impact Research (PIK) and Technical University of Munich.

""Deforestation and climate change are likely to be the main drivers of this decline,"" said Prof Niklas Boers of PIK and the Technical University of Munich.

Commenting, Dr Bonnie Waring of the Grantham Institute - Climate Change and Environment, Imperial College London, said: ""These latest findings are consistent with the accumulating evidence that the twin pressures of climate change and human exploitation of tropical forests are endangering the world's largest rainforest, which is home to one out of every 10 species known to science.""

The findings, based on satellite data from 1991 to 2016, are published in the journalNature Climate Change.

Follow Helen on Twitter @hbriggs.",https://ichef.bbci.co.uk/ace/branded_news/1200/cpsprodpb/547C/production/_123582612_amazongetty.jpg,Science & Environment
https://www.bbc.co.uk/news/business-60653856,War in Ukraine: Crisis is unleashing 'hell on earth' for food prices,"The Ukraine war could push millions closer to starvation, the boss of the World Food Programme says.","Countries such as Yemen depend heavily on Russia and Ukraine for their wheat

The head of the World Food Programme, David Beasley, has warned the conflict in Ukraine could send global food prices soaring, with a catastrophic impact on the world's poorest.

Ukraine and Russia are both major exporters of basic foodstuffs, and the war has already hit crop production, driving up prices

Mr Beasley said it was putting more people at risk of starvation worldwide.

""Just when you think hell on earth can't get any worse, it does,"" he said.

Russia and Ukraine, once dubbed ""the breadbasket of Europe"", export about a quarter of the world's wheat and half of its sunflower products, like seeds and oil. Ukraine also sells a lot of corn globally.

Analysts have warned that war could impact the production of grains and even double global wheat prices.

Mr Beasley told BBC World Service's Business Daily programme that the number of people facing potential starvation worldwide had already risen from 80 million to 276 million in four years prior to Russia's invasion, due to what he calls a ""perfect storm"" of conflict, climate change and coronavirus.

He said certain countries could be particularly affected by the current crisis, due to the high proportion of grains they currently import from the Black Sea region.

David Beasley runs the World Food Programme

""The country of Lebanon, 50%, give or take, of their grains, come from Ukraine. Yemen, Syria, Tunisia - and I could go on and on - depend on the country of Ukraine as a breadbasket,"" he said.

""So you're going from being a breadbasket to now, literally, having to hand out bread to them. It's just an incredible reverse of reality.""

Norwegian chemical company Yara International, a major fertiliser producer which operates in more than 60 countries, told the BBC a shortage could badly hit crop yields, leading to ""a global food crisis"".

Ukrainian lawyer Ivanna Dorichenko, an expert in international trade arbitration, said some farmers in Ukraine have already abandoned their fields in order to take up arms against the Russian invasion.

She told the BBC: ""The men who need to work on the land, they're all defending our land right now. Because if they do not defend the land, there'll be nothing to work on at a later stage, and you don't have a single person right now who's not trying to help in any way they can.""

Ms Dorichenko said the war had wreaked havoc with supply lines typically used to export agricultural produce. Ukraine's military suspended all commercial shipping at its ports in the aftermath of the Russian invasion.

Ukraine war 'catastrophic for global food'

Fears of UK food and fuel prices rising due to war

""The vessels cannot leave the waters, the vessels cannot get loaded. It's effectively a war zone. Sadly, there's nothing which can be potentially shipped right now from Ukraine.""

She said it meant ""huge losses"" for businesses, but also humanitarian efforts, because Ukraine could no longer send goods to regions such as South East Asia, the Middle East and Africa, as well as to groups such the World Food Programme.

With food price inflation already at crisis point in some countries prior to the outbreak of hostilities in Ukraine, South African economist Wandile Sihlobo said he was worried about the potential consequences for grain-importing nations in Africa and beyond.

Mr Sihlobo, chief economist at the Agricultural Business Chamber of South Africa, told the BBC that while steep price rises may be a problem in the short-term, shortages of essential crops could follow.

""Over time, depending on the length and the severity of this war, you could begin to see shortages of shipments that come to the African continent, and that could cause shortages. Particularly in the North African countries, and to an extent in East Africa.""

He added: ""If you were to look at the global food price index, it was at multiple highs at the start of this year. This crisis already adds to that difficult environment for many consumers, particularly in the developing world.""

On Monday, one of the world's biggest fertiliser companies, Yara International,warned the conflict could hit its industry, further affecting food prices.

Fertiliser prices had already been rising due to soaring wholesale gas prices. Russia also produces enormous amounts of nutrients, like potash and phosphate - key ingredients in fertilisers, which enable plants and crops to grow.

Ukraine war 'catastrophic for global food'

Fears of UK food and fuel prices rising due to war",https://ichef.bbci.co.uk/ace/branded_news/1200/cpsprodpb/5F44/production/_123588342_976_gettyimages-1238828797.jpg,Business
https://www.bbc.co.uk/news/uk-60523422,Public sexual harassment: The women groped and laughed at in the street,A survey for the BBC suggests 43% of women have experienced unwelcome touching in public.,"Women discuss their experiences of public sexual harassment

Women have been speaking about shocking incidents of sexual harassment - after a BBC poll found many often still feel unsafe walking alone at night.

The new poll suggests 43% of women in the UK have experienced unwelcome touching or groping in public.

The survey -conducted by YouGov- also indicates 28% of women have experienced indecent exposure in public.

The chair of the Women and Equalities Committee said Boris Johnson must show he takes women's safety seriously.

It follows growing pressure to make public sexual harassment a crime.

Caroline Nokes, a Conservative MP who chairs the committee, told the BBC changing the law would send a ""really powerful message"" and could help tackle underlying causes of violent offences against women.

""It will give women the confidence to report and sends a very clear message to perpetrators that this is criminal,"" she said.

How many violent attacks on women are there?

Sarah Everard: The people trying to make change

The survey found two thirds - 66% - of women said they did not feel safe walking alone at night, at least some of the time. That compared to just 39% of men who said they felt unsafe in the same situation.

The findings come a year after the murder of Sarah Everard, who was abducted and murdered while walking home in south London.

Ms Everard's killer, police officer Wayne Couzens, was previously linked to allegations of indecent public exposure. Hers and other high-profile cases in the past year have led to increased awareness and campaigning around women's safety and public sexual harassment.

The BBC has also spoken to women across the UK about how sexual harassment impacts their lives.

One, a woman named Sarah, was on her way to a morning exercise class in Edinburgh last year when a man followed and groped her before running off laughing and filming her reaction.

""I was incredibly shocked. I remember I felt incredibly angry as well,"" she told the BBC. ""I also felt a real invasion of privacy, the fact he had filmed the whole incident.""

What happened to Sarah that day was the worst of a long history of experiences she and her friends remember going through over the years - from being groped in nightclubs as students to being shouted at by strangers in the street.

""We used to be catcalled all the time as teenagers going out. It was something we laughed off and shrugged off,"" she said. ""But as a woman now, everyone has become a lot more aware of how dangerous those things are and how hostile it is.""

""There's an absolute entitlement to touch and to talk to you in a manner that is completely inappropriate,"" she added.

Sarah said the ""brazen"" assault by a stranger left her with a ""horrible feeling""

More than half of the women surveyed for the BBC said they avoided certain areas and being out at certain times to try to keep themselves safe from possible harassment and assault.

Roxanne, 26, no longer feels confident walking alone after experiencing everything from obscene comments to unwanted touching when out in public since she was a teenager.

Roxanne believes a door has opened for women to ""normalise"" speaking out about their experiences

She now sticks to main roads when walking her dog and tries to only go out in daylight when she's by herself.

Like 30% of women surveyed in the poll for the BBC, Roxanne says she wears flat shoes as a way to feel safer. She also carries a rape alarm, criminal identification spray and tries not to wear her hair in hairstyles such as ponytails she fears might be easier for an attacker to grab.

""I don't know who's going to harm me, when they're going to harm me - so I'm cautious of everybody,"" she said. ""And I think that's a natural and very common thing to feel with everything that's going on.""

The latest Crime Survey for England and Wales estimated 2.2% of the population aged between 16-59 were victims of sexual assault in the year ending March 2020 - a slight decrease on the year before.

Public sexual harassment is not currently an offence in its own right. The term refers to unwanted sexual behaviour - from verbal comments to physical actions - which can leave victims feeling intimidated and degraded.

The Law Commission - an independent body that advises the government on legal changes - recommended in December that ministers should consider creating a specific criminal offence for it during a review into hate crime laws.

Ms Nokes believes criminalising public sexual harassment could help intervene in escalating offender journeys to ensure ""today's flasher does not become tomorrow's rapist"".

""I think the prime minister needs to step up and show that he does take women's safety seriously and that he's not interested in a few cosmetic measures like CCTV - but actually in legislative change with a cross-government approach,"" she said.

Caroline Nokes told the BBC the government should do more to help women feel safe

She believes current safety initiatives and advice place too much onus on women having to take precautions to try to protect themselves.

""Of course we want women to be safe and we want them to be vigilant, but this is about men attacking them when they are just going about their daily lives,"" she said. ""Women should be safe wherever they are, whatever they're doing, however they're dressed.""

Ms Nokes also supports cultural and education reforms - including with mandatory consent classes in schools, colleges and universities.

Nathaniel Horne works for a charity that runs workshops for boys and men aimed at tackling misogyny and encouraging healthier relationships.

Nathaniel Horne says ""all men can be better"" to help women feel more safe and change attitudes in society

""It's important to talk to people about this stuff early,"" he told the BBC about going into schools. ""Because I think once people are adults, and they've been out for a while, that can be entrenched in those views and those behaviours.""

The view is echoed by April-Joy Serrant, who last year was exposed to by a man performing a sex act in public while out on a run. As a mother of three sons, she says her experience has changed how she speaks with her children about relationships and content they may be exposed to.

After posting a video about her experience online, she was overwhelmed by other women and girls getting in touch with their own experiences of the ""day in, day out"" harassment.

""It had never crossed my mind until the incident that I experienced last year that my husband can go for a walk or for a run and it never crosses his mind,"" she said. ""And that is freedom.""

The Home Office told the BBC that tacking violence against women and girls ""remains one of the top priorities of this government"".

""We are committed to ensuring that existing laws on public sexual harassment are effective but we continue to look carefully at where there may be gaps and how a specific offence could address those,"" safeguarding minister Rachel Maclean said in a statement.""

She said the government last week launched a new national communications campaign and said violence against women had now been made a priority for police forces, alongside national threats like terrorism.

Have you been affected by the issues raised in this story? Share your experiences by emailing.

if you are willing to speak to a BBC journalist. You can also get in touch in the following ways:

Upload pictures or video

you will need to to submit your question or comment or you can email us at. with any submission.

The young sisters standing up to call out catcalling

Rape reports surge after Sarah Everard murder

'Iâll stay on the phone until youâre in the doorâ",https://ichef.bbci.co.uk/ace/branded_news/1200/cpsprodpb/3A96/production/_123589941_sarahstill.jpg,UK
https://www.bbc.co.uk/news/health-60653946,"Covid vaccines not linked to deaths, major US study finds",The CDC says 92% of reported side effects after the Pfizer and Moderna vaccines are mild.,"A major study of vaccine side-effects in the US found no link between two Covid jabs and the number of deaths recorded after vaccination.

The Centres for Disease Control and Prevention (CDC) said 92% of reported side-effects after the Pfizer and Moderna vaccines were mild.

About 4,500 people died after being vaccinated, in the US, up to June 2021.

But no unusual patterns in the data were detected that might suggest a link to the vaccine itself.

Study author Dr Tom Shimabukuro said: ""[It's] reassuring that reactions to both mRNA vaccines are generally mild and subside after one or two days - confirming reports from clinical trials and post-authorisation monitoring.""

Researchers looked at ""adverse events"" from nearly 300 million vaccine doses given in the US between December 2020 and June 2021.

Members of the public, healthcare providers and drug companies can report any possible side-effect, using theVaccine Adverse Event Reporting System(VAERS), run by the CDC and the US Food and Drug Administration (FDA).

A second method, V-safe, allows individuals to fill out a survey on their smartphone in the months after vaccination.

Both systems rely on individuals deciding to self-report an adverse event.

The results of the study arepublished in the Lancet medical journal:

From the VAERS data, the CDC received more than 340,000 reports of adverse events after vaccination, with 92% registered as mild

The most common side effects were headaches, fatigue, fever and chills

Of the more than 22,000 events recorded as serious, the most common was shortness of breath

Other serious events, including a form of heart inflammation known as myocarditis, have already been identified following both the Pfizer and Moderna vaccinations, although that side-effect is very rare.

Because Covid jabs were originally authorised in the United States under emergency-use provisions, healthcare providers are required to report all deaths following vaccination, whether a doctor suspects a ""plausible"" link or not.

About 4,500 deaths were recorded in the six months to June 2021, more than 80% among people aged 60 and over.

""The rapid pace at which Covid-19 vaccines were administered under emergency use, especially among older populations, was unprecedented,"" the CDC's Dr David Shay said.

""Due to their age, this group already has a higher baseline mortality rate than the general population and our results follow similar patterns of death rates for people in this age group following other adult vaccinations.""

The researchers said less than 1% of people who filled out the V-safe survey had sought any medical care following vaccination.

Dr Elizabeth Phillips, a professor of medicine, at Vanderbilt University, who was not involved in the study, said: ""Reassuringly, the six-month VAERS data supports that - although approximately one in 1,000 individuals vaccinated may have an adverse effect, most of these are non-serious.

""For adverse events of special interest, it is reassuring that there were no unexpected [safety] signals other than myocarditis and anaphylaxis, already known to be associated with mRNA vaccines.""

LOOK-UP TOOL:How many cases in your area?

SYMPTOMS:What are they and how to guard against them?

YOUR QUESTIONS:We answer your queries

GLOBAL SPREAD:How many worldwide cases are there?

TREATMENTS:What progress are we making to help people?",https://ichef.bbci.co.uk/ace/branded_news/1200/cpsprodpb/6CC8/production/_123584872_hi072937220-1.jpg,Health
https://www.bbc.co.uk/news/av/world-europe-60645236,Five times Russians have stood up for Ukraine,"Videos from social media show some Russian citizens, at home and abroad, protesting the war in Ukraine.","Since the invasion of Ukraine began, footage has emerged of some Russian citizens, at home and abroad, showing support for Ukraine.

According to rights groups and Russian authorities, more than 4,300 people were detained at anti-war protests across Russia on Sunday.",https://ichef.bbci.co.uk/news/1024/branded_news/FF44/production/_123584356_p0bt1wm2.jpg,
https://www.bbc.co.uk/news/business-60657127,War in Ukraine: World Bank approves $723m financial package,The package of financial support for Ukraine includes a $100m pledge from the UK.,"Refugees arriving at the Polish border

The World Bank has approved $723m (Â£551m) in loans and grants for Ukraine, as the country fights against a Russian invasion.

The bank said it is continuing to work on another $3bn package of support in the coming months for the country.

It also promised extra help for neighbouring countries that are taking in more than 1.7m refugees, which are mostly women, children and the elderly.

The financial package for Ukraine includes a $100m pledge from the UK.

""The World Bank Group is taking quick action to support Ukraine and its people in the face of the violence and extreme disruption caused by the Russian invasion,""the bank's president David Malpass said in a statement.

The bank said the funds would help Ukraine's government provide critical services, including wages for hospital workers, pensions for the elderly and social programmes for the vulnerable.

Russia says it may cut gas supplies if oil is blocked

War is unleashing 'hell on earth' for food prices

McDonald's and Coca-Cola boycott calls grow

The package includes a $350m loan, augmented by about $139m through guarantees from the Netherlands and Sweden.

It is also made up of $134m in grants from Britain, Denmark, Latvia, Lithuania and Iceland, as well as $100m of financing from Japan.

Last week,Mr Malpass told the BBCthat the war was ""a catastrophe"" for the world which will cut global economic growth.

""The war in Ukraine comes at a bad time for the world because inflation was already rising,"" he said.

He stressed that his biggest concern was ""about the pure human loss of lives"".

LIVE:Latest updates from on the ground

SYMBOL:Why has 'Z' become a Russian pro-war sign?

IN LVIV:Chaos and tears trying to catch a train to safety

EXPLAINED:Why Putin has invaded Ukraine?

IN DEPTH:Full coverage of the conflict

Jeremy Bowen was on the frontline in Irpin, as residents came under Russian fire while trying to flee.

Russia says it may cut gas supplies if oil blocked

War is unleashing 'hell on earth' for food prices

McDonald's and Coca-Cola boycott calls grow

Oligarch who said sanctions won't help is frozen out",https://ichef.bbci.co.uk/ace/branded_news/1200/cpsprodpb/EE28/production/_123586906_gettyimages-1239007751.jpg,Business
https://www.bbc.co.uk/news/world-europe-60648735,"Chaos, upheaval and exhaustion for Ukraine's disabled children",The BBC's Fergal Keane travels on a bus with disabled children fleeing the bombed city of Kharkiv.,"They had been travelling for thirty hours already. There were many hours ahead. The bus to the Polish border was a capsule of exhaustion, grief and tender mercies. Carers hugged the frightened children and whispered soothing sounds. It was not a time or place for words. There were none that could have explained the madness engulfing the world of the children from Kharkiv's Hippocrates Care Centre. They were aged between one and three and all were disabled, with serious medical conditions.

Before the bus there had been the train across the land from east to west, and before the train a journey in cars through stricken Kharkiv. Shells were falling close by and the noise sparked terror in the children. The dash to the station was their first trip outside of a bomb shelter since the Russian invasion began.

The city of Kharkiv is only 54 kilometres from the Russian border and was one of the first places targeted in the invasion. Hundreds of thousands of its residents have since fled for neighbouring countries, the majority to Poland. One of the young carers on the bus, Iryna Miroshnichenko, said that when the bombardment began staff had to make an urgent decision: hide in the basement shelter of the centre or to try to leave immediately. Either way they ran the risk of death or serious injury.

It was an agonising dilemma for people who had never known war and for whom the care of the children is something like a sacred responsibility. It can be seen in the gentleness with which they treat their young charges.

Kharkiv, where the children's centre is based, was one of the first places bombed during the invasion

""It's very deplorable. It is really, really bad. We are being bombed from morning till night. We've been in the bomb shelter all this time. We were there with all of the kids, all of them hiding,"" said Iryna.

The director of the centre, Valentyna Shlyahova, went back and forth through the crowded bus reassuring children and encouraging her staff. She has a disabled daughter who has already been evacuated to safety. Another older daughter and her family have also left Kharkiv. They are all among the 1.5 million people forced out of their homes by President Putin's decision to invade Ukraine.

Valentyna gestured towards a pair of children who were crying relentlessly.

""We are tired ourselves and the children are tired. You hear how the children behave? They also want calm, silence, cosiness and warmth,"" she said.

Unicef estimates that 7.5 million children in Ukraine are in danger from the conflict and require urgent assistance. Shelling has hit hospitals, restricted the work of emergency services and is creating a major wave of trauma among the young. Half a million children have fled out of Ukraine with their families.

A week ago, Unicef's executive director, Catherine Russell, called for respect for the laws of war to protect children.

""We renew our call on all parties to protect civilians and civilian infrastructure - and to abide by all legal and moral obligations to keep children out of the line of fire. We must protect all children in Ukraine. Now. They need peace,"" she said.

In the week since she made that statement Russia has escalated the conflict.

To those of us witnessing the exodus of refugees the most striking feature is the huge numbers of children of all ages who are on the move. Most are travelling with their mothers. All men of fighting age are being ordered to stay behind unless they have a medical or job exemption. The demands of the war supersede those of families.

Unicef estimates that 7.5 million children in Ukraine are in danger from the conflict

One of the most powerful images of this conflict is that of mothers and carers patiently shepherding children through the chaos that has ruptured family lives. It is an inspiring counterpoint to the obscenity of this war.

I asked director Valentyna Shlyahova what the children meant to her. She smiled. ""Many people ask me why I do it. I would say that twenty years ago fate took a turn and I took this job. Let me say to you that I feel that I am needed here.""

Valentyna has no idea when she or the children will be able to return to Ukraine or what kind of country they will find when that moment comes. But she will be with them, whatever lies ahead.

With placards and tears, Poles greet refugees like family

For Ukraine's Jews and Roma, war revives trauma

Ukraine's famine memories fuel resentment of Kremlin",https://ichef.bbci.co.uk/ace/branded_news/1200/cpsprodpb/10295/production/_123579166_orphanspic1.jpg,Europe
https://www.bbc.co.uk/news/60589965,Ukraine invasion: False claims the war is a hoax go viral,False claims have been spreading that the Ukraine war is a hoax and that actors have been involved in staging events.,"This footage from a 2020 TV series is being shared with claims it shows actors being made up to be victims of the Ukraine war

Nearly two weeks after Russia's invasion of Ukraine, the flow of false or misleading information about the war hasn't let up and now there are some outlandish theories being shared online.

Some have begun to circulate claims the war is a hoax, a media fabrication, or has been exaggerated by the West in terms of its scale.

We've examined some of them.

A video of a young woman and a young man having fake blood applied to their faces has racked up millions of views on multiple platforms.

It is shared as supposed evidence that the war in Ukraine is a hoax and civilian victims are actually ""crisis actors"" - people hired to act out scenes from an attack.

This image is from a 2020 Ukrainian TV series and unrelated to the Russian invasion

But the video is unrelated to the war. It was shot in 2020on the production set of Ukrainian TV series Contamin.

The male actor can be seen inbehind-the-scenes images from the settweeted in December 2020.

Allow X content?

This article contains content provided by X. We ask for your permission before anything is loaded, as they may be using cookies and other technologies. You may want to readXâs cookie policyandprivacy policybefore accepting. To view this content chooseâaccept and continueâ.

A video of a news reporter in front of multiple body bags has gone viral on several major social networks, and has been spread widely by pro-Kremlin accounts.

Seconds into the clip, one of the body bags starts moving, a man removes the cover and is attended to by a photographer.

Social media posts claim the video was shot in Ukraine and proves the war is either a hoax or manufactured by ""Western propaganda"".

Video of a climate change protest in Vienna is being presented as fake Ukrainian victims from the war

But the claims are false. The video clip is from a climate change protest in Vienna in early February,as reported by Austrian newspaper Osterreich. Organised by ""Friday for Future"" climate activists, the depiction of body bags aimed to highlight the danger of carbon emissions to human life.

The same video was shared by conspiracy groups last month withfalse claims that it showed a Covid ""crisis actor"".

A screenshot of a Fox News broadcast showing two Ukrainian men holding what appear to be wooden guns has gone viral.

It is often accompanied by false claims that the war in Ukraine is a hoax and the fact that they are not real guns is proof of this.

Fake guns were given to civilian volunteers willing to train to defend their communities before the war

The footage actually dates back to mid-February, before the war began.

It was taken during a training course provided by the far-right Azov battalion for civilian volunteers in the Ukrainian city of Kharkiv willing to defend themselves and their communities in case of a Russian invasion.

Ukraine invasion: Misleading claims continue to go viral

Ukraine conflict: Further false images shared online

Ukraine conflict: Many misleading images shared online

A false tweet - seemingly sent by CNN's verified Twitter account - claims US actor Steven Seagal, who is a dual US-Russian national, has been spotted ""among Russian special forces"" near Ukraine's capital of Kyiv.

Along with ordinary users, the tweet has been picked up by influential accounts with huge followings, including US podcast host Joe Rogan, who shared it with his 14 million followers on Instagram.

A false tweet about Steven Seagal fighting in Ukraine was shared by Joe Rogan

But Mr Seagal is not fighting alongside Russian forces in Ukraine, and the tweet was probably generated by one of the multiple free online tools that enables users to create fake - but authentic-looking - tweets from verified accounts.

The actor, 69, told Fox News last weekhe looked at both countries as ""one family""and hoped for a ""positive, peaceful resolution"".

CNN said the image was fabricatedand it had ""never reported anything like this"".

Mr Rogan later deleted his Instagram post.

A Russian diplomat has shared screenshots showing a fabricated story about a journalist being killed in Ukraine during the Russian invasion.

""How to make a fakeâ¦ colleagues, beware, the main battle is not in Ukraine, it's with lies and fakes of MSM"" tweeted Dmitry Polyansky, Russia's deputy ambassador to the UN, referring to ""mainstream media"" as MSM.

His post was accompanied by a tweet alleging that CNN had reported on the death of ""Bernie Gores"" in Ukraine, after sharing a story about the same man's demise in Afghanistan during the Taliban takeover last year.

An image of YouTuber Jordie Jordan was used with a false identity to claim he was reported as dead in Ukraine by CNN

But the screenshots presented as proof of fabrication come from fake CNN accounts - both of which have since been suspended by Twitter. And the man presented in the images as Bernie Gores is in fact a YouTuber, who is very much alive, called Jordie Jordan.

A CNN representative told fact-checkers from Reutersthe posts were ""absolute fiction"".

LIVE:Latest updates from on the ground

SYMBOL:Why has 'Z' become a Russian pro-war sign?

VIRAL:False claims that war is a hoax

EXPLAINED:Why Putin has invaded Ukraine?

IN DEPTH:Full coverage of the conflict

Different versions of a video of a large crowd being asked by a director to run and scream in fear have racked up hundreds of thousands of views on multiple platforms.

It is claimed the video was leaked from Ukraine, suggesting some of the distressing scenes run by media outlets are actually fabricated.

Behind-the-scenes footage from the film Invasion Planet Earth is being shared in the context of the Ukraine invasion

But the video was actually shot in Birmingham's Victoria Square in 2013 for the sci-fi film Invasion Planet Earth, which at the time was titled Kaleidoscope Man.

The film's director, Simon Cox, said on Twitter he was""shocked to see my footage being used like this"".

Social media users have been sharing an image allegedly showing the wife of a 'Ukrainian vice-president' who has joined the country's armed forces to fight the Russian invasion.

However, Ukraine does not have a vice-president.

Twitter users have wrongly claimed that the woman in the picture is the Ukrainian vice-president's wife

Another version of the claim doing the rounds on Twitter wrongly suggests that the woman in the picture is Ukraine's first lady Olena Zelenska.

Fact-checkers Logically have ascertainedthat the photograph is an image of a Ukrainian soldier from August 2021.

The original photo was taken during a rehearsal for a military parade in Kyiv.

Read more from Reality Check

Send us your questions

Misleading Ukraine war claims continue to go viral

More false Ukraine conflict images shared online

Misleading images of Russian attack spread online",https://ichef.bbci.co.uk/ace/branded_news/1200/cpsprodpb/6195/production/_123518942_eoprfbsxmaahwuq.jpg,Reality Check
https://www.bbc.co.uk/news/blogs-the-papers-60656293,Newspaper headlines: Putin's refugee offer rejected and UK urged to do more,The growing humanitarian crisis in Ukraine and soaring energy prices lead Tuesday's front pages.,"Ukrainian refugees arrive by night train from Poland at the central station in Berlin

The front page ofthe Timesshows a woman who was wounded when a Russian shell blew apart her home in Kharkiv, Ukraine's second largest city.

She has lost the sight in one eye and her face is covered in stitches and daubed with green disinfectant.

""The faces of war are sculpted by flying glass and burning shrapnel"", writes reporter Anthony Loyd after visiting local hospitals.

The Telegraph hasaccompanied deaf children evacuated from a school in southern Ukraine.

Using sign language, one teenager tells the paper that while he cannot hear the shelling, he feels ""the house shaking, everything shaking"" and a ""shock that judders through the bones"".

TheFinancial Times reportsUkraine and the West have ""poured scorn"" on Moscow's offer of safe routes out of besieged cities - after it became clear those routes were to Russia or Belarus. The paper says the concept now leads to ""more fear and terrifying dead ends"" for civilians.

TheDaily Mailwrites that President Vladimir Putin is ""panicking"" because of the failure of his military operation, adding the Russian leader is now seeking a negotiated settlement.

TheGuardian reports from Odesaon Ukraine's Black Sea coast, where preparations are under way to fight off any Russian assault.

It says nobody there can believe Mr Putin could attack a city with ""almost mythical resonance"" for many Russians, but adds the Russian armed forces have done lots of things in recent days that seemed unthinkable just two weeks ago.

A Ukrainian defence volunteer in Odesa haswritten to the iexplaining people are ready not only to defend - but to attack. ""There is no fear at all"", Roman Vlasov tells the paper, ""just focus, and determination"".

The Daily Mirror tells thestory of a desperate Ukrainian builderwho has been working in London and is now trying to get his family, who are stranded in Calais, to the UK.

The paper accuses the government of placing obstacles in the way of traumatised refugees.

The editor of the i, Oliver Duff, describes the UK's response to the crisis asincreasingly shamefuland in contrast with great public generosity.

The Daily Mail has a similar message in its editorial, arguing that nothing has been learned from the evacuation of Afghanistan last summer andurging the government to ""fix the visa shambles"".

Sign up for a morning briefing direct to your inbox

Meanwhile, many papers address the impact of the war for domestic energy prices in the UK.

The Financial Timesdescribes ""an extraordinary day of trading volatility"",with a new spike in oil and gas prices.

The Daily Express says there is no alternative but to move towards renewables and calls higher bills in the meantime ""the price we must pay to defeat Putin"".

The Daily Mail says Boris Johnson signalled there would be more drilling in the North Sea, what it calls a new ""dash for gas"", and predicts a new generation of nuclear power.

The UK must""seize this moment"" to start fracking, the Sun argues, adding it's ""shameful"" that it took a war to jump start a review of energy strategy.

BIG BUSINESSES AND CLIMATE CHANGE:Deborah Meaden talks to some of the world's biggest business about the biggest problem facing the planet

JUST STAND UP:Can we burn more calories and lower blood sugar levels without even doing any exercise?",https://ichef.bbci.co.uk/ace/branded_news/1200/cpsprodpb/D58C/production/_123586645_index-nc.png,The Papers
https://www.bbc.co.uk/news/av/world-europe-60654573,The Ukrainian band live-streaming from a bomb shelter,"Alex's house was destroyed by shelling, and he and his bandmates are sheltering in their basement studio.","Ukraineâs second largest city Kharkiv has been a focal point for the invasion, coming under heavy bombardment and surrounded by Russian troops.

Alexâs house was destroyed by shelling, and he and his bandmates are sheltering in their basement studio.

He has been sharing his experiences with the BBC.

Video by Daisy Walsh and Lina Shaikhouni

Editor: Ben Allen",https://ichef.bbci.co.uk/news/1024/branded_news/109F8/production/_123588086_p0bt389y.jpg,
https://www.bbc.co.uk/news/av/world-us-canada-60651587,Vera Wang: I find ageism so old-fashioned,Designer and fashion icon Vera Wang speaks about ageism and her experience of going viral at 72.,"Designer and fashion icon Vera Wang became a viral sensation during lockdown, with many people shocked by how youthful she looks at the age of 72.

In an exclusive interview withBBC 100 Women, the New York-born businesswoman shares her views on ageism and how she's dealt with failure.

Interview by Nada Tawfik

Filmed by Andrew Blum

Produced by Georgina Pearce and Valeria Perasso

Edited by Rebecca Thorn",https://ichef.bbci.co.uk/news/1024/branded_news/1235C/production/_123588547_976a.jpg,
https://www.bbc.co.uk/news/entertainment-arts-60493614,"Turning Red: Killing Eve's Sandra Oh on celebrating Pixar, puberty and periods",The Killing Eve star reveals why she jumped at the chance to join Pixar's latest film Turning Red.,"Sandra Oh says we should ""normalise"" girls having periods in films

""Hey, all girls have periods. So let's normalise that - and celebrate it!""

Killing Eve star Sandra Oh is pretty choosy about her roles - but she tells the BBC she jumped at voicing a character for Pixar's latest film Turning Red.

It tackles blushing, big emotions and, yes, periods.

""I was just so happy there was a film about it,"" Oh continues.

""Storytelling wise, I don't think we really mention it enough, so to be a part of a film that embraced puberty was important to me.""

She plays Ming, the mother of 13-year-old Mei, a diligent, slightly nerdy Chinese-Canadian schoolgirl.

Mei is navigating her life pretty well, at least until she's hit with a rush of hormones.

This can be derailing at the best of times, but whenever Mei feels overwhelmed or something makes her feel uncomfortable, she ""poofs"" into a giant red panda.

The chaotic consequences are a direct metaphor for the reality young girls can face, as they are hit with some pretty big physical and mental changes.

Mei's friends are really supportive of her panda predicament

Rosalie Chang plays Mei, whose panda alter-ego is a bit like a more cuddly version of the Incredible Hulk.

Chang said the film resonated with her in real life.

""I went through puberty throughout this film,"" she explains - and unlike her character, she says it without a hint of embarrassment.

""I mean, I was 12 when I started it, and I'm now 16. This film is unapologetic about tackling puberty. It's not trying to hide, it's not trying to be wishy washy. It just says it straight up.

""It's a really taboo subject, even though everyone goes through it.""

Learning to adapt to a new body makes for some comedic moments in the film

Chang saw the clumsy, emotional panda as a ""metaphor for change and messiness"".

""It's so similar, yet different from me - she growls a little more, she has bigger outbursts,"" she laughs.

Although Pixar has explored a young girl's emotions inInside Out, along with mother-daughter tensions inBrave, Turning Red is its first foray into puberty. It's not a theme that crops up very often in family films.

Director Domee Shi says the idea of including periods andthe embarrassment girls can feelwas ""there from the very beginning"".

The film touches on menstruation very gently, and Mei is particularly embarrassed by her mother's response.

""It didn't feel right if we didn't talk about it,"" says the film-maker, who won 2019's short animation Oscar for Bao, and co-wrote Turning Red with Julia Cho.

Bao: An Oscars ode to Chinese mothers and Asian food

The village sanitary pad makers' story wins Oscar

Newsound Special: Let's Talk About Periods!

Producer Lindsey Collins adds they tested out responses to the film during early screenings for Pixar colleagues.

""Just getting the reaction from the crowd of laughter and shock - it was the best response we could get,"" she says.

Carolyn Danckaert, founder of the website A Mighty Girl, whichincludes advicefor girls and parents about periods, tells the BBC that many parents ""struggle to initiate conversations with their kids on topics like puberty and periods, which tween girls often find embarrassing"".

""When you watch a movie together, however, you can use the character's experience as an opportunity to broach these subjects with a little emotional distance that can put kids at ease.""

Research suggests some girls miss school because of their period

Emma Thompson O'Dowd, health and wellbeing specialist at global children's charity Plan International UK, calls the inclusion of periods in the film ""wonderful"".

Their researchsuggests that ""when girls first start their period, over two-fifths feel anxious, and a third feel embarrassed"".

""Nearly two million UK girls have missed a part day or full day of school because of their period, many out of fear of experiencing leaks,"" she adds.

""All children, but especially girls, need to learn that periods are a healthy and normal part of life. Films like Turning Red help can smash the taboos around periods, and create opportunities for open and honest conversations.""

Turning Red's line-up: Director Domee Shi, Sandra Oh, Rosalie Chang and producer Lindsey Collins

This film is also notable as the first Pixar movie directed solely by a woman - with an all-female key filmmaking team and an Asian-led cast.

Interestingly, Chang didn't notice this; to her it was just film-making which happened to be done by women.

""I didn't even realise it was all-female leadership until the wrap party when I first saw the movie,"" she says, while Oh adds: ""There are a lot of firsts with Turning Red, and I think all those should be celebrated.""

Pixar, which wasbought by Disney in 2006, has made films including The Incredibles, Toy Story and Finding Nemo, and has won numerous awards including 18 Oscars.

Collins said the female crew felt very supported by Pixar's executives, who did not get cold feet about the film's subject matter.

She added that being all-female ""gave us permission to stay bold"".

""When we were talking about cringey, awkward moments in the story, you could have had a bunch of people going 'I don't know about that part...' but instead, you were surrounded by women going 'Oh my gosh, that totally happened to me'.""

Director Domee Shi wanted to depict life in a Chinese-Canadian home, ""making dumplings with your mom as your dad makes a meal""

Turning Red is also part of a surge in popularity for Asian-led films and TV shows, includingOscar-nominatedDrive My Car and Raya and the Last Dragon, along withOscar-winning Parasiteand thehugely popular Squid Game, to name just a few.

Shi, who is Chinese-Canadian, talks about the importance of ""being what you can see"".

""There wasn't a lot of representation of myself and my family growing up, and I didn't get to see a lot of myself in media,"" she says.

""I really wanted to just share this Chinese-Canadian girl's experience with the world because it's so specific.""

How Asian film could take over from Hollywood

Oh, who is Asian-Canadian-American,told Elle Canadain 2020 she is ""specifically interested in roles that explore a character's race"".

""This is exactly the project that I was looking for,"" she says about Turning Red, clearly delighted there are now ""more opportunities to tell stories I wasn't able to tell early on in my career"".

Dr Martha M Lauzen, the founder and head of San Diego's Center for the Study of Women in Television and Film, tells the BBC: ""The time is long overdue for a female-driven film, directed solely by a woman, from Pixar.

""It's great to see the studio betting on the promise of Domee Shi's previous unique and brilliant work, Bao.""

Dr Lauzen adds that in 2020, Asians and Asian-Americans comprised 6% of all female characters in speaking roles in the top-grossing films.

This was down from a historic high of 10% in 2018 [when Crazy Rich Asians pushed their representation to a historic high], according to theIt's a Man's (Celluloid) World study.

""Due to films like Raya and the Last Dragon and Shang-Chi and the Legend of the Ten Rings, I expect the percentages of both female and male Asian and Asian-American characters to increase in 2021,"" she adds.

Mei sometimes finds her Mum extremely embarrassing, even though she's trying to help

Turning Red also focuses on mothers and daughters across the generations in Mei's family.

Ming wants her daughter to honour their traditions by working at the family temple, but resists Mei's urges to go out and be a typical teenager.

Oh talks about this sometimes tricky relationship, calling Ming ""loving and hypervigilant"", which is a pretty accurate description.

""I don't know one person who doesn't have some sort of complicated relationship with their mother,"" she says. ""We're not shying away from it. It's a loving place, but it's also a complicated time in a in a young person's life.""

Shi adds there were a lot of people on the crew of Asian or immigrant backgrounds, with ""similar stories of feeling that pressure and tension with their moms and parents"".

""It was really important for us to tell this nuanced story,"" she explains.

""Mei genuinely loves her mom and wants to be a good daughter, but she's growing up in a world that's very different from her parents.""

Mei and her school friends are keen to become more independent

Mei finds the film's boyband 4*Town particularly enticing, and along with hordes of other teenagers, is desperate to go to their concert.

""Unfortunately it doesn't align with what Ming thinks is best or appropriate,"" says Chang, while Collins adds: ""When you're 13, going to your first concert is life or death - it's a big deal.""

Although 4*Town are fictional, their three songs in the film were written by none other than pop star Billie Eilish, and her musician brother Finneas O'Connell, who alsojointly wrote the Bond themefor No Time to Die.

Collins explains they approached them because ""there's something about being able to speak to a generation"".

Billie Eilish agreed to co-write 4*Town's songs

""My kids are big music lovers, and in 2016, they were constantly playingOcean Eyes by Billie Eilish, so clearly it spoke deeply to them,"" she adds.

But despite the appeal of 4*Town, it's really the giant red panda which takes centre stage in this film.

Given the option to decide on her own spirit animal, what would Oh choose?

""I do love the idea of being able to soar and fly, but not like a teeny bird....

""I'd be a killer bird,"" she says with a chuckle.

That could be another film entirely - perhaps one about the menopause.

Turning Red is streaming on Disney+ on 11 March.

First glimpse of Buzz Lightyear spin-off film

Killing Eve star speaks at Stop Asian Hate rally

How Asian film could take over from Hollywood

Women in film: 'We're living in the dark ages'

Is it still a man's world behind the camera?",https://ichef.bbci.co.uk/ace/branded_news/1200/cpsprodpb/15E57/production/_123378698_gettyimages-1371996881.jpg,Entertainment & Arts
https://www.bbc.co.uk/news/av/world-europe-60656613,The TikToker documenting the Ukraine war,Valerisssh has posted videos online of her standing outside shelled buildings.,"Russia has banned western social media platforms including Facebook, but in Ukraine people have been showing the rest of the world whatâs happening to them via social media - including TikToker Valerisssh.

Valeria lives in Ukraine and has been posting videos showing the situation in her city.",https://ichef.bbci.co.uk/news/1024/branded_news/B64C/production/_123586664_p0bt2d29.jpg,
https://www.bbc.co.uk/news/world-60653099,Femicide detectives: 'Counting bodies is the best place to start',Many countries do not record femicide - the most extreme form of gender-based violence - so activists are doing it themselves.,"Gulsum Kav, founder of We Will Stop Femicide

Femicide - the killing of women and girls because of their gender - is the most extreme form of gender-based violence, but in many countries no record is kept of the number of cases. BBC 100 Women spoke to three women who carry out detective work to identify femicides, and obtain justice for victims.

Gulsum Kav began a campaign to stop femicide in 2010, the year after the dead body of a teenager, Munevver Karabulut, was found in a bin in Istanbul. It took police more than six months to track down the suspect, leading to protests on the streets of Istanbul.

One of Gulsum's goals was to understand how many murders take place in Turkey, in which the killer's motive is gender-related.

Another was to provide support to Munevver's family as the case came to trial. ""We have a slogan today, 'You will never walk alone,' which came from this,"" she says.

But soon Gulsum and her fellow activists in We Will Stop Femicide found themselves taking on the role of investigators.

Lawyer Leyla Suren and Gulsum Kav at work

""It started when a letter arrived from a family who believed their daughter had died in suspicious circumstances,"" she says.

This was the case of Esin Gunes, a young teacher whose body was found at the bottom of a cliff in Siirt province, south-eastern Turkey, in August 2010.

THE FEMICIDE DETECTIVES

BBC 100 Women meets two women in Turkey and Ecuador who are carrying out detective work to identify femicides - the killing of women and girls because of their gender.

Watch on BBC iPlayer (UK Only)

Watch on YouTube

Femicide is defined as ""the murder of women because they are women"" or ""the gender-related killing of women and girls""

Eighteen countries in Latin America and the Caribbean have adopted specific laws making femicide a criminal offence

In many other countries the word is not widely used, but is increasingly being adopted by campaigners against gender-based violence

Esin's husband said they had gone to the area for a walk and a picnic, and she had slipped to her death. While the authorities initially accepted this story, the family didn't, as Esin had only recently returned to her husband after walking out and saying she wanted a divorce.

Gulsum's team commissioned a report which proved it was not physically possible to fall in the way she did and that she must have been thrown. This led to her husband's conviction for murder, and he was sentenced to life imprisonment.

Since that first case, the team has worked on over 30 suspected femicides.

""We often have to gather evidence ourselves and do work like the police,"" says Leyla Suren, a volunteer lawyer for the group.

Another case was that of Yagmur Onut, a university student who was shot in the neck in 2016.

Her boyfriend claimed her death was an accident, but Yagmur's mother, Sevgi, believed her daughter had been murdered and contacted We Will Stop Femicide for help.

Sevgi holds a picture of her daughter, Yagmur

""They told me the struggle starts now,"" Sevgi says. ""I started my struggle along with them.""

It wasn't until January this year that the boyfriend was finally convicted of murder and sentenced to 16 years in prison.

""When you examine Yagmur's past you see that she is not a young woman who would make jokes with guns, but we had to struggle for six years to prove it,"" says Leyla.

The Supreme Court is now going to consider appeals. The prosecution argues the defendant should have been convicted of a graver offence (premeditated murder), while the defence argues the offence he is convicted of is already too severe.

The Turkish authorities have begun releasing data on the number of women murdered in the country, but Gulsum says the official figure is always lower than her organisation's.

She says it's impossible to separate her personal life from this struggle, but it is worth it to create a country where women are safe.

""We won't stop, we won't give up until women live with equal rights, in freedom.""

Geraldina Guerra tracks cases and maps the lives of victims of femicide in Ecuador to keep their memories alive

Naeemah Abrahams has been leading a team of researchers for the past 20 years to learn more about femicide in South Africa.

While activists in some countries gather information from their network of contacts, or from the media, Naeemah and her team from the South Africa Medical Research Council (SAMRC) start their work at the mortuary.

""We need to go beyond looking at cases which are already in the judicial system because otherwise this leaves out many cases where the police have already decided they are not going to prosecute, or other cases that the police haven't picked up at all,"" she says.

""Counting bodies is the best place to start.""

At state mortuaries up and down the country, data collectors employed by the SAMRC meticulously examine pathology reports.

First they determine whether a woman was murdered, they then look for other characteristics such as the way she was killed, and evidence of a fight or rape.

""We then try to link up the file with a police investigation. But in many cases, we don't find any, and even if there is one, many times the police haven't found a perpetrator,"" she says.

""So we go on to do interviews with the police, collect data on the perpetrator so we can start to better identify the type of femicide it was - whether it was an intimate partner femicide or non-partner femicide.""

Researchers comb through data for possible evidence of femicide

On International Women's Day Naeemah's team publishes the results of its latest femicide survey, which looks at trends of women murdered in 1999, 2009 and 2017.

""Our hope is the South African government will take over our investigative method of starting at the mortuary level,"" she says.

Naeemah is hopeful for swift change now that the government has asked her team to draw up a femicide prevention strategy for the country.

For Naeemah this work is about making sure femicide cases are properly counted and that the justice system works for everyone.

""We do this to change the lives of women,"" she says.

A group of women researchers in Ecuador gather data on femicide, but have also found a way of remembering the lives of women who have been killed.

Ecuador is one of 18 countries in Latin America and the Caribbean that have adopted laws to criminalise femicide, according to the UN.

This means femicide rates are now being officially recorded. But, as in some other countries, women's rights groups say government figures are far too low.

""We decided to start recording cases systematically so that we could have data to then question the state institutions,"" says Geraldina Guerra, president of Aldea Foundation.

Geraldina Guerra

""Through our local contacts from all over the country we are able to spot cases of suspected femicides early on, sometimes long before the police or the media have found out,"" says Nicoletta Marinelli, another member of the team, who lives in Quito.

The group quickly starts investigating, for example by tracing the dead woman's last movements and establishing whether she had previously been a victim of domestic violence.

To begin with the Aldea Foundation made maps to compare the number of women killed in different regions, but then they took the idea a step further.

Now they build ""life maps"", as they call them, which place memories of the woman on a map showing the park where she went on walks, her favourite cafe, the animal shelter where she used to volunteer, or the stadium where she once saw her favourite singer perform.

""Maps then become social tools, we work with the families to populate them: we mark the spaces that these women once occupied through the voices and memories of those left behind,"" says Nicoletta, who co-ordinated the initiative.

The maps are available on the foundation's website, and the aim is to make the issue of femicide visible, but also relatable. ""This is happening on the streets of your city, streets you are familiar with and walk every day,"" they say.

Part of the Cuenca map, remembering a woman called Gabriela

With funding from the United Nations Development Programme (UNDP) and as part of the Spotlight Initiative to eradicate all forms of violence against women and girls, they researched and drew maps for three cities in Ecuador.

In Cuenca, a city in the southern Andes mountains, the life map commemorates Maribel Pinto, who was brutally stabbed 113 times in November 2020.

Maribel - an Afro activist and mother of five - was born in a rural area but became a sex worker to make ends meet, after moving to Cuenca. She died at the hands of a 25-year-old mechanic, who was later found guilty of femicide and jailed for 34 years.

Miriam, her daughter, helped build her map with some of the locations that bring back memories of happier days - like the ice cream parlour by the city's cathedral.

Locations such as these are marked on a victim's life map as a clickable link. Here, people are presented with audio recordings from relatives, short descriptions and photos explaining the victim's connection to the place.

Miriam contributed to the the life map for her murdered mother, Maribel

""We used to come to this place when she had a bit of money to spare, so it'll always remind me of her. Placing her here is like bringing her back to life,"" says the 23-year-old, who has just had a child herself.

""These maps reconstruct the lives that were truncated but also show the social dimension of the problem,"" adds Geraldina. ""There are brothers and sisters, sons and daughters, grandmothers, mothers and fathers left behindâ¦ and we don't seem to talk about that.""

The group hopes that personalising the numbers through the life maps will help start conversations on the subject of femicide.

It also thinks the maps could help lawyers and judges to better understand and frame cases of femicide.

In Geraldina's words: ""Violence endures in silence and femicide will continue as long as we remain silent.""

Produced and written by Lara Owen, Valeria Perasso, Georgina Pearce, Rebecca Thorn.

Watch the documentary The Femicide Detectiveshere.

BBC 100 Womennames 100 inspiring and influential women around the world every year. Follow BBC 100 Women onInstagram,FacebookandTwitter. Join the conversation using#BBC100Women.",https://ichef.bbci.co.uk/ace/branded_news/1200/cpsprodpb/17D1/production/_123579060_gulsumindeximage_400.jpg,World
https://www.bbc.co.uk/news/world-asia-60643446,Why misogyny is at the heart of South Korea's presidential elections,Disgruntled young men who resent feminism are the focus of candidates vying to be president.,"Hundreds of South Korean men organized an Anti-#MeToo rally in 2018

Park Min-young, 29, spends most of his day talking to angry young men in Seoul.

His fingers relentlessly tap the keyboard as he replies to dozens of their messages at his desk in the centre of a busy campaign office for one of South Korea's main presidential candidates, Yoon Suk-yeol.

""Nearly 90% of men in their twenties are anti-feminist or do not support feminism,"" he tells me.

South Korea has one of the worst women's rights records in the developed world. And yet it is disgruntled young men who have been the focus of this country's presidential election.

Many do not see feminism as a fight for equality. Instead they resent it and view it as a form of reverse discrimination, a movement to take away their jobs and their opportunities.

It is a disparaging development for the tens of thousands of young women who took to the streets of Seoul in 2018 to shout ""Me Too"" after several high profile criminal cases involving sexual harassment and spy camera crimes known as ""molka"".

But now that cry is being drowned out by men shouting ""Me First"".

The country's gender politics is a minefield the country's next leader will have to navigate - if they can first win the battle to get into office.

Conservative candidate Mr Yoon and his liberal rival Lee Jae-myung are neck and neck in a contest to become the next leader of Asia's fourth largest economy.

Voters' top concerns are skyrocketing house prices, stagnant economic growth, and stubborn youth unemployment.

Neither have any experience as legislators in the National Assembly which is a first in South Korea's democratic history.

And neither appear to have a strong female voting base. Both parties have been accused of misogyny.

Yoon Suk-yeol (R) and Lee Jae-myung (L) are both neck and neck in the contest

Mr Lee's ruling Democratic Party has seen a number of high-profile sexual harassment scandals, with the mayor of Busan sent to prison for sexual assault.

Mr Yoon, of the People's Power Party, has made abolishing the Ministry of Gender Equality and Family a central pledge of his campaign.

The ministry largely provides family-based services, education, and social welfare for children and spends around 0.2% of the nation's annual budget - less than 3% of which goes towards the promotion of equality for women. But Yoon knows this move will be popular among a key demographic - young men.

A survey last year by a local newspaper found that 79% of young men in South Korea feel ""seriously discriminated against"" because of their gender.

As I walk with Min-young to a cafe to meet some of these young men, he tells me that ""feminism has been going in the wrong direction"".

He says many men he's spoken to feel ""let down"", adding that he believes it is ""necessary to pacify, to convince and to appease them first"".

These men claim that they are not trying to drown out the voices of women, but simply to amplify the voices of young men.

One of their biggest issues is that all men must serve 18 months in the military before they are 30 years old.

""There is no reward. Just sacrifice,"" says Min-young. ""The military is a huge fear for Korean menâ¦ that they are forced to go to this place they can't resist for one year and six months. And to have to compete with women after returning from the military.

""This country's patriarchy system also gives women the burden of child rearing, [which means the] men have the burden [of proving] their economic capabilities.""

The men I'm introduced to do stump speeches for Mr Yoon who has declared that there is no systemic gender discrimination in South Korea.

The facts do not support that argument.

The average monthly wage for a South Korean woman in 2020 was 67.7% of that of a man, according to the Ministry of Employment and Labour. This is the biggest wage gap among developed countries.

The continuing trauma of S Korea's spy cam victims

Why women in Korea are reclaiming their short hair

#MeToo takes hold in South Korea

Women make up only 5% of boards in South Korea's corporate world.

When it comes to sexual crimes against women, sentencing has been traditionally low. In the last 10 years 41.4% of perpetrators were given probation, around 30% were given a fine.

That means just over 28% of those found guilty were sent to prison.

The pains of young women however, have been largely ignored in this election. Until now.

A writer for the Korea Herald, Yim Hyun-su noted in an article at the weekend that both candidates have refreshed their appeal to women on social media.

Mr Lee has pledged to tackle discrimination and Mr Yoon declared a ""war on sex crimes"".

In such a close race, it seems they have realised that young women may now hold the deciding votes.

But it will be a tough sell for those who fight for equality in South Korea. They are now scared to reveal their identities.

We spoke to a group of two men and two women who wanted to face away from our cameras. We have given them fake names to protect them.

The interviewees say identifying yourself as a feminist has unimaginable consequences

""As a feminist to reveal your face and speak out has such unimaginable consequences,"" says Ji-eun, a YouTuber who is in her early 20s.

""When we upload a video on feminism on our YouTube channel, male communities organise an attack and say things like 'You are a feminist? Feminists should all die.'

I have seen these comments for myself. This malicious online bullying can have terrible consequences.

In January, YouTuber BJ Jammi ended her life having endured years of abuse after trolls accused her of being a ""man-hating feminist"".

But amidst the deepening divisions, there is understanding too. Especially when it comes to men having to serve in the military.

""I sympathise with that and the fact that only males have to go is an unjust structure,"" said Ji-eun.

""But the responsibility for this should be on the government and the history of this divided country - but to say to women in their twenties 'Well, you don't go to the military' is very unjust.""

This anti-feminist backlash will be a challenge for whoever steps into the presidential office known as the Blue House.

South Korea is at a cultural crossroads. It has a tech-savvy young generation who do not share the patriarchal views of their parents or their grandparents. Both genders will likely keep pushing and are looking at those in charge to bring real change.

But Ji-eun still feels hopeless about her future.

""If the hate was coming from the older generation, I might hope that at some point when my generation is in power or in places of importance in society, it could change. But the anti-feminists and those who don't care about women's rights and spewing hate are in my generation.

""It's hard to picture a bright future even far ahead.""

The continuing trauma of S Korea's spy cam victims

Why women in Korea are reclaiming their short hair

#MeToo takes hold in South Korea",https://ichef.bbci.co.uk/ace/branded_news/1200/cpsprodpb/1828D/production/_123575989_gettyimages-1054090254.jpg,Asia
https://www.bbc.co.uk/news/uk-scotland-edinburgh-east-fife-60617800,I've cut out energy drinks now mum's given me a kidney,Elaine Horne donated a kidney to her 23-year-old son Luke after he almost died from kidney failure.,"Luke Horne and his mum Elaine don't talk about their kidney surgery

Luke Horne's mum is happy he ""has a lovely life now"" since she gave him her kidney following months of gruelling dialysis.

The 23-year-old almost died from kidney failure just over a year ago.

He thinks that having three or four energy drinks a day since he was a teenager may have contributed to his condition. Now he has changed his diet and only drinks water.

After his diagnosis and a period in intensive care, he began dialysis. It lasted for five hours, three times a week, and left him physically drained and with painful headaches.

So when his mum, Elaine, found out she was a match for a kidney transplant she said it was ""a great relief"".

Luke told BBC Scotland: ""I thank her in my own way. We don't talk about it, we are both like that.

""But she definitely knows I'm very thankful for it.

""It's really good of her and I can never thank her enough. She knows that.""

Luke Horne was in hospital for five days after having his kidney transplant

Luke underwent nine months of dialysis before the operation went ahead.

Elaine, 48, who lives in East Linton, said: ""It's a hard experience and he needed to get on with his life.

""We came so close to losing him. We don't dwell on it. I don't think about him having my kidney inside him and he doesn't need to say thank you.

""He has a girlfriend and has a lovely life now. He was friends with her for years but they got together during this experience.

""I think it made them realise how life can be short.""

In December 2020 Luke had started feeling unwell and lost his sense of taste and smell. He began self-isolating at his home in North Berwick because he thought he had Covid.

Luke drank four energy drinks a day for about eight years

But when his dad, Michael, visited to check up on him through his window, he saw that his son had turned grey and his face and feet were swollen and puffy.

He told his son to go to his GP, and blood samples showed Luke had end-stage kidney failure.

When he reached hospital they told him he just had minutes left to live.

Luke said he had been drinking three to four energy drinks a day since he was 14 or 15.

'My window visit helped save my sonâs life'

He said: ""The doctor said it was more than likely that all the energy drinks caused me to have high blood pressure and that caused my kidney failure.

""I liked the taste of them so I didn't think of the consequences. I was just a young, daft laddie.

""They are not good for you, I see that now. Now I only drink water.""

Luke has also changed his diet and does not eat processed foods. He will be on immunosuppressant drugs for the rest of his life.

Luke Horne returned to work as a car mechanic three months after his operation

Dr Charlie Tomson, kidney specialist and trustee at Kidney Research UK, said that over-consumption of energy drinks, which contain a large amount of caffeine, can cause a rise in blood pressure.

""High blood pressure can cause kidney damage directly, and can also accelerate the progression of pre-existing kidney problems,"" he said.

""It is unlikely that energy drinks alone can be a direct cause of kidney failure, but of course moderation is key.""

Elaine, who had the kidney transplant operation on 8 September last year, said she found it hard watching her son go through dialysis.

""It was physically draining for him and he would get extremely sore heads after it,"" she said.

""He couldn't go out with his friends because he would be at dialysis, his whole life had to change.

""Dialysis can be a real ordeal for kidney patients, it's tough going.""

Luke, second from the right, at a wedding with his parents and brother

She said she did not think twice about donating her kidney to her son.

Elaine, who is now a Kidney Research UK community ambassador, added: ""The consultant makes sure you don't feel pressured to give your kidney. They keep asking you if you want to slow the proceedings down if you don't feel ready.

""I was nervous but because he is my son I was extremely focussed on the end goal.

""It was the only way we could help. It was a trauma how close he came to dying, it came out of the blue.

""We felt we had no control of the situation so as soon as we could get tested for a transplant we did.""

Elaine said if she had not been a match she would have joined the shared donation scheme, where she would have donated her kidney to a family who had a matching kidney for her son.

She said: ""I'm just his mum, you do anything to help your kids, I would have felt worse if I had been told I couldn't help him.""

'My window visit helped save my sonâs life'

Student's heart failure linked to energy drinks

Live Kidney Donor Assessment and Donation

Kidney health information - Kidney Research UK

Research - Kidney Research UK",https://ichef.bbci.co.uk/ace/branded_news/1200/cpsprodpb/5AA1/production/_123510232_luke_hrne.jpg,"Edinburgh, Fife & East Scotland"
https://www.bbc.co.uk/news/business-60506228,Can tech help revive India's 'crumbling' health system?,Indian doctors hope big investment and smart tech will improve a fragmented healthcare sector.,"Dr Sangram Kapale ran a giant Covid treatment centre in Maharashtra during the pandemic

The first wave of Covid-19, that swept India in early 2020, was a gruelling experience for Dr Sangram Kapale and his colleagues.

""The kind of mental pressure we were all going through is very difficult to put in words,"" he says.

""It was about saving lives with minimal resources. We had a lack of medicine, beds, oxygen.

""The lack of skilled manpower, like paramedics, was another issue. We were forced to use medical students who had no practical experience of handling patients.""

Dr Kapale was in charge of a temporary Covid treatment centre in Pune, Maharashtra which had 800 beds. The centre became overwhelmed with patients, and anxious family members gathered outside.

""On one hand, we were doing everything within our capacity, or beyond, to fight Covid and save lives, and on the other hand we were accused of neglect by the relatives because they didn't know what was happening inside.""

Staff shortages were a problem when Covid hit India in 2020 meaning some wards had to rely heavily on medical students

Much of the chaos back then can be attributed to lack of resources, according to health care workers. Pre-pandemic, India reported one of the lowest levels of public spending on healthcare in the world.

In 2019, spending on healthcarewas equivalent to just 1.5% of India's gross domestic product (GDP). By comparison, Chinaspent 6.7% of its GDPon health in 2019, and in the UKthat figure was 10.2%.

Since then, the Indian government has ramped-up its spending andthere is a target to spend 2.5% of GDPon health by 2025.

Some are hopeful the devastating impact of the pandemic was a turning point for India's entire healthcare system, with a future focus on technology and innovation.

""All aspects of access to healthcare, diagnostics and life-sciences are moving ...to low-cost and high-tech,"" says Akriti Bajaj, an analyst who focuses on healthcare at Invest India, a government funded company promoting investment.

Dozee uses a sensor beneath the bedsheet to monitor a patient's health

There are thought to be more than 6,000 start-ups in the Indian healthcare sector, one of those is Dozee. The firm's technology involves using a smart sensor underneath a patient's bedsheet on a hospital bed.

It tracks the micro-vibrations produced by the body when the heart pumps blood, and keeps track of a patient's breathing and other movements. These observations are then translated in to data and processed by artificial intelligence-based algorithms which, if anything unusual is detected, can alert nurses and doctors at a central monitoring station.

The company wants to install its technology in more than 1,000 hospitals and 50,000 beds by the end of 2022.

More technology of business:

The shipping giant banking on a greener fuel

How Taiwan used simple tech to help contain Covid-19

The mobile phones you can take apart and repair yourself

Indian tea start-ups search for an exotic edge

""Our idea was to simplify the entire [monitoring] process, make it more 'patient-centric' and bring the technology to the wards, and even to patients' homes,"" says the company's founder, Mudit Dandwate.

Mr Dandwate believes technology could boost the quality of healthcare across India.

""In India, the crumbling healthcare infrastructure was laid bare [by Covid] - poor hospital infrastructure; acute shortage of doctors; nursing staff and equipment and specialised treatment facilities, particularly in primary healthcare centres, in rural areas.

He says government spending on healthcare has increased over the last two years and both the public and private sector will scale-up their facilities - with technology playing a ""key role"" in that transformation - in the coming years .

Dr Geetha Manjunath hopes her firm's technology will improve the detection of breast cancer

Another health tech entrepreneur, Dr Geetha Manjunath, founded Niramai in Bangalore, in 2016. She wanted to improve cancer screening, particularly in young women.

""Unlike in Europe and the US, where early detection is enabled through regular, systematic screening programmes, India sees high mortality rates, due to late-stage detection,"" she explains.

Dr Manjunath says that in India, more than half of breast cancer cases are seen in women under 50 years of age and traditional X-ray detectionhas low accuracy among this group.

So, her firm developed a technique for detecting early-stage breast cancer using a small, portable screening device.

A high-resolution thermal sensor is used to measure the temperature variations on the patient's chest, AI then analyses these 400,000 temperature points to generate a report and mark any abnormal regions.

The thermal imaging is simple to use, meaning the test can be done by lower-skilled health workers, working in more remote areas of India.

Dr Manjunath says the device makes a more systematic screening programme feasible and that earlier detection could, in turn, reduce treatment costs and save lives.

A ramping-up of India's vaccination programme has helped bring Covid under control

So, what do doctors make of the new technology appearing on some wards?

Dr Manjunth HG, head of the anaesthesia department at KR hospital in Mysore, has used Dozee's system. He says that, while the technology is useful, in his opinion it has its limitations.

""AI has a long way to go, although it is helping the medical fraternity in a great way, it cannot replace humans, ever. Even if AI is helpful, we need doctors and human presence in ICUs and hospitals. So, it's just an assistance for us.""

Back in Pune, Dr Sangram Kapale is just relieved that,after a second, devastating wave of Covid in 2021, a national vaccination programme appears to have brought the virus under control for the time-being.

""After the vaccinations, the severity of the disease has definitely reduced. As a community, now we have to face whatever it throws at us in future.""",https://ichef.bbci.co.uk/ace/branded_news/1200/cpsprodpb/47A5/production/_123414381_gettyimages-1230610139.jpg,Business
https://www.bbc.co.uk/news/uk-60630054,Ukraine: Small and big ways in which people in the UK are helping out,BBC Radio 4's Today listeners share their ideas for ways to help Ukrainians in their time of need.,"When Airbnb announced last week that it was waiving its fees in Ukraine, thousands of people booked stays there without any intention of going - more than 61,000 nights have been booked so far, the company says.

It's just one of the ways people having been finding to help Ukrainians in their time of need. Here are some other small and big acts of kindness being carried out in the UK.

Felicity Hansen from the Isle of Mull had been looking for a way to give money directly to those caught up in the war. Following a suggestion on social media, she decided to support Ukrainian artists selling their work on Etsy, an online marketplace.

First she bought a painting of a poppy from an artist called Anna in the western part of Ukraine, she toldToday on BBC Radio 4. After that she began searching ""Ukraine sellers digital downloads"" and came across a child's drawings of cats in the blue and yellow colours of the Ukrainian flag. ""They were such joyful and happy pictures,"" she says.

She has now bought several pieces from the child from Kyiv, at about Â£5 each. ""It's a little tiny way that I could help. If it gave that little girl even one moment of happiness, it was well worth it.""

The family posted updates on their Etsy page, and Felicity says they have made it out of Kyiv to western Ukraine. Although they've had to leave everything behind, the money from the drawings is going into a PayPal account which they should be able to access wherever they go.

Many artists and makers in the UK are also selling their work online to raise funds. Dan Jones, who lives in a coastal village in Pembrokeshire, raised Â£150 by putting his most recent seascape up for auction on Twitter. He'll give it all to a refugee charity.

Dan Jones with his ""digital oil"" painting ""Sunset over Ramsey""

A number of people have been inspired to pack aid into the back of a van and deliver it directly to refugees.

Dorota Darnell from the Norfolk Polonia CIC, an organisation that helps immigrants from EU countries living in the east of England, is working with local companies to collect survival items like batteries, torches and medication. Volunteers are packing them into two lorries heading for Ukraine.

Roksana, the Polish coordinator, packing donated goods

Meanwhile, in the Highlands, Sarah Perrins and others from her local breastfeeding support group have been donating their old and unused baby boxes to the local Poland association. (All newborns in Scotland are given free packages of essentials, known as a baby box, which includes clothes, thermometers, a changing mat and bedding.)

But one man is going even further, and donating the vehicles themselves.

Khaled El Mayet from Cheltenham is campaigning to buy second-hand ambulances and drive them, packed with donated goods, to Poland's border with Ukraine. There his team of volunteers will offload the donations and hand over the ambulances so they can be driven over the border into Ukraine to be used in emergencies.

Most countries only have just enough ambulances for peacetime, Khaledtold BBC Radio Gloucestershire. ""When a situation like this kicks off, they just don't have enough ambulances to be able to help the civilian population.""

It is something he knows can work, because he has done it before - in 2011, in response to the Arab Spring, he drove ambulances to North Africa.

Khaled has already raised enough for two second-hand ambulances. ""They are good quality, they're not going to break down whilst trying to save people - and that's really important,"" he says.

Allow X content?

This article contains content provided by X. We ask for your permission before anything is loaded, as they may be using cookies and other technologies. You may want to readXâs cookie policyandprivacy policybefore accepting. To view this content chooseâaccept and continueâ.

Iain McGlinchey is a retired photographer from Helensburgh, near Glasgow, who has long had a fascination with cameras from Ukraine. Twenty years ago a family friend, who had escaped Nazi Germany and had connections all over Europe, gave him a Russian camera from Kyiv - a cheaper version of a Leica.

For photographers, Ukraine is ""a bit of a mecca"", explains Iain, because of two big Russian camera factories, the FED factory in Kharkov and the Zavod Arsenal factory in Kyiv.

Some Ukrainian cameras from Iain's collection

This camera is branded ""Kiev""

""I thought, maybe now's the time to buy a camera that I don't actually need,"" says Iain, a self-confessed camera nerd. So he found a small family business in Kyiv and bought a camera from them on eBay - whoare waiving seller fees in Ukraine, as well as protecting sellers from penalties and negative feedback.

Iain says his motivation is to ""offer a little bit of money and a little bit of moral support"". He sent the seller a message saying: 'I'm not really expecting you to send this, but take the money.'""

The seller responded: ""Thank you so much, it's very important that people know the truth. I am not afraid anymore. I'm afraid only for my children.""

""It's not often an eBay purchase can produce such emotion,"" says Iain.

What can people in the UK do to help Ukraine?

Ukraine charity appeal raises Â£55m in a day

Where have Ukraine's millions of refugees gone?",https://ichef.bbci.co.uk/ace/branded_news/1200/cpsprodpb/14A30/production/_123582548_976x549ukrainecat8.jpg,UK
https://www.bbc.co.uk/sport/football/60650445,Scotland v Ukraine World Cup play-off semi-final postponed,Scotland's World Cup play-off semi-final against Ukraine at Hampden has been postponed from 24 March following Russia's invasion.,"Ukraine are bidding to reach their second men's World Cup finals

Scotland's World Cup play-off semi-final against Ukraine has been postponed.

The nations were due to meet at Hampden on 24 March but Ukraine requested that Fifa moved the tie back following Russia's invasion of the country.

As a result, the play-off final for the winners - against either Wales or Austria - will now also be delayed.

Scotland aim to play a home friendly on 24 March and an away match against the loser of Wales v Austria on 29 March.

Discussions are under way for a new date for the Ukraine match, with the Nations League window in June the most likely option. Tickets purchased for the 24 March date will be valid for the rescheduled fixture.

The World Cup finals take place from 21 November to 18 December.

What now for Scotland v Ukraine after delay confirmed?

A large contingent of recent squads selected by Ukraine have contained players who play their club football in their homeland, with 15 out of the 23-man pool for November's World Cup qualifiers based in Ukraine.

The sides are due to face each other in June on Nations League duty, with each side already scheduled to play four games during that break.

The Scottish FA say they ""support the decision to uphold the request to postpone the match and reiterate our message of solidarity to our friends and colleagues within the Ukrainian Association of Football"".

And SFA chief executive Ian Maxwell commented: ""The importance and significance of football is greatly diminished in a time of war and our thoughts are with those Ukrainian civilians affected by the conflict.""

Former Scotland assistant manager Mark McGhee agrees with the decision to postpone the play-off semi-final.

""I think it is the right decision, we have got to respect what is going on over there and how it affects their players,"" said the Dundee boss, who won four caps for the national team.

""Ukraine deserve equal opportunity, maybe even more so in the circumstances, and at the moment it would be such a big ask for their players to come and play a game at that level. Even to get them together at this time would be a little bit unfair.

""So I don't think there is anything lost by it. Scotland fans obviously want to know what is happening but I think it is the right thing to do and I don't think anyone at the Scottish FA will have a problem with that.""

Covid pseudoscience?Delve into the conspiracy that gripped a picturesque British town

International Women's Day?:Four strikes that made history

BBC Sport Scottish Football

Scottish FA",https://ichef.bbci.co.uk/ace/branded_sport/1200/cpsprodpb/10AD4/production/_123580386_robertson-pyatov.png,Scotland
https://www.bbc.co.uk/sport/football/60593513,Angel City FC: Eni Aluko on working for the Los Angeles franchise,"With Angel City FC kicking off their debut NWSL campaign this month, Eni Aluko tells BBC Sport about moving to LA and meeting the club's all-star backers.","Eni Aluko won 102 caps for England and scored 33 goals

""Natalie Portman is my boss,"" says Eni Aluko, who has become accustomed to a star-studded workforce since relocating to Los Angeles as sporting director of Angel City FC.

Hollywood actress Portman is part of a majority female ownership group boasting a plethora of A-list investors who have founded the new National Women's Soccer League side, with the club set to make their debut in the competition this month.

Among the extensive high-profile backers are tennis icons Serena Williams and Billie Jean King, Winter Olympic gold medallist Lindsey Vonn, actresses Eva Longoria and Jennifer Garner, TV host James Corden, former US soccer stars Abby Wambach and Mia Hamm and a number of entrepreneurs, YouTubers, pop stars and other former sports professionals.

It made for a daunting Zoom interview for Aluko after she was approached to take on the role of sporting director, though the former England striker proved a hit with the all-star panel.

""I remember thinking, 'don't look at them - look at you notes and the presentation and try to deliver as best you can what you would do'. And they loved it,"" Aluko tells BBC Sport.

After finishing her professional career at Juventus, Aluko was working as the director for women's football at Aston Villa when the opportunity arose to join the franchise in California, though it was not a straightforward decision.

""You are moving to the other side of the world,"" she explains. ""The whole point of retiring and moving back home was to spend more time with my family and friends, claw back time I missed playing professional football, so it wasn't a no-brainer at all.

""It was more a case of if I don't do this, don't take this unique opportunity to build a club from scratch, I am probably never going to get that opportunity again.""

It helped, of course, that she was struck by the names already entwined in the Angel City project and that is something that has caught the imagination of the Los Angeles locals too, with the club already selling 14,000 season tickets.

""Meeting them was surreal,"" says Aluko. ""I remember meeting Mia Hamm in Los Angeles for the first time and I was just like 'wow, it's Mia Hamm, this is ridiculous'.

""I watched Julie Foudy win the World Cup, Abby Wambach win the World Cup - and now they are my colleagues.

""Natalie Portman is my boss. I have met her several times, spoken to her kids about football and what training session we are doing - it is a privilege to be given the responsibility to try to build something that is the idea of all these amazing people.""

Angel City vice-president Angela Hucles Mangano, player Christen Press, sporting director Eni Aluko and president Julie Uhrman

One of Aluko's first tasks was to appoint a coach, and after whittling down a shortlist that included male and female applicants she opted for English boss Freya Coombe.

""I am keen on gender balance, I think it is healthy,"" explains Aluko. ""But for Angel City we are very intentional about female leadership, female ownership, female empowerment.

""So Freya was the candidate who best fitted all of that, but her gender was not the leading requirement - she is a competent coach.

""We are very careful as women not to patronise ourselves. If you are the best, competent candidate then you can go up against anyone. We need to back ourselves that whatever the competition we are confident enough and do not create comfort zones.

""Because when you get out into the world of football you don't get to control who you are up against.""

Aluko explains her role as sitting ""between the board and the football side of the club"", setting the tactical and technical strategies, as well as looking after recruitment and managing the budget of the team.

""There is a separation from the coach having to do all that,"" says Aluko. ""I manage transfers, relationships between clubs both internationally and locally, manage relationships with the league.

""There is a tonne of stuff that traditionally coaches and managers did. Now there is a separation of responsibility between coaches just coaching and all the administrative work that comes with that.""

It is Aluko's job to think mid- to long-term, while the coach concentrates on winning a football match on any given day.

""We know the turnover of coaches is very high,"" adds the 35-year-old. ""So if you are giving them full responsibility to recruit all the players, what happens if that coach leaves within a year?

""It is a strategy that is too risky for just being specific for one coach.""

Aluko is also keen to manage expectations - despite the pedigree of the club's owners and competitive squad she has put together, the sporting director knows it may take time for Angel City to find their feet in the NWSL this season.

""We have to be careful to have a balance between being ambitious and understanding how difficult it is to come in and win straight away,"" she says.

""For us, it is about saying 'can we be the most successful expansion team in the NWSL?'

""There has been lots of talk and now we want to see the action on the pitch. We want to see goals, we want to see defending, great assists, the team really gelling together on the pitch. That is why we are doing this.""

Covid pseudoscience?Delve into the conspiracy that gripped a picturesque British town

International Women's Day?:Four strikes that made history

Women's Super League",https://ichef.bbci.co.uk/ace/branded_sport/1200/cpsprodpb/C894/production/_123484315_60593658.jpg,Women's Football
https://www.bbc.co.uk/sport/tennis/60658371,Alexander Zverev given suspended eight-week ban for striking umpire's chair,World number three Alexander Zverev faces an eight-week ban from tennis if he repeats the behaviour which led to his expulsion from the Mexican Open.,"Alexander Zverev was thrown out of February's Mexican Open for unsportsmanlike conduct

World number three Alexander Zverev faces an eight-week ban from tennis if he repeats the behaviour which led to his expulsion from the Mexican Open.

In February, the Olympic champion was fined $40,000 (Â£31,000) and forfeited all his prize money forstriking the umpire's chair in Acapulco.

Zverev has now been found guilty of a 'major offence' after an ATP review.

The German 24-year-old will be banned if he commits another similar offence within 12 months of the incident.

Similar offences include unsportsmanlike behaviour and verbal or physical abuse of anyone at a tournament.

As well as the eight-week ban, Zverev has been handed a further suspended $25,000 (Â£19,000) fine.

The biggest penalty in men's tennis to date was a 16-week suspended ban given to Australian Nick Kyrgios in 2019 for verbally abusing a chair umpire and smashing two racquets.

Zverev has until 11 March to appeal against the decision.

BBC tennis correspondent Russell Fuller

As with Nick Kyrgios, who was also deemed to have committed a major offence for an ugly pattern of behaviour in 2019, Zverev's extra punishment is on hold.

Kyrgios' 16-week ban was suspended for six months, but due to injury the Australian only played half a dozen tournaments in that time.

Zverev, in contrast, will expect to play about 20 events over the next 12 months.

In that long period of time, he cannot afford to be disrespectful or aggressive to any officials, players or spectators.

Some will consider a suspended sentence too lenient, but the ATP's decision does put the onus on Zverev to change his behaviour in a permanent and meaningful way.

Live scores, results and order of play

Alerts: Get tennis news sent to your phone

Covid pseudoscience?Delve into the conspiracy that gripped a picturesque British town

International Women's Day:Four strikes that made history

ATP",https://ichef.bbci.co.uk/ace/branded_sport/1200/cpsprodpb/EF04/production/_123588116_gettyimages-1238707337.jpg,Tennis
https://www.bbc.co.uk/sport/cricket/60654838,England in West Indies: Joe Root thought 'long and hard' about captaincy but is still 'energised' about the role,"Joe Root admits he thought ""long and hard"" about his future as England captain but believes he is the right man to ""take the team forward"".","I'm the right man to take England forward - Root

West Indies v England, first Test

Venue:Sir Vivian Richards Stadium, AntiguaDates:8-12 MarchTime:14:00 GMT

BBC coverage:Live text commentary on BBC Sport website & app; daily Test Match Special podcasts

Joe Root says he thought ""long and hard"" about his future as England captain - but he is the right man to ""take the team forward"".

Root's captaincy came under intense scrutiny following the disastrous Ashes defeat by Australia.

Since then, head coach Chris Silverwood and director of cricket Ashley Giles have departed, but Root says he still has the appetite to lead England.

""I've got a lot of energy for it,"" added the 31-year-old Yorkshireman.

Root added: ""I obviously had a long, hard think about things. I feel I'm the right man for the job and I'm very energised in hoping to take this team forward.""

He was speaking ahead of the first Test against West Indies, which starts on Tuesday and his team looking to become only the second England side since 1968 to win a Test series in the Caribbean.

England in the West Indies - schedule

Robinson ruled out of first Test with back injury

Root, who has led the Test side on 61 occasions, says the series represents an opportunity for England to move past the Ashes defeat.

""I'm very grateful to get the opportunity - and hopefully this can be a real start of change in our performances,"" he added.

""It's a real chance to start getting back to where we need to be, which is one of the leading teams in Test cricket.""

Pressed on whether he considered stepping down as captain following the Ashes, Root said: ""As with everything, when it comes to playing for England, that always comes first, and whatever I think is best for the team is what I will do.

""I think I'm the right person to take this team forward. I thought long and hard about that and I'm very much looking forward to that opportunity now.

""When I was weighing that up, it would have been wrong to just commit to a short-term thing.

""I always try to do what I think is best for this group of players, whether that is with the bat in hand or as captain of this team.""

England are embarking on the three-match West Indies tour without their top two leading Test wicket-takers in James Anderson and Stuart Broad, who were dropped by interim managing director Andrew Strauss.

When asked if he considers this a ""fresh start"" for England, Root added: ""This is a great opportunity for a number of guys to step up, take on some different roles, really develop themselves as players and become more leaders within this group.

""We've seen that in small snippets so far. The real test will be, can the guys do it in the Test matches?""

Covid pseudoscience?Delve into the conspiracy that gripped a picturesque British town

How can you combat brain fog?Free and simple steps to give your brain a boost

England and Wales Cricket Board",https://ichef.bbci.co.uk/ace/branded_sport/1200/cpsprodpb/E96E/production/_123585795_gettyimages-1382457244.jpg,Cricket
https://www.bbc.co.uk/sport/av/football/60655249,How Chelsea 'changed the game' in women's football,"Football Focus visits Women's Super League champions Chelsea to discover how their players, and their coach Emma Hayes, have changed women's football over the past few years.","There was an error

Football Focus visits Women's Super League champions Chelsea to discover how their players, and their coach Emma Hayes, have changed women's football over the past few years.

Watch Football Focus on BBC iPlayer",https://ichef.bbci.co.uk/ace/standard/1024/cpsprodpb/52A6/production/_123585112_p0bt192h.jpg,
https://www.bbc.co.uk/news/uk-60652743,"Covid: Vaccines not linked to deaths, says study, and brain changes after virus",Five things you need to know about the coronavirus pandemic this Tuesday morning.,"Here are five things you need to know about the coronavirus pandemic this Tuesday morning.

There is no link between Pfizer and Moderna Covid vaccines and deaths that were recorded after people had their jabs,according to a major study.The US research looked at the side effects of the jab and found no unusual patterns in death rates.

Significantdifferences to the brain before and after a Covid infectionhave been found by scientists. MRI scans showed that catching the virus, even a mild form, had shrunk the size of the organ slightly, with less grey matter in the parts related to smell and memory. It's not known if the change is permanent but the brain can heal.

A trial of four men accused of plotting to kidnap Michigan's Democratic governor Gretchen Whitmer over Covid rules she imposed isdue to begin.The alleged plot was foiled by the FBI 17 months ago and involves four men. The jury is being selected later for the trial, in the city of Grand Rapids, which is expected to last about six weeks.

The first wave of Covid in India ""was about saving lives with minimal resources,"" says Dr Sangram Kapale. Since then the Indian government has ramped up its spending on healthcare and there's hope the devastating impact of the pandemic was a turning point, with a future focus on technology and innovation. So, can technology help revive India's health system?Find out here.

Caitlin Rich has cystic fibrosis - an incurable condition that causes a build-up of thick sticky mucus in the lungs, digestive system and other organs. Before the pandemic she would often self-isolate over fears of catching infections. The 25-year-old, from Derbyshire, says the requirement for millions to self-isolate during the pandemic now means more people can relate to her everyday lifeHere's her story.

Get a longer daily news briefing from the BBC in your inbox, each weekday morning, by signing up here.

You've got Covid, so what next in terms of self-isolation?Find out here.

You can find more information, advice and guides on ourcoronavirus page.

What questions do you have about coronavirus?

In some cases, your question will be published, displaying your name, age and location as you provide it, unless you state otherwise. Your contact details will never be published. Please ensure you have read ourterms & conditionsandprivacy policy.

Use this form to ask your question:

you will need to to submit your question or send them via email toYourQuestions@bbc.co.uk. with any question you send in.

BIG BUSINESSES AND CLIMATE CHANGE:Deborah Meaden talks to some of the world's biggest business about the biggest problem facing the planet

JUST STAND UP:Can we burn more calories and lower blood sugar levels without even doing any exercise?",https://ichef.bbci.co.uk/ace/branded_news/1200/cpsprodpb/CC94/production/_111527325_index_daily_update_version02_cv_976new.png,UK
https://www.bbc.co.uk/news/health-60647276,Shane Warne: Do liquid diets work and are they safe?,What do experts make of the diet Shane Warne was on?,"Diets based on juiced fruit and vegetables are high in vitamins but often low in calories, protein and fibre

Shane Warne,who died from natural causes on Friday, had reportedly been on a liquid diet for 14 days - to try to lose weight quickly.

Days before he died,he tweeted an old photo, saying: ""The goal by July is to get back to this shape from a few years ago.""

Friends have said it was a regime he had tried several times before, although there is no evidence it was linked to his sudden death.

So how safe are these diets and what is their effect on the body?

There are many different kinds of liquid diets but they all have the same aim - to lose weight quickly by eating fewer calories.

They range from fashionable fruit and vegetable juice drinks that promise to detox and cleanse the body to low-calorie shakes and soups.

But experts warn these extreme diets carry health risks and are unsuitable for most people.

Shane Warne died from natural causes, police say

Warne's life and career in pictures

Hurley pays tribute to 'beloved lionheart' Warne

The NHS recommends its 800-calories-a-day diet for certain groups only, particularly obese or severely obese people managing type-2 diabetes.

Tried and tested, it comes with lots of support and medical supervision, and contains all the daily nutrients needed - but this is seldom the case with other liquid diets found online.

""Juice diets appeal to people because they want a quick fix - but dieting is really hard,"" Aisling Pigott, of the British Dietetic Association, says.

""There is a role for them - but it's not one size fits all.

""It's concerning when they are marketed at people who are a healthy weight.""

Allow X content?

This article contains content provided by X. We ask for your permission before anything is loaded, as they may be using cookies and other technologies. You may want to readXâs cookie policyandprivacy policybefore accepting. To view this content chooseâaccept and continueâ.

Fruit and vegetable juice provides lots of minerals and vitamins - but very little protein or fat.

Even fibre would be in short supply unless the whole fruit, including the skin and seeds, was pulped and added.

""You'd feel drained and exhausted after a week,"" Dr Gail Rees, associate professor of human nutrition, at the University of Plymouth, says.

A diet that is not nutritionally balanced is not giving the body everything it needs - and ""could be very damaging"" in the long term.

Iron reserves would be used up, which could lead to anaemia in women, muscle mass would be depleted and the gut, lungs and liver would have to work harder to keep the body functioning normally.

Other potential side-effects include headaches, dizziness, extreme tiredness, diarrhoea or constipation.

Fruit juices, which contain lots of naturals acids, can also wear away enamel on teeth and a lack of calorie intake can make breath smell different.

Losing weight quickly is possible on a liquid diet but the biggest challenge, according to Ms Pigott, is ""yo-yo risk"" - the danger of piling weight back on again when food intake returns to normal.

Fad diets are ""part of a toxic diet culture"" encouraging negative attitudes to food and often leading to weight gain not loss, she says.

And she recommends listening to your own body, going back to basics and setting achievable goals that work in the long term, not just for a week.

""Extreme diets are not a sustainable solution for losing weight in the long term, as much of the weight that is lost is likely to be water or lean muscle,"" Dr Simon Steenson, of the British Nutrition Foundation, says.

""These types of crash diets may also lead to some health risks as well, such as a higher risk of developing gall stones.""

Dr Steenson also warns of ""weight cycling"" - a pattern of losing and regaining weight with fad diets - which can have negative health effects itself.

A better option to lose weight, he says, is to aim for a varied and balanced diet, including lots of fruit, vegetables, wholegrains, beans, nuts and seeds, plus finding ways to be active throughout the day.

Dr Rees recommends removing alcohol, crisps, biscuits and takeaway food from your diet, which are all supplying unwanted calories, rather than focusing on a quick ""liquid diet"" fix.

And if you have any underlying health conditions, always check with a GP or dietitian before starting a diet.

Carried out in the right way, liquid diets - such as the low-calorie NHS programmes for the overweight - are proven to work, but for many people, they can be very difficult to follow and may be unnecessarily risky.

Shane Warne died from natural causes, police say

'I beat diabetes with 200-calorie drinks'

Shake diet offered on NHS to fight type 2 diabetes

8 tips for healthy eating - NHS

Very low calorie diets - NHS

British Dietetic Association Homepage - British Dietetic Association (BDA)",https://ichef.bbci.co.uk/ace/branded_news/1200/cpsprodpb/AFC5/production/_123579944_gettyimages-1248537827.jpg,Health
https://www.bbc.co.uk/sport/boxing/60549538,Fight Talk: Will Tyson Fury retire after Dillian Whyte fight or is he on a wind-up?,Will Tyson Fury hang up his gloves after facing Dillian Whyte? Plus Anthony Joshua announces new trainer and Amir Khan reportedly wants a rematch with Kell Brook. It's Fight Talk.,"In this week's Fight Talk, Tyson Fury says he will retire from boxing following the upcoming heavyweight clash with Dillian Whyte in April. But will the WBC champion actually hang up his gloves?

Also, after months of speculation, Anthony Joshua confirms his new head trainer and will Amir Khan invoke his rematch clause against Kell Brook after the one-sided nature of their clash last month?

Here's your weekly fix of boxing news.

British heavyweight championTyson Fury has said he will soon retire from boxing, claiming he has more money than he will ever need.

'The Gypsy King' is set to face Dillian Whyte at Wembley on 23 April.

Fury, a two-time heavyweight champion, has caused quite a stir with these comments and while some understand his reasoning, many fight fans don't think he will actually go through it.

Here's how social media reacted.

Fury can be considered a bit of a wind-up merchant - and Matchroom Boxing promoter Eddie Hearn has suggested he's not falling for it.

""If you believe anything Tyson Fury says, you're absolutely mad,"" Hearn said.

There are huge potential fights out there for Fury should he overcome Whyte.

The undefeated champion could fight Oleksandr Usyk in an undisputed clash or be involved in an all-British super fight against Anthony Joshua.

Fury has also welcomed a crossover fight with UFC heavyweight champion Francis Ngannou next year.

""I don't class that as a real boxing fight. That's going to be a special fight,"" he told The MMA Hour. ""That will be in a cage with 4oz gloves in Las Vegas at the Raiders Stadium.""

Where do you stand? Will Fury's fight against Whyte be the last time we see him in a competitive boxing bout? Are you interested in seeing a fight between Fury and Ngannou?

Get involved on social media using #bbcboxing.

Anthony Joshua has confirmed his new head trainer as the heavyweight prepares for a rematch against Usyk.

""I'm working with Angel Fernandez,"" Joshua told Boxing Social.

""Full time, video analysis, tactician, pad man, sparring, dietician, strength and conditioning, cardio. You know what I'm saying like? Yeah.""

Since losing to Usyk in London last September, 'AJ' has spent time in America in various boxing gyms linking up with renowned coaches including Eddy Reynoso, Virgil Hunter, and Ronnie Shields.

However, the 2012 Olympic gold medallist now seems set to remain in Britain with London-based coach Fernandez.

Here's how boxing fans reacted on social media.

What do you make of Joshua's new appointment? Let us know on social media using #bbcboxing.

The general consensus late on Saturday 19 February was that Amir Khan's time as a boxer was well and truly over.

The Bolton man was outclassed by rival Kell Brook in Manchester and looked a shadow of his former self.

Khan, 35, is a former unified light-welterweight world champion and hinted in the post-fight media conference that his time was up.

""I need to sit down with my family, but it is more towards the end of my career,"" Khan said after the loss. ""The love of the sport isn't there anymore. That is a sign for me that I should maybe be calling it a day.""

But in a somewhat unexpected turnaround, Khan could be set to invoke his rematch clause against Brook.

""I think the word on the street is true - Amir Khan doesn't want to call it a day,"" Boxxer promoter Ben Shalom told Sky Sports.

""I can't see it, but Amir is convinced. We'll hear his reasons in the next few days and we'll have to take it from there.""

Khan meanwhile posted this cryptic message on Twitter.

Allow X content?

This article contains content provided by X. We ask for your permission before anything is loaded, as they may be using cookies and other technologies. You may want to readXâs cookie policyandprivacy policybefore accepting. To view this content chooseâaccept and continueâ.

Sheffield's Brook responded to the news that Khan could be willing to fight again by telling Sky Sports: ""If he wants another whooping, he can have another whooping.""

Given how one-sided the first fight was, many boxing fans do not believe a rematch is needed.

Will a rematch between the two rivals pique your interest? Can you see the result turning out any differently? Let us know on social media using the hashtag #bbcboxing.

Covid pseudoscience?Delve into the conspiracy that gripped a picturesque British town

International Women's Day:Four strikes that made history

Boxing results 2022

British Boxing Board of Control",https://ichef.bbci.co.uk/ace/branded_sport/1200/cpsprodpb/85E3/production/_123457243_bbc-sport-fight-talk--6006d043-e261-4577-9e76-b1b5ae0bb0a1.png,Boxing
https://www.bbc.co.uk/sport/cricket/60658487,Women's World Cup: Alyssa Healy helps Australia beat Pakistan,Alyssa Healy helps Australia secure a comfortable seven-wicket win against Pakistan at the Women's World Cup.,"Healy leads Australia to win over Pakistan

Women's World Cup, Tauranga

Pakistan 190-6 (50 overs):Maroof 78, Riaz 53; King 2-24

Australia 193-3 (34.4 overs):Healy 72, Lanning 35

Australia won by seven wickets

Scorecard

Alyssa Healy helped Australia secure a comfortable seven-wicket win against Pakistan at the Women's World Cup.

Australia put their opponents into bat after winning the toss and Pakistan, with the help of 78 from Bismah Maroof, reached a modest 190-6.

Healy opened the batting for her side and scored 72 off 79 balls.

Rachael Haynes and Meg Lanning added 34 and 35 respectively as Australia, who beat England in their opening game, won with 15.2 overs remaining.

It was a second victory in a row for captain Lanning's side, while Pakistan, who were beaten by India in their first game, have yet to win at the tournament.

""Everyone's in really good form, we all got starts and I guess we're all feeling in good nick,"" Lanning said.

""Pakistan did extremely well and made it hard for us to take wickets so we were disciplined and kept that run rate in check.""

Pakistan's next game will be against South Africa on 11 March, with Australia playing hosts New Zealand a day later.

Covid pseudoscience?Delve into the conspiracy that gripped a picturesque British town

International Women's Day:Four strikes that made history

ECB: Women's Cricket",https://ichef.bbci.co.uk/ace/branded_sport/1200/cpsprodpb/17118/production/_123588449_hi074417042.jpg,Cricket
https://www.bbc.co.uk/news/world-us-canada-60666251,War in Ukraine: West hits Russia with oil bans and gas curbs,"The US bans Russian oil, targeting the Russian economy's ""main artery"" over its invasion of Ukraine.","Watch: US bans all Russian oil and gas imports

The US and UK are banning Russian oil and the EU is ending its reliance on Russian gas, stepping up the economic response to the invasion of Ukraine.

US President Joe Biden said the move targeted ""the main artery of Russia's economy"".

Energy exports are a vital source of revenue for Russia but the move is also likely to impact Western consumers.

Major brands have meanwhile continued to pull out of Russia, with McDonald's and Coca-Cola the latest to leave.

Russia's economy is heavily dependent on energy. It is the world's third-biggest oil producer, behind Saudi Arabia and the US.

Before the measures were announced, Russia warned of ""catastrophic"" consequences for the global economy and said it might close its main gas pipeline to Germany.

On the ground in Ukraine,civilians have been evacuated from two under-attack areaswhile the US has said up to 4,000 Russian troops may have been killed in the conflict.

The conflict has already sent petrol prices to record highs in the US and the UK and experts warn they could go even higher.

However, Venezuela could increase its oil production to help replace Russian oil.

Reinaldo Quintero, president of the association that represents Venezuelan oil companies told the BBC that the country could potentially raise its production levels by 400,000 barrels a day.

""I think we can reach 1.2 million barrels per day with the infrastructure we have right now at this moment. So that will make us able to supply the need, some of the need, to the North American market,"" he said.

President Biden's announcement followed pressure from both sides of the US political divide to do more to target the Russian economy.

""We're banning all imports of Russian oil and gas and energy,"" he said.

""That means Russian oil will no longer be acceptable at US ports and the American people will deal another powerful blow to [President Vladimir] Putin.""

Mr Biden admitted the move was ""not without cost at home,"" adding the decision was taken ""in close consultation"" with allies.

In a similar move, the UK is to phase out Russian oil imports by the end of 2022.

Could the world survive without Russian oil and gas?

EU unveils plan to end reliance on Russian gas

The UK Prime Minister, Boris Johnson, accepted that the move would not hit Russia immediately but added ""what it will do is add to the pressure we're already seeing on Russia and don't forget that the economic impact of the sanctions that the UK has led has been extreme"".

About 8% of US oil and refined product imports come from Russia, while Russia makes up about 6% of the UK's oil imports.

By contrast, the EU is much more reliant on Russian energy, so the bloc's response stopped short of a ban.

The European Commission said it would switch to alternative supplies and expand clean energy faster to fill the shortfall, with the aim of making Europe independent from Russian fossil fuels ""well before 2030"".

Watch: Five times Russians have stood up for Ukraine

""We're not standing here to say this is going to be in any way easy,"" said the European Commission's Vice-President Frans Timmermans.

""But I am also deeply convinced that even if it's not easy, even if it's very hard, it's something we need to do, because now it's also intimately linked to our security.""

Russia later announced plans to ban the exports of certain commodities and raw materials. The details are still to be worked out, but Russia is a major exporter of grain and metals.

Even countries with low Russian energy imports are set to feel the impact as the measures are likely to boost already high wholesale prices. Inflation is soaring in the US, EU and the UK, adding to the pressure on households.

The move adds to a long list of economic sanctions imposed against Russia following its invasion of Ukraine - the central bank has had its assets frozen, some Russian banks have been cut off from global payment networks and Germany suspended the Nord Stream 2 pipeline, which would have transported more gas from Russia to Germany.

But energy sales have continued to provide a source of cash despite the other financial restrictions.

Russia says it may cut gas supplies if oil blocked

How are sanctions affecting Russia's energy exports?",https://ichef.bbci.co.uk/ace/branded_news/1200/cpsprodpb/16846/production/_123603229_russiapump.jpg,US & Canada
https://www.bbc.co.uk/news/world-europe-60671329,War in Ukraine: Troops dig in near Kyiv,Ukrainians are determined to defend their capital city as Russian troops prepare for an assault.,"""We're here to destroy the enemy brigades,"" says Johnny Dragan (left)

The commander called himself Johnny Dragan, and he smoked each cigarette as fiercely as if it was going to be his last.

Dragan was strengthening a blocking position at a strategic crossroads north-west of Kyiv. If the Russians broke through, Dragan and his men would have to stop them. Behind him was a dual carriageway heading straight to Kyiv.

Off-duty soldiers were eating and resting at a restaurant on the crossroads that Dragan had taken over as his headquarters. The food was hearty, and they stacked their rifles in neat conical piles next to their tables.

Outside, the active shift was working during another bitterly cold day, with the snow settling on their shoulders. A tank was in position. A deadly-looking artillery piece was positioned to fire directly, over open sights, at anything coming down the road that Dragan decided was a threat.

""We're here to destroy the enemy brigades,"" he said. ""The occupiers who've come to our country - and are heading our way.""

A builder's lorry was lowering slabs of reinforced concrete with the crane it had used until a fortnight or so back to deliver housebuilding supplies. Destruction not construction has been happening since. It felt more urgent near the frontline today. Ukrainian troops inside and outside Kyiv are reinforcing checkpoints into barricades.

Dragan's men were close to Hostomel, a small and strategically important town. Fighting has not stopped there since the first morning of the war, when Russia airborne troops came in by helicopter to seize a cargo airport as a bridgehead.

Tanya says Hostomel ""used to be such a lovely place to live"" but now there is ""no house, no street and no town""

We picked up Tanya and Ivan, a couple in their 60s who had been walking for three hours to get out of Hostomel. It took 13 days, they said, to gather the courage to leave their freezing cellar.

Tanya described what they had seen on the first day of the war before they fled underground. ""When our guys blew up the bridge, we saw tanks and a car with the soldiers ahead of the column, but our guys did not let them goâ¦ The bridge was blown up and the car and everything was destroyed.""

When they emerged at dawn after nearly two terrifying weeks to walk towards Kyiv, about 20 miles (32km) away, everything had changed. Tanya wept a little as she remembered how it had been in Hostomel. ""It used to be such a lovely place to live. But when we came up this morning there was no house, no street and no town.""

Some destroyed buildings north-west of Kyiv are still smouldering

Many villages nearby, not just their home, are in ruins.

In buildings that are still burning a few traces of old lives are left; smouldering kitchens where families must have eaten, argued and loved. Dogs scavenge for food, waiting close to the rubble for owners who abandoned them.

Russian tactical and military blunders, plus well-organised and determined resistance, have bought the Ukrainians time to beef up for whatever comes next. That is not going to last indefinitely.

The barrage of international sanctions against Russia shows no sign of forcing President Vladimir Putin to change his mind. His public utterances reinforce what seems to be his determination to finish the job of crushing Ukrainian independence, which he tells the Russian people is a necessary step to protect themselves and their nation.

It is hard to overstate the gravity of the crisis caused by the invasion, and the years of tension that led to it. It is deadly serious because of Russia and the Nato countries' radically different views of the security and orientation of states that used to be firmly in the orbit of the Soviet Union.

The parties to the wider conflict, above and beyond the war in Ukraine, are armed with nuclear weapons that could destroy all of us. The chances that this war could somehow go nuclear are very low, despite Mr Putin's decision to increase the level of readiness of part of his arsenal.

But wars generate confusion and misperception, and the dangers of escalation are ever-present.

A local hospital that has been treating the wounded Ukrainian soldiers is being abandoned

Like most people who grew up in the Cold War, I cannot forget the relief I felt when it ended, and the joy of turning on the television on 9 November 1989 and seeing Germans dancing on the Berlin Wall.

It is hard to believe that more than 30 years later I have spent the day reporting on the Russian push into Ukraine, and the results of a failure by all concerned to build security that would stop Europe going back to its old ways.

A couple of miles from the Russians in Hostomel, Ukrainians were preparing to abandon a hospital that has been treating the wounded. They had been evacuated further away from the fighting, and the hospital director Dr Valerii Zukin was supervising staff wrapping sensitive medical equipment with bales of clingfilm. Beds were waiting to be picked up and trucked out.

My ship is sinking, Dr Zukin told me, and I am the captain so I will be the last to leave.

His voice rose as he said Ukrainians did not want food aid. Instead, they wanted weapons and a no-fly zone enforced by Nato.

""The Russians understand only the language of the power. I would like to use the words of the former Prime Minister of Israel, Golda Meir, who said it was impossible to negotiate with the man who came to kill you.""

It was a lonely and tense drive through the snow until we saw the suburbs of Kyiv. Ukrainian troops were dug into the woods, waiting.

In Kyiv, citizens like Maria are turning out for weapons training in case they have to defend themselves

LIVE:Latest updates from on the ground

SYMBOL:Why has 'Z' become a Russian pro-war sign?

IN LVIV:Chaos, upheaval and exhaustion for Ukraine's disabled children

EXPLAINED:Why Putin has invaded Ukraine?

IN DEPTH:Full coverage of the conflict

Are you in Ukraine? Is your family? Share your experiences by emailing.

if you are willing to speak to a BBC journalist. You can also get in touch in the following ways:

Upload pictures or video

you will need to to submit your question or comment or you can email us at. with any submission.

'No choice but to get weapons training' Video, 00:00:47'No choice but to get weapons training'

Where have Ukraine's millions of refugees gone?

Ukraine: Taking cover in a town under attack. Video, 00:03:41Ukraine: Taking cover in a town under attack

'Ukraine is united, don't be afraid of Putin' Video, 00:01:35'Ukraine is united, don't be afraid of Putin'

Chaos and tears trying to catch a train to safety

With placards and tears, Poles greet refugees like family",https://ichef.bbci.co.uk/ace/branded_news/1200/cpsprodpb/7512/production/_123607992_checkpoint.jpg,Europe
https://www.bbc.co.uk/news/av/uk-60668779,Ros Atkins onâ¦ The UKâs refugee response,"Ros Atkins looks at the UK's response to refugees fleeing Ukraine, and its family visa scheme.","Ros Atkins takes a look at the UK's response to refugees fleeing the war in Ukraine, and the family visa scheme it has set up.",https://ichef.bbci.co.uk/news/1024/branded_news/10C8E/production/_123605786_p0bt7q2l.jpg,
https://www.bbc.co.uk/news/business-60665877,"War in Ukraine: McDonaldâs, Coca-Cola and Starbucks halt Russian sales",Western companies are turning their backs on Russia amid sanctions and violence in Ukraine.,"Consumer giants including McDonald's, Coca-Cola and Starbucks have joined the list of firms halting business in Russia due to the invasion of Ukraine.

McDonald's said it was temporarily closing its roughly 850 restaurants in Russia, while Starbucks also said its 100 coffee shops would shut.

On Wednesday, Heineken stopped beer production and sales in Russia.

And Mothercare said all business in Russia, which represents 20% to 25% of its global sales, had been stopped.

Elsewhere, tobacco company Imperial Brands - the group behind brands including JPS and Davidoff cigarettes - said it was pausing production at its factory in Volgograd in a move impacting about 1,000 employees.

It has already suspended its operations in Ukraine over staff safety concerns.

Russia and Ukraine together accounted for 2% of Imperial's net revenues last year - about Â£656m.

Meanwhile, British American Tobacco has halted investment in Russia, but said its business in the country continues to operate.

The moves by McDonald's, Coca-Cola and Starbucks come after mounting pressure on companies to act over the war in Ukraine. All three firms said they would continue to pay their staff.

Anna MacDonald, a fund manager at Amati Global Investors, told the BBC Radio 4 Today Programme that firms who were joining the wave of firms leaving Russia were doing so because ""shareholders and wider stakeholders wouldn't stand for continued generation of revenues and profits"" from the country,

""It was affecting their share prices and the feeling was that it was just utterly inappropriate to continue to do so,"" she said.

Allow X content?

This article contains content provided by X. We ask for your permission before anything is loaded, as they may be using cookies and other technologies. You may want to readXâs cookie policyandprivacy policybefore accepting. To view this content chooseâaccept and continueâ.

McDonald's established a presence in Moscow in 1990 as the Soviet Union was opening its economy, and it drew thousands for its burgers and fries. Its closure now carries similar symbolic weight, and could influence other firms.

However, fast-food chain rival Burger King is currently keeping its Russian stores open. It committed $3m (Â£2.3m) to support Ukrainian refugees and said people fleeing to European nations could get free Whopper meal vouchers.

Restaurant Brands International, which owns Burger King, said it would redirect its profits from more than 800 franchised operations in Russia to humanitarian efforts.

The company told the BBC its Russian outlets were operated by franchisees with which it had ""long-standing legal agreements"" that were not easy to change currently.

McDonald's chief executive Chris Kempczinski said it was ""impossible to predict"" when it would reopen in Russia.

McDonalds has also temporarily closed its 108 restaurants in Ukraine.

Collectively the countries account for about 9% of the firm's revenue and about 2% of global sales.

Companies have been under pressure to act as Russian violence against civilians has escalated.

#BoycottMcDonalds and #BoycottCocaColahad both been trending on Twitter over recent days.

Dozens of well-known firms includingNetflix and Levi's have already suspended salesor stopped providing services in Russia amid severe sanctions imposed by Western allies.

Coca-Cola on Tuesday said it was suspending operations in Russia, which accounted for roughly 2% of the firm's operating revenue and income. It also has a roughly 20% ownership stake in a bottling and distribution business in Russia.

""Our hearts are with the people who are enduring unconscionable effects from these tragic events in Ukraine,"" the company said.

Pepsi, which has a much larger presence in Russia than rival Coca-Cola, said it was halting the production and sale of Pepsi and other global brands in Russia and suspending capital investments and advertising, citing ""horrific events"" in Ukraine.

But the company, which started operating in Russia during the Cold War and now employs 20,000 people there, said it would continue to offer other products.

""As a food and beverage company, now more than ever we must stay true to the humanitarian aspect of our business,"" boss Ramon Laguarta said. ""That means we have a responsibility to continue to offer our other products in Russia, including daily essentials such as milk and other dairy offerings, baby formula and baby food.""

Starbucks' plans to stop business in Russia include stopping shipments of its products.

The coffee chain's licensee in the country Kuwait-based Alshaya Group will continue to pay its roughly 2,000 staff members.

Other major global brands joining the backlash on Tuesday included the world's largest music company, Universal Music Group, which said it was suspending all operations in Russia and closing its offices there.

Unilever, maker of Marmite, Dove beauty products and PG Tips, among other brands, also said it had suspended trade with Russia and planned to halt its advertising and media spending and investment in the country.

It said it would continue to supply ""everyday essential food and hygiene products"" that are made in Russia.

L'Oreal, the world's biggest cosmetics company, is also shutting its stores and concessions in Russia and suspending online sales.

In response to the number of firms packing up, Russia has warned that it may nationalise production plants or factories where work has temporarily been suspended.

Andrei Turchak, secretary of the ruling United Russia party's general council, said on Monday evening: ""United Russia proposes nationalising production plants of the companies that announce their exit and the closure of production in Russia"", during what he described as a ""special operation"" in Ukraine.

Some firms have also defended plans to continue operating in Russia,including Uniqlo owner Fast Retailing, whose founder told Japan's Nikkei newspaper that ""clothing is a necessity of life"".

McDonald's and Coca-Cola boycott calls grow

Growing numbers of firms pull back from Russia",https://ichef.bbci.co.uk/ace/branded_news/1200/cpsprodpb/15A04/production/_123608588_starbucks-mcdonalds-coca-cola_getty-images.jpg,Business
https://www.bbc.co.uk/news/business-60670120,Ukraine war: Cost of filling diesel family car hits record Â£90,Diesel prices see their biggest daily jump in two decades as household budgets squeezed by rising energy costs.,"The cost of filling an average family car with diesel has topped Â£90 for the first time, as soaring oil prices hit household budgets.

The RAC motoring group said the average price of a litre of diesel rose 3p overnight to a record 165.24p - the biggest daily jump since 2000.

Tuesday's oil embargo on Russia for invading Ukraine has left governments searching for alternative supplies.

The UK gets 8% of its oil imports from Russia, but about 18% of its diesel.

A litre of petrol was now 158.2p, a 2p rise, the RAC said.

The latest jump in pump prices is likely to have been pushed higher by soaring wholesale costs before Tuesday's announcement that the UK intends to phase out its imports by the end of 2020.

A barrel of crude oil rose 1.3% on Wednesday, and experts say this will feed through into still higher retail prices.

RAC fuel spokesman Simon Williams said: ""The diesel daily increase was the second largest on record since 2000.

""The cost of a filling a 55-litre family car with petrol is now Â£87 - Â£7 more than it was at the start of the year. Diesel drivers are even worse off with a tank now costing more than Â£90 for the first time ever - Â£8 more than in early January.""

And he warned of more pain at the pump: ""Petrol is now certain to top an average of Â£1.60 a litre this week while diesel will progress very quickly towards Â£1.70.""

The US said on Tuesday it would immediately ban Russian oil and gas, and the EU vowed to cut is gas imports by two thirds this year.

Business Secretary Kwasi Kwarteng tweeted that the UK's transition would give its ""market, businesses and supply chains more than enough time to replace Russian imports"".

Allow X content?

This article contains content provided by X. We ask for your permission before anything is loaded, as they may be using cookies and other technologies. You may want to readXâs cookie policyandprivacy policybefore accepting. To view this content chooseâaccept and continueâ.

Robert Buckley, an energy analyst at Cornwall Insight, told the BBC the UK ban was ""largely symbolic"" because Russian oil was such a small part of its overall energy mix.

However, together with the US ban, and widespread boycotts by western companies, the move is likely to increase already high oil prices in the coming weeks, he said.

""This is a global market and you've got to replace that displaced supply somehow,"" Mr Buckley told the BBC.

""At the margin, this decision will act to support oil prices which are already extremely high.""

The price of Brent crude - the global oil benchmark - has climbed for weeks, hitting a 14-year high of $139 a barrel at one point on Monday. Prices jumped 7% on Tuesday after the sanctions were announced.

Oil sanctions take west into uncharted waters

West hits Russia with oil bans and gas curbs

Higher energy bills 'almost inevitable' says Ofgem

Western governments are trying to find alternative supplies and looking at how to increase output. This includes possible deals to unlock supplies from Iran or Venezuela - both of which face their own oil sanctions. However, talks are reportedly making very slow progress.

Russia, the Netherlands, and Saudi Arabia were largest sources of road diesel in 2020, according tothe latest Digest of UK Energy Statistics(Dukes). The three countries accounted for 62% of total road diesel imports in 2020.

The annual report also pointed out that the UK is one of the largest importers of diesel in the OECD group of biggest economies.

Mr Kwarteng told the Commons on Wednesday that a taskforce of officials and business would look into how the transition to alternative supplies could be implemented without hurting consumers. He said the taskforce would work with the US and Gulf states.

He said: ""Working with industry, we are confident that this can be achieved over the course of the year, providing enough time for companies to adjust and ensuring consumers are protected.""

The business secretary also said there should be more investment in North Sea oil and gas fields.

However, he declined to commit to restarting fracking for gas in the UK, as some MPs in the Conservative Party have called for. Instead, he echoed earlier comments by Prime Minister Boris Johnson that the government would look at all options.

Even before Russia invaded Ukraine, the UK's cost of living was rising at its fastest rate in 30 years amid surging global demand for oil and gas as pandemic restrictions eased.

But the war has added to this pressure, driving up the cost of not just fuel and energy but also other commodities like wheat and metals.

Food prices are rising

Nathan Piper, an oil and gas analyst at Investec, said the EU's decision on Tuesday to reduce its reliance on Russian gas was also likely to hit the UK.

Wholesale gas prices have been climbing for months and analysts expect the UK's energy price cap - which limits what consumers pay for gas and electricity - to rise to more than Â£3,000 a year for the average household when it is next reviewed in October.

""We are on the cusp of a prolonged period of high oil and gas prices, possibly lasting several years,"" Mr Piper told the BBC.

""You can't just cut the second largest gas producer and third largest oil producer out of global supply and not expect it to have big impact on consumers,"" he added.

He said there would be ""extreme fuel poverty"" over the next few years, with the government facing growing pressure to offer more support.

In research published on Tuesday, the Centre for Business and Economic Research (CEBR) warned that a combination of rising commodity and oil prices and sanctions was likely to have major impact on the UK economy.

It estimates that GDP growth this year will be more than halved - down from a previously forecast 4.2% to 1.9%.

West hits Russia with oil bans and gas curbs

Oil sanctions take west into uncharted waters

Higher energy bills 'almost inevitable' says Ofgem",https://ichef.bbci.co.uk/ace/branded_news/1200/cpsprodpb/4AC4/production/_123604191_gettyimages-679849520.jpg,Business
https://www.bbc.co.uk/news/uk-politics-60667964,Ukraine: Volodymyr Zelensky invokes Winston Churchill as he appeals to MPs,"Ukrainian president calls for Russia to be recognised as a ""terrorist state"" in a speech to the Commons.","President Zelensky: We will not give up, and we will not lose, we will fight to the end... whatever the cost

Volodymyr Zelensky has invoked the words of Britain's wartime leader Winston Churchill as he appealed to MPs for more help at home.

The Ukrainian president spoke to the Commons via video, thanking the UK for its support since Russia's invasion, and receiving a standing ovation.

But he called for Russia to be named a ""terrorist state"" and for allies to ""make sure our skies are safe"".

""We will not surrender, we will not lose, we will go to the end,"" he added.

Prime Minister Boris Johnson said the leader had ""moved the hearts of everybody"" watching, and pledged to ""press on with tightening the economic vice"" around Russian President Vladimir Putin.

Labour leader Sir Keir Starmer also praised ""the bravery [and] the resolve"" of the president and his people, adding: ""He has shown his strength and we must show him - and the Ukrainian people - our commitment and support.""

Civilians evacuated from devastated Ukranian towns

Day 13 in maps: Evacuations begin after cities shelled

UK to boost lethal and non-lethal Ukraine aid

Speaking to MPs and peers in the Commons, President Zelensky gave a day-by-day account of the invasion by Russia, which began a fortnight ago.

He described how it was a war Ukraine ""didn't start and we didn't want"", but his country now had to fight.

""We do not want to lose what we have, what is ours... just the same way as you once didn't want to lose your country when the Nazis started to fight your country and you had to fight for Britain,"" he added.

The president also spoke of the 50 children ""that could have lived"" but were killed by Russian forces, along with those of his people dying from dehydration where their cities had been blockaded by Russia.

MPs and peers gathered in the Commons to listen to the address through headsets and watch the president on large screens

In a nod to one of former British Prime Minister Winston Churchill'sfamous speeches from 1940, the president said he wanted to ""remind you of the words Britain heard already, which become current again"".

He said: ""We will not surrender, we will not lose, we will go to the end.

""We will fight at sea, we will fight in the air, we will protect our land.

""We will fight everywhereâ¦ and we will not surrender.""

He also turned to a William Shakespeare quote in his address.

""To be or not to be,"" said President Zelensky. ""You know the Shakespeare question very well.

""Thirteen days and that question still could have applied to Ukraine.

""But now, already, it is obvious it is 'to be' - it is obvious it is to be free.""

Alongside his British cultural references, President Zelensky also hinted towards his previous appeal for a no-fly zone over Ukraine, saying: ""We still have the sky open, it is still open to Russian missiles planes and helicopters.""

He also called for allies to ""strengthen the sanctions against the terrorist state [Russia], finally classify it as a terrorist state [and] find a way to make our Ukrainian skies safe"".

The leader concluded his speech by saying: ""Do what you can, do what you must, because greatness obliges greatness, of your state and your people.

""Glory to Ukraine and glory to Great Britain.""

MPs crammed into every corner. Members of the House of Lords packed the public galleries high in the chamber. Parliamentary staff huddled close to peer through the stone arches, almost in the roof, to watch.

After a few minutes of chatter, with MPs fiddling with their headsets to ensure they would be able to hear the translation of the speech, there was hush.

Then alone at his desk, only a Ukrainian flag for company, President Volodymyr Zelensky appeared on screens to speak to MPs and, of course, to the country.

Ukraine's leader told of his country's pain as each day, a war ""we did not start"" progressed. Bombs falling on schools. Churches destroyed. Children's hospitals attacked. Food and water running low in some parts.

He thanked the UK for its support, urging the government to tighten sanctions still further, to protect Ukraine's skies, even though enforcing a no-fly zone is a step - a risk - that the UK and its allies just aren't willing to take yet.

Yet the message that brought tears to some MPs' eyes was Mr Zelenksy's utter defiance.

Read more from Laura here.

Leaders of the main political parties in the Commons then made speeches to praise President Zelensky's efforts against the Russian Invasion.

Mr Johnson said: ""At this moment, ordinary Ukrainians are defending their homes and their families against a brutal assault, and they are by their actions inspiring millions with their courage and their devotion.

""And I think today, one of the proudest boasts in the free world is, 'Ya Ukrainets' - 'I am a Ukrainian'.""

Sir Keir added: ""Invading troops march through [President Zelensky's] streets, shells reign down on his people, and assassins seek his life.

""No-one would have blamed him for fleeing. But instead, he has stayed in Kyiv to lead the Ukrainian people and to fight.

""Labour stands with President Zelensky, with Ukraine, with democracy. Slava Ukraini.""

SNP Westminster leader Ian Blackford also said he saluted the Ukrainian leader, adding: ""We stand with the people of Ukraine on the basis of the act of aggression, on the act of war of Putin.

""We must do all that we can to send support to Ukraine, to send the weapons that they need to defend themselves, to make sure that we sanction the regime in Moscow, that we deliver the clearest message to President Putin - that this will end in failure for him, that he will face justice at the international court.""",https://ichef.bbci.co.uk/ace/branded_news/1200/cpsprodpb/B054/production/_123604154_ukparliament_jessicataylor-10.jpg,UK Politics
https://www.bbc.co.uk/news/uk-60671843,Private jet linked to oligarch impounded in UK,Officials are investigating whether the plane is permanently leased to oil tycoon Eugene Shvidler.,"The UK has made it a criminal offence for planes owned or chartered by Russians to enter UK airspace

A private jet has been impounded at Farnborough Airport in Hampshire as authorities investigate its connection with a billionaire Russian oligarch.

The jet flew into the country last Thursday and UK officials believe oil tycoon Eugene Shvidler was on board.

They are now investigating whether the plane is permanently leased to Mr Shvidler and falls under UK sanctions.

The Luxembourg-registered jet was due to take off from the UK to Dubai, but officials have now prevented this.

It comes as the UK announced new sanctions on Russian aircraft.

Ministers are making it a criminal offence for planes owned or chartered by Russians to enter UK airspace, and new trade sanctions will prevent all UK exports of aviation or space-related technology to Russia.

Mr Shvidler has himself not been personally sanctioned by the UK at any stage.

Could the world survive without Russian oil and gas?

McDonaldâs, Coca-Cola and Starbucks halt Russia sales

Zelensky invokes Churchill as he appeals to MPs

Who are the mega-rich Russians facing sanctions?

Announcing the new measures, Foreign Secretary Liz Truss said the changes would inflict further ""economic pain on Russia and those close to the Kremlin"".

She added the government would continue to support Ukraine and ""work to isolate Russia on the international stage"".

Transport Secretary Grant Shapps said the UK was ""one of the first countries to ban Russian aircraft and today we are going even further by making it a criminal offence for Russian aircraft to operate in UK airspace"".

""We will always work to deny [Russian President Vladimir] Putin and his cronies the right to continue as normal while innocent Ukrainians suffer.""

Nick Watt, political editor of BBC Two's Newsnight, said the measures would address the ""grey area"" of private jets that are registered in a third country being chartered by wealthy Russians.

Sources told Newsnight that identifying a plane as Russian is not just a matter of following it on a radar, but about ""detective work"" to establish its true origins.

The new sanctions come shortly after the UK government confirmed it would introduce a ban on all Russian oil by the end of the year,with a similar move announced by the US..

West hits Russia with oil bans and gas curbs

McDonaldâs, Coca-Cola, Starbucks halt Russia sales

Zelensky invokes Churchill as he appeals to MPs",https://ichef.bbci.co.uk/ace/branded_news/1200/cpsprodpb/10464/production/_123606666_gettyimages-973363092e.jpg,UK
https://www.bbc.co.uk/news/world-europe-60659363,Ukrainian actor Pasha Lee killed in Russian bombardment,"Pasha Lee, 33, had signed up to defend his country at the start of the war.","Pasha Lee was a rising star on Ukrainian TV but was already well known on the big screen there

Talented Ukrainian actor and TV presenter Pasha Lee has been killed in battle as Russian forces bombarded the town of Irpin outside the capital Kyiv.

Lee, 33, had signed up for Ukraine's territorial defence force in the first days of the war.

A resident of Irpin, he appeared in several films and his voice featured in the Ukrainian versions of The Lion King and The Hobbit.

He is one of a number of public figures killed in the Russian invasion.

Investigative journalist Viktor Dudar was killed on the front line during a battle with Russian troops near the southern city of Mykolaiv, Ukrainian reports said.

Pavlo Li, as the actor was formally known, was born in Crimea in 1988 and had recently begun presenting a show on Dom TV, a Ukrainian channel originally aimed at audiences in the eastern areas seized by Russian-backed separatists in 2014.

Channel head Yulia Ostrovska told Ukraine's national union of journalists that he was the ""most cheerful and sunny"" of the presenters on the show.

Lee starred in TV talent shows Star Factory and X-Factor as well as a number of films including the 2016 release SelfieParty, involving four students who wake up in a police station after a night on the town, unaware of how they got there.

As a young actor in 2006 he starred in a teen-horror movie called The Pit but more recently featured in the comedy Meeting of Classmates.

Irpin, the town 20km (12 miles) north-west of Kyiv where he lived, has been bombarded for days by Russian artillery, with shocking scenes of death, destruction and families rushing to escape.

Residents of Irpin have been fleeing the Russian assault on their city, which is half an hour's drive from Kyiv

Residents were able to get out of Irpin as well as the north-eastern city of Sumy on Tuesday as part of a Russian evacuation corridor, heading for the central city of Poltava.

Civilians evacuated from two areas under attack

Days before Pasha Lee was killed he posted a link to a Ukrainian refugee charity, urging people either to approach them for help or to volunteer.

In his final Instagram post he posted a photo showing him and a colleague with the cheerful message that they were smiling because ""we'll be ok and everything will be Ukraine"".

Allow Instagram content?

This article contains content provided by Instagram. We ask for your permission before anything is loaded, as they may be using cookies and other technologies. You may want to readMetaâs Instagram cookie policyandprivacy policybefore accepting. To view this content chooseâaccept and continueâ.

LIVE:Latest updates from on the ground

HELL IN IRPIN:Families on foot flee bombs

SYMBOL:Why has 'Z' become a Russian pro-war sign?

IN LVIV:Chaos, upheaval and exhaustion for Ukraine's disabled children

IN DEPTH:Full coverage of the conflict

Civilians evacuated from two areas under attack

'It's hell, really hell' - Families on foot flee bombs",https://ichef.bbci.co.uk/ace/branded_news/1200/cpsprodpb/10480/production/_123588666_3e28e892-8c41-4637-8a72-e034a59c9784.jpg,Europe
https://www.bbc.co.uk/news/education-60659304,Almost two million pupils regularly missing school,The number of children missing at least half of school is also greater than previously thought.,"Blake started dropping out of school in year 8

Almost 1.8 million children missed at least 10% of school in the autumn term in England, according to new estimates.

The number of children missing at least half of school is also greater than previously thought, at 122,000.

The figures are based on information gathered from 145 councils for the Children's Commissioner.

Dame Rachel de Souza said urgent action was needed to identify the children most at risk, and the reasons why they miss school.

The investigation follows concerns some pupils have never fully returned to lessons after national lockdowns during the Covid pandemic.

It also found no reliable figures for children who never go to school at all, raising the prospects of a small, but vulnerable group of children who are entirely out of sight, and thus impossible for the authorities to keep safe.

Dame Rachel said: ""I'm extremely concerned, I'm surprised at the size of it.

""I'm worried about children missing education but also safeguarding and helping those who most need to be back at school to be back.""

She said thought needs to be given about how to make sure children under the age of 18 don't fall through the gaps between school and social services.

""I'm very keen we start to work with a unique identifer for children, that could be the NHS number or one of the other numbers that already exist.""

The latest estimates suggest persistent absence from school - missing more than 10% - is at a rate almost twice as high as before the pandemic.

The Department for Education said it had launched a pilot programme to improve the quality of school attendance data.

Blake, who is now 15, started skipping school when he was in year 8.

""I started saying 'I'm going to school' and would just go somewhere else for a few hours. Then when lockdown came I did no work and I got even further behind than I was already.

""I had big gaps in my knowledge and that was dead hard to fill.""

Blake lost confidence and found it harder and harder to return to lessons.

His school arranged for him to join a programme for pupils with low attendance at The Hive youth zone in Wirral, where he now has one-to-one tutoring.

As a result Blake will sit some GCSEs this summer and expects to pass Maths and English, allowing him to take up the offer of work and training in a restaurant.

Steve Fogg works with teenagers who aren't attending school

Steve Fogg, who runs the course working with small groups of teenagers, fears more will fall through the gaps in the system coming out of the pandemic.

""It's become much worse, young people got used to not going to school, and if they were having a bad experience before the pandemic, their anxieties rise being forced back into school.""

The reasons more teenagers are not attending are varied, but a loss of social and academic confidence is visible after the disruption of recent years.

Even schools that have previously had very good attendance are seeing an increase in persistent absence.

That's the case at St Margaret's Church of England Academy in Liverpool, where Stephen Brierley is the headteacher.

They have a dedicated family liaison officer who gets to know parents or carers and work with them to find out what the barriers are to teenagers returning.

Stephen Brierley said the pandemic had made things worse

""There are some that have got out of the habit of coming to school, and some have extra social needs so have found it difficult to make that leap to come back to school.""

Mr Brierley isn't surprised there are some children who have never been to school at all.

He has dealt with isolated cases of being asked by parents if he can find a place for a teenager who has not received any formal education, in school or through home education.

Such cases are reported to the council because it raises potential concerns about the child's welfare.

""If they are not in school they are at risk of criminal exploitation or being in harms way - it's safer for them to be in school.""

In the meantime schools and parents face the challenge of teenagers who have disengaged during the pandemic.

Blake says his experience shows its worth persisting: ""If you've tried school and know you can't do it, try to find an alternative.

""You're going to need your GCSEs, and you may as well do them now as later.""

A million pupils out of school as Covid worsens

Search begins for 100,000 absent pupils in England",https://ichef.bbci.co.uk/ace/branded_news/1200/cpsprodpb/EA42/production/_123607995_blake.jpg,Family & Education
https://www.bbc.co.uk/news/health-60661260,Stool tests might help spot early pancreatic cancer,"Detectable changes involving gut microbes ""could provide"" a warning sign that a tumour is present.","Stool tests might provide a useful way to help doctors spot early pancreatic cancer, say researchers.

They have been trialling the concept in a study with 136 volunteers.

The findings, describedin the journal Gut, suggest detectable changes involving gut bugs could provide a warning sign that a tumour is present.

Pancreatic cancer often doesn't cause symptoms in the early stages. That means it is usually more advanced and harder to treat when it is found.

As the cancer grows it may cause vague symptoms, such as indigestion, changes to bowel habit and some tummy or back pain. Some people see their GP several times before being diagnosed.

Know the signs of pancreatic cancer

Currently, fewer than one in 20 of those with the most common form - ductal adenocarcinoma - will survive for five years or more. Earlier detection could improve those odds.

The Spanish team behind the work recruited patients from two hospitals - one in Madrid and the other in Barcelona. Only some of the patients had pancreatic ductal adenocarcinoma, while the others were selected as controls for comparison.

The researchers collected and analysed spit and stool samples from the volunteers to see if there was any discernible difference between the groups.

While the saliva samples drew a blank, the stool ones did show a difference that the team believe could be useful for helping to diagnose pancreatic cancer.

It was a distinct pattern or genomic profile of gut bacteria, fungi and other microbes.

This consistently identified patients with the disease, irrespective of how far it had progressed, suggesting that characteristic microbiome signatures emerge early on and that the stool microbiome might pick up early stage disease, say the researchers.

They recommend more studies - and some are already taking place.

Independent researchers in Germany have validated the findings in a small number of patients, and the test is also being trialled in Japan.

'We thought mum's cancer was food intolerances'

Signs of pancreatic cancer may be missed

Gut journal",https://ichef.bbci.co.uk/ace/branded_news/1200/cpsprodpb/135C3/production/_123599297_capture.png,Health
https://www.bbc.co.uk/news/technology-60670539,Online Safety Bill tweaked to target scam ads,Social media sites may soon be legally required to stop scam adverts under new online safety laws.,"Consumer groups welcomed the proposed changes, but called for greater resources for enforcement

Social media sites and search engines could soon have to stop paid-for scam adverts appearing by law.

The updated proposal is part of the Online Safety Bill, a piece of landmark legislation trying to determine how sites deal with harmful content.

Campaign groups say being a scam victim can cause both financial and emotional devastation.

The government is also launching a consultation into how online advertising is regulated.

Under a new legal duty being added to the bill, platforms will be required to put in place processes to block ads appearing online and remove them if they slip through the net.

The idea is intended to better protect people from scams where criminals impersonate celebrities or companies to steal personal data, peddle unsafe financial investments or break into bank accounts.

Culture Secretary Nadine Dorries said: ""We are also announcing a review of the wider rules around online advertising to make sure industry practices are accountable, transparent and ethical - so people can trust what they see advertised and know fact from fiction.""

Martin Lewis, who founded Moneysavingexpert.com, and consumer group Which? both welcomed the news - they had called for scams to be included in the bill.

Mr Lewis described an ""epidemic of scam adverts"", adding: ""Scams don't just destroy people's finances - they hit their self-esteem, mental health and even leave some considering taking their own lives.

""The government now accepting the principle that scam adverts need to be included, and that firms who are paid to publish adverts need to be responsible for them, is a crucial first step.""

""Until now, only user-generated scams were covered - which risked pushing more scam ads, incentivising criminals to shift strategy.""

But the consumer champion thinks the scope of the bill could be wider.

""We need to analyse and scrutinise this update - one of my concerns is it looks like display advertising that you see on third-party websites is not within the scope of the bill when it comes to scam adverts.""

Anabel Hoult, Which? chief executive, added: ""This could make a huge difference to stemming the tide of fake and fraudulent ads on social media and search engines which cause devastating financial and emotional harm to innocent victims.

""The Online Safety Bill must now ensure that the regulator has the support and resources it needs to hold companies to account and take strong enforcement action where necessary, so that fraudsters are prevented from using adverts to lure unsuspecting victims.""

It is hoped the ban on paid-for scam ads will make people feel safer online

Separately, the government is launching a consultation on proposals to tighten the rules for the online advertising industry.

Social media influencers could face stronger penalties for failing to declare properly when they are being paid to promote products online.

Hashtags including ""#ad"" or ""#spon"" are often used in posts, but studies suggest some Instagram stars do not adhere to the rules.

Harmful or misleading adverts, such as those promoting negative body images, could also be subject to tougher rules but exactly how has yet to be ironed out.

The communications regulator Ofcom will set out further details on what platforms will need to do to fulfil their new duty in codes of practice.

It could involve ID checks for those who publish ads, and ensuring that financial promotions are only made by official firms.

Porn sites will be required to verify users' age

Online Safety Bill : What to expect

Government lays out plans to protect users online",https://ichef.bbci.co.uk/ace/branded_news/1200/cpsprodpb/4934/production/_123604781_gettyimages-934803280.jpg,Technology
https://www.bbc.co.uk/news/uk-60667111,Prince Andrew pays settlement ending sex assault case,A US judge has signed off court papers concluding the court case brought by Virginia Giuffre.,"Prince Andrew and Virginia Giuffre have settled the court case

The Duke of York is paying a financial settlement to his accuser Virginia Giuffre - formally ending a civil case brought against him in the US, according to court documents.

A judge in New York signed the court papers on Tuesday, marking the final stage of settling the sex assault case.

The amount being paid by Prince Andrew in the deal agreed last month has not been revealed.

But the court documents say each side will ""bear her/his own costs and fees"".

There has been speculation about how Prince Andrew might afford the settlement, which could cost millions of dollars.

There have been suggestions he could use funds from selling a ski chalet in Switzerland - but the sale has so far not been completed, according to Prince Andrew's representatives on Tuesday.

Prince Andrew settles US sex assault case

Prince Andrew loses titles and use of HRH

Is there any way back for Prince Andrew?

Prince Andrew: Where does he get his money from?

A statement from the Treasury, in response to a Freedom of Information request, ruled out any public funding: ""No public money has been used to pay legal or settlement fees.""

There have been suggestions that the Queen could help to pay, using her private funds, but Buckingham Palace had declined to comment.

The latest ""stipulation of dismissal"" court papers showed the case being concluded, following the agreement reached between Prince Andrew and Ms Giuffre in February, which stopped the prospect of a courtroom battle in New York.

The signing of the papers by US district court judge Lewis Kaplan marks the end of this high-profile legal claim.

The out-of-court settlement accepted no liability and Prince Andrew has always strongly rejected claims of wrongdoing.

But the prince agreed to pay an unspecified amount to Ms Giuffre and to her charity for victims' rights.

He also said he ""never intended to malign Ms Giuffre's character"" and he recognised she had ""suffered both as an established victim of abuse and as a result of unfair public attacks"".

The duke also pledged to ""demonstrate his regret for his association"" with the sex offender Jeffrey Epstein.

In the wake of the claims, Prince Andrew lost military titles and royal patronages as well as the use of the title His Royal Highness.",https://ichef.bbci.co.uk/ace/branded_news/1200/cpsprodpb/1615D/production/_123016409_mediaitem122568623.jpg,UK
https://www.bbc.co.uk/news/health-60662357,Vamps star tells of liposuction body-image pressure,James Brittain-McVey tells MPs he wishes he had talked to friends about worries over how he looked.,"James Brittain-McVey told MPs about his struggle to conform when starting out with his band, The Vamps

The Vamps' lead guitarist, James Brittain-McVey, has told MPs pressure to conform led him to have liposuction to remove breast tissue, aged just 20.

At a committee discussing the impact of body image on physical and mental health, the musician said he wished he had opened up to friends at the time.

And he said no doctor had ever asked if he was sure he wanted to have surgery.

Concerns over weight or body shape can often lead to eating disorders, which are particularly common in teenagers.

Two leading medical organisations have told BBC News GPs are not receiving the right support to treat eating disorders.

Doctors said they needed more time with patients and more specialist units.

Brittain-McVey, 27, said he had started worrying about how his body looked aged 14-15.

At school, he struggled to feel he fitted in - and that led him to the gym, prompted by what he saw advertised on social media and by ""big American surf style companies"".

""I had one of their shopping bags in my bedroom, of a guy ripped on a beach in Malibu, and I think unconsciously every morning I would think that is what I need to look like,"" the musician said.

""Social media encouraged me to fall further down that rabbit hole.

""The first thoughts I would have when I woke up in the morning was, 'Should I be eating that, am I going to be able to get to the gym?""'

Support needed for GPs to treat eating disorders

Record number wait for eating disorder treatment

Plans to ban unlicensed Botox providers in England

He described worrying about what he ate aged 15-16 - and by the time The Vamps started, he decided to have surplus natural breast tissue in his chest, a condition calledgynaecomastia, removed.

""People presume it was me striving for vanity - but it was pressure to conform to stereotypes and gender constructs,"" Brittain-McVey said.

""And before I realised it, my whole life was controlled by this chase to look a certain way.""

His family was supportive of his decision but he was too embarrassed to tell many of his friends or bandmates.

The government should be ""clamping down on advertising"", he said, so ""bodies represent society and not unachievable bodies"".

""I worry about future generations,"" Brittain-McVey said.

""How on earth are they meant to feel comfortable within their skin if you go on apps now and you scroll and see another person that looks a certain way?""

Cosmetic-surgery advertsare to be banned from targeting children in the UK, from May.

Asked if any doctors had discussed with him why he wanted liposuction, Brittain-McVey said: ""Before surgery, I don't think anyone said, 'Are you sure?'""

In 2018, he joined ITV's I'm a Celebrity...Get Me Out Of Here! and came out of the Australian jungle having lost 4-5kg (11lb).

""My wife was shocked how ill I looked - but I was happy I had a six-pack again,"" he said.

The programme had been ""brilliant"" - but it had made him focus on the way he looked ""more than ever"".

""I still feel a pressure to look a certain way and that's why I worry for a lot of our fan base,"" he told the MPs.

The committee is consideringwhether NHS training on body-image issues should be changed and whether there is enough support, advice and regulation to ensure patient safety.

Plans to ban unlicensed Botox providers in England

Exclusive: Beauticians break teen lip filler law

Cosmetic surgery ads to be banned for under-18s

Young teens now banned from getting Botox

Overview â Eating disorders - NHS",https://ichef.bbci.co.uk/ace/branded_news/1200/cpsprodpb/16589/production/_123592519_gettyimages-1151739693.jpg,Health
https://www.bbc.co.uk/news/world-europe-60670173,'We are not co-operating': Life in occupied Ukraine,"Ukrainian cities are now occupied by Russian troops, and residents are not making them feel welcome.","The scene in Melitopol. ""We have not stopped protesting,"" one resident said

In the southern Ukrainian city of Melitopol on Monday, the mayor Ivan Federov sat down at his desk to send out his daily Facebook update.

He told his followers that the Russian forces occupying the city had now taken control of the city's communications network, so they needed to be wary of what they heard on TV and the radio.

How many people would see his warning, he didn't know. Melitopol's internet connection had also all but disappeared, making it nearly impossible to reach people inside by WhatsApp or Telegram call, or stay connected for more than a few minutes.

The ordinary phone lines were no longer an option, Federov told the BBC, when the Telegram app finally connected. ""We cannot use,"" he said. ""Too easy for the Russians to listen in.""

When the invading forces took control of Melitopol a week ago they ransacked the mayor's offices, Federov said, exiling his team to another location where they are attempting to continue running their city.

""We are not co-operating with the Russians in any way,"" Federov said emphatically. ""They have not tried to help us, they cannot help us, and we do not want their help.""

The Russian president, Vladimir Putin, has claimed he is liberating historically Russian lands and speakers from a Nazi regime. But in Melitopol and a string of other mainly-Russian speaking southern and eastern cities, his forces have found themselves treated as occupiers.

Russian military vehicles are seen on the street in Kherson, south-eastern Ukraine

""There are protests in Melitopol every day,"" said Yuliya Kovaliova, 33, who before the invasion helped run her family business of electronics stores.

""At some point the Russian army started shooting at us and one man got shot but we have not stopped protesting,"" Kovaliova said. ""We are not afraid to protest because we are together. We are afraid to walk alone at night, but we are not afraid to protest.""

About 5,000 people gathered in Melitopol's central square on Tuesday, Federov reckoned, despite the shooting last week, which wounded a man in the leg. Videos have surfaced showing protests in occupied and part-occupied cities and towns across the region - Kherson, Berdyansk, Starobilsk, Novopskov. The BBC reached residents and local mayors to try to understand the situation inside.

""I don't know how to count the number of people protesting, I thought it was 2,000 at least,"" said Yunona, a 29-year-old IT worker in the southern city of Kherson. ""One of our friends was beaten and taken by the Russian soldiers and people got so angry they chased the occupiers down the street and took him back.""

The Russian troops in Kherson looked young and uncertain, said Olha, a 63-year-old English teacher. ""We go to the protests every day and they are close to us but they look afraid,"" she said. ""We are all just waiting for the Ukrainian army to kick them out.""

Berdyansk in the south-east has also seen protestors take to the streets

Reports of serious violence against Ukrainian protesters have been limited, for the most part Russian forces seem to be tensely watching. But some local mayors were facing a dilemma - how much to encourage their citizens to take to the streets.

""Our people need to protest but they also need to save their lives,"" said Federov, the Melitopol mayor. ""I have asked them - please do not go near the Russian soldiers, go around them.""

Vadym Gaev, the mayor of Novopskov, a town near Donbas, told the BBC there had been daily protests but they had stopped three days ago when Russian soldiers shot three protestors - non-fatally - and beat another. Gaev said the Russian troops told an intermediary they had authorisation to shoot protesters, so there should be no more protests.

Novopskov appeared to be an example of a strange and uneasy scenario playing out in some parts of Ukraine, where local Ukrainian officials were continuing to function in some form but Russian military forces were in control. In the occupied city of Starobilsk, nearby, mayor Yana Litvinova was also working remotely, she said.

""A new 'administration' has been appointed. The only thing we know is that it is going around government buildings and asking people to co-operate, and they are refusing.""

President Zelensky: We will not give up, and we will not lose

Gaev and his team left town when Russia seized Novopskov, in order to keep his administration running - a move he said had divided residents, some of whom accused him of a betrayal while others said they were grateful he was still able to work.

Two residents of Kherson told the BBC they thought the mayor there had betrayed the city by co-operating with Russian forces - an accusation circulating in Telegram chat groups. Two others said he was simply doing what he could to ensure the city kept running.

The mayor of Kherson, Igor Kolykhayev, told the BBC: ""If I had betrayed the city would I still be here? I am in the office every day, working with my team to keep things running.""

The priority was to restart food production and get people back to work, Kolykhayev said.

""We are running out of food and there is no aid coming in, it's just not happening,"" he said. ""So we are telling everyone in the city: make any food you can make, manufacture anything you can manufacture.""

LIVE:Latest updates from on the ground

SYMBOL:Why has 'Z' become a Russian pro-war sign?

RUSSIA MOTHERS:'How do I get my soldier son back?'

EXPLAINED:Why Putin has invaded Ukraine?

IN DEPTH:Full coverage of the conflict

Most residents who spoke to the BBC from the occupied cities said food was fast running out.

""Shops are almost empty. You can buy the things that are left but very few things are left,"" said Yuliya Kovaliova, the electronics shop owner from Melitopol. ""Pharmacies are empty and my mother can't buy her heart medicine.""

Kovaliova said that two Russian trucks with humanitarian markings came into the city centre last week and attempted to hand out food, but they also brought a film crew. Nearly everyone refused, she said.

""Later we saw on it on TV. Russia has taken over the TV towers here so we only have one Russian channel being shown now and it was showing people taking the food and saying how thankful they are to the Russian humanitarian convoy.""

Maxim, a 22-year-old piano teacher in the city, also described the supposed humanitarian convoy. ""They were filming and people said actors arrived to take the food,"" he said. Yunona, the IT worker in Kherson, said she saw the same thing there, and Ukrainian media reported on the phenomenon in Berdyansk.

Ivan Federov, the mayor of Melitopol, said he had heard about these 'humanitarian convoys' too. But there were ""no real Russian trucks and no real Russian food,"" he said.

""They could open humanitarian corridors at any time to allow food and medicine in, but they do not want to. We know, we have tried.""

On Tuesday afternoon, as usual, Federov put out his daily Facebook update, appealing to anyone in the city who could afford it to pay their utility bills and congratulating Ukraine's women on International Women's Day. ""I'm sure the war will end soon and we will celebrate all our holidays in a peaceful, Ukrainian Melitopol,"" he said.

Svitlana Libet contributed to this report

Are you in Ukraine? Is your family? Share your experiences by emailing.

if you are willing to speak to a BBC journalist. You can also get in touch in the following ways:

Upload pictures or video

you will need to to submit your question or comment or you can email us at. with any submission.",https://ichef.bbci.co.uk/ace/branded_news/1200/cpsprodpb/16026/production/_123605109_mediaitem123604343.jpg,Europe
https://www.bbc.co.uk/news/58888451,Russia sanctions: What impact have they had on its oil and gas exports?,"Many countries are cutting back on Russian energy imports, but others are still buying.","Since Russia's invasion of Ukraine, many countries have pledged to end or restrict their oil and gas imports to curtail Moscow's revenues and hinder its war effort.

The Russian economy is highly dependent on its energy sector, and Europe is a major importer of Russian energy, making cutting back difficult.

EU nations haveended imports of Russian oil brought in by sea, and a ban on refined oil products will come in from 5 February.

The United States said last March it would stop importing Russian oil, and the UK said it was banning Russian crude oil and refined productswith effect from 5 December.

European countries have sought to reduce their dependence on Russian gas

An oil price capapproved by Western allies in Decemberalso aims to prevent Russia getting more than $60 (Â£48) for a barrel of crude oil.

Russia's gas sector has also been targeted. The EU said in March it wouldcut gas imports from Russia by two-thirds within a year. The UK, which only imported small quantities of Russian gas, it has now ended this altogether.

Urals oil is currently being exported from Russia's north western sea port of Primorsk for around $40 per barrel, from where it has largely gone to European destinations.

The value of Russian oil from other ports and pipelines varies, but the Urals price has fallen across the board since the EU banned imports of Russian oil by sea.

The price cap on Russian oil was agreed by the world's major economies at the same time. But energy analyst Ben McWilliams believes it is the EU oil embargo impacting the price, rather than the price cap.

""Russian oil is being traded at around $50 (Â£40) per barrel. That has been driven by the embargo because Russia now has to try to sell elsewhere.""

Moscow is losing out on about $175m (Â£140m) a day from fossil fuel exports due to these measures, according toa study by the Centre for Research on Energy and Clean Air (CREA).

India is taking advantage of cheaper oil imported from Russia

Major Russian banks have also been removed from the international financial messaging system Swift.

Countries continuing to trade with Russia have sought ways around this. Both China and India are increasingly making their oil and gas purchases in their local currencies.

India, China and Turkey all ramped up their purchases of Russian oil last year - and together they now make up 70% of all Russian crude flows by sea.

And Russia was offering its oil at a significantly lower price than the global benchmark Brent crude.

At the start of 2022, Russia supplied less than 2% of India's oil imports, but it is now on course to become its largest single supplier.

China's imports of Russian oil have fluctuated, but have also risen over the past year.

In 2021,more than half of all Russia's crude oil exportswent to countries in Europe. But in 2022, UK imports of oil from Russia fell sharply and other European countries have cut back too.

But some have remained heavily reliant, such as the Slovak Republic and Hungary.

European countries have been looking to see if they can source supplies elsewhere.

The International Energy Agency (IEA) club of oil importing countries agreed to release 120m barrels of crude from their stocks in 2022. The US also released some of its strategic reserves last year.

But calls for oil-rich nations such as Saudi Arabia, the United Arab Emirates (UAE) and Venezuela to increase production have not been successful.

Opec and other major oil producerscut production in late 2022 to sustain prices.

Reducing gas imports from Russia has been a major challenge for many European countries, as the continent has been getting most of its gas through pipelines linked to Russia.

In 2021, Russia was supplying EU countries with 40% of their natural gas, with Germany the largest importer, followed by Italy and the Netherlands. That had dropped to around 17% by August 2022,according to EU figures.

In 2021, the UK got just 4% of its gas supply from Russian. It now imports none.

EU states areincreasingly looking to ship in liquefied natural gas(LNG) in tankers from producers such as the US and Qatar.

Your device may not support this visualisation

The shift towards LNG imports by European countries has been very significant, replacing supplies from Russia.

However, ""there aren't enough LNG terminals in Europe"", says energy advisor Kate Dourian. ""This will be a problem for Germany, particularly.""

There are several new LNG terminals planned and some already under construction across Europe as countries try to boost their capacity.

Clarification 21 October: A previous version of this story contained a graphic with the title: 'The UK has much less gas storage than some other European countries'. The aim was to show how much gas the UK had in storage at that time. It was not intended to show the UK's total capacity for gas storage.

How can the world cope without Russian oil and gas?

Read more from Reality Check

Send us your questions",https://ichef.bbci.co.uk/ace/branded_news/1200/cpsprodpb/9599/production/_128379283_tap.jpg,Reality Check
https://www.bbc.co.uk/news/av/world-europe-60667313,Toddler with cancer escapes Ukraine to Poland,"After four days on the run, three-year-old Polina and her mother have made it out of Ukraine.","Three-year-old Polina has neuroblastoma - a rare type of childhood cancer.

The BBC's Sarah Rainsford first spoke with Polina's mother Kseniya in the family home in Ukraine's second city, Kharkiv, last week. Polina's cancer medication was running out. The family risked the Russian military attacks outside to try and flee the city.

After four days on the run, Polina and her mother have now reached Poland, where they received a warm welcome from a Polish host family. Polina's father, like other men of military age, was unable to cross the border out of Ukraine.

Reporter: Sarah Rainsford

Producer: Tony Brown

Video edited by Ellen Tsang",https://ichef.bbci.co.uk/news/1024/branded_news/161F2/production/_123601609_p0bt5vn4.jpg,
https://www.bbc.co.uk/news/world-60655349,Ukraine: Are arms shipments from the West making a difference?,Russian has struggled to gain air supremacy as Ukrainian forces make use of missiles supplied by the West.,"This video, shared by Ukrainian armed forces, shows a Russian helicopter being shot down by a missile

Ukraine's military has released several videos showing Russian helicopters being shot down by surface-to-air missiles.

One, from last week, shows a Russian helicopter flying low, just above the tree line - in the hope of avoiding what's about to happen next. Tracking its path is the smoking trail of a surface-to-air missile. In a matter of seconds the missile has found its target. On impact the Russian helicopter crashes to the ground, before bursting into a fireball

Russian aircraft are being shot down by Ukrainian forces - as well as the video above,this video shows a jet hit near Kharkiv- and military analysts believe there's evidence that recently supplied weapons by the West are already being used.

Justin Bronk, a research fellow on airpower at the Royal United Services Institute, says there's been visual confirmation of at least 20 Russian aircraft shot down in Ukraine so far - both helicopters and jets. That's significantly fewer than claimed by Ukraine's ministry of defence, which says it has downed48 Russian planes and 80 helicopters.Yet even the lower number shows Russia's struggled to gain supremacy in the skies.

Ukraine has suffered losses too. But UK Defence Secretary Ben Wallace told the BBC that Russia had so far not been successful in destroying the country's air defences and air force.

Before the war began, Ukraine's military aircraft were outnumbered at least three-to-one by those that had been amassed on the border by Russia.

Mr Wallace said Ukraine's ability to keep some of its air defences intact was already forcing Russian aircraft to fly at night to avoid detection.

Shoulder-launched air defence missiles, also known as Manpads (man-portable air defence systems) are just one of the weapons that Western nations have been supplying to Ukraine. They include the infamous US-made Stinger surface-to-air missiles - scourge of Soviet aircraft during its occupation of Afghanistan in the 1980s.

Exact numbers are hard to come by. Last week Mr Wallace told the BBC the West had now delivered ""thousands"" of anti-tank weapons and ""over a thousand"" Stingers. CNN, quoting a US defence official, put the total at 17,000 anti-tank weapons and 2,000 Stingers, sent by the US and Nato allies.

Britain and America had provided weapons to Ukraine before the invasion began on 24 February, with the UK delivering 2,000 light anti-tank missiles (Nlaws). Commenting on reports that they were already being used to destroy Russian armoured columns, Mr Wallace said ""we've got anecdotal evidence to verify that"".

Most countries, though, only started to send weapons in response to the Russian invasion. In all, 14 nations have supplied arms. They include Sweden and Finland, both of which have a long history of neutrality and are not members of Nato. But both have sent thousands of anti-tank weapons to Ukraine.

Germany has supplied 1,000 anti-tank weapons and 500 Stinger missiles. The Baltic states have also delivered thousands of weapons including Stingers and Javelin missiles, one of the world's most effective anti-tank weapons with a range of 2.5km (1.5 miles). Ukraine says it has already successfully destroyed several Russian T-72 tanks.

Recent weapons deliveries also include tens of thousands of assault rifles and machine guns, anti-tank mines and hundreds of tonnes of ammunition, as well as body armour and helmets, and medical supplies.

A blown-off tank turret near Kharkiv - the West has supplied anti-tank weapons to Ukraine

How are the weapons getting through?

The UK says it is helping ""facilitate"" the deliveries of these weapons. Western officials, though, are not giving details of how the supplies are getting through.

But it's no secret that while Russia's military operations have been focused in eastern Ukraine, the flow of people and supplies from the west of the country has continued via neighbouring European states. The BBC has spoken to the defence ministries of Estonia, Sweden and Denmark, all of whom confirmed their weapons supplies had been tracked and successfully reached Ukraine in recent weeks.

So, how much difference are these weapons consignments making?

Weapons supplied by the West can make a difference, but only if Ukraine continues to have armed forces capable of using them.

Mr Bronk says Ukraine's ability to retain some of its older, Soviet-era, air defence systems - which have a longer range - has forced Russian aircraft to fly lower. But that makes them more vulnerable to the shorter-range surface-to-air missiles being supplied by the West.

Without those longer-range air defence systems, Russian aircraft could fly higher to avoid the dangers of shorter-range air defences.

Meanwhile, America and European allies are looking to increase their arms supplies to Ukraine. There may be a limited opportunity before Russia tries to target any supply lines of weapons.

The US Secretary of State, Antony Blinken, has said he's had talks with Poland about it supplying Russian-made Mig fighter jets to the Ukrainian Air Force. But even if that happened, Ukraine would still need trained pilots to fly them.

The supply of Western weapons helps, but you still need an army that knows how to use them.

LIVE:Latest updates from on the ground

SYMBOL:Why has 'Z' become a Russian pro-war sign?

VIRAL:False claims that war is a hoax

EXPLAINED:Why Putin has invaded Ukraine?

IN DEPTH:Full coverage of the conflict",https://ichef.bbci.co.uk/ace/branded_news/1200/cpsprodpb/4271/production/_123590071_58944b0b-8771-4293-add7-6338f15d0e3f.jpg,World
https://www.bbc.co.uk/news/world-europe-60604952,Ukraine: Mother of Russian soldier asks 'Whose door should I knock on to get my child back?',Families of Russian soldiers in Ukraine tell the BBC the men had no idea what they were getting into.,"The funeral in Moscow last week for a Russian sergeant killed in Ukraine

President Putin has directly addressed the mothers of soldiers serving in Ukraine, telling them: ""I know how worried you are"" and trying to reassure them. But some mothers, grandmothers, sisters and girlfriends have been telling the BBC they are desperately anxious about loved ones in the military - young men who appear to have had little idea what they were being sent to do.

All names have been changed

When Marina hadn't heard from her grandson for more than a week, she started making calls. In his final message to her, he said he was on the Belarus-Ukraine border and would be home soon. But with no news since, she fears the worst.

""I phoned his military unit, they said he hadn't left [Russia]. 'I said - are you joking? He contacted me from Belarus. Do you not know where your soldiers go?' They hung up and didn't talk to me any more.""

Marina's grandson Nikita was originally a conscript. Men in Russia aged 18-27 who do not have an exemption - such as studying or looking after young children - are drafted into the military for a year.

But Marina says in Nikita's first few days of service, representatives of military units arrived in their region, hoping to get conscripts to become contracted soldiers in order to lengthen their military service and earn a salary. Contractors make up the bulk of Russia's junior service personnel.

They ""convinced him""... ""[They told him] you can retire early, you will have a steady salary, you will learn how to drive.""

Nikita became a driver in a mechanised infantry division, but his earnings did not translate into a comfortable standard of living. His monthly salary of 18,000 roubles - $240 (Â£180) before the rouble crashed - was just enough to get by on in rural Russia. And, he told his grandmother, he was expected to pay for uniform and petrol out of that salary. He had free accommodation in barracks but could not bear the freezing conditions - there was no heating or hot water - so had to pay for rent as well, she says.

It is difficult to establish how common Nikita's experience is, but the scores of Russian companies who help young men find loopholes to avoid the draft suggest the army is not seen as an attractive prospect.

In mid-February, Nikita told his grandmother he was moving to the Ukraine-Belarus border ""to guard it"". He also told her he had heard they would soon be returning home.

There has been no word from him since he last texted her on 23 February - a Russian public holiday - to say he was at a concert.

She is certain her grandson had no idea he would be sent into combat in Ukraine.

""He said, 'It's drills and more drills and then we go home',"" a line repeated by many Russian soldiers' relatives we spoke to.

Military drills in Belarus just before the Russian invasion of Ukraine - many families thought that was all their son or partner was going to be doing

Another woman, Galina, says she only realised her son Nikolai was in Ukraine when her sister spotted his photo on the Facebook page of Ukraine's armed forces' chief as a POW.

A US Pentagon briefing on Friday suggested that a significant number of the men fighting in Ukraine are conscripts, and that might account for their inexperience and lack of awareness about what they were expected to do.

But it appears the men's belief - that they were simply on drills rather than being sent into combat - was not unique to conscripts. Like Marina's grandson Nikita - and many of the other men whose relatives we spoke to - Galina's son Nikolai began as a conscript, but was now a contracted soldier.

Galina says she last heard from Nikolai the day before her sister spotted his photo, when he told her his unit was near the Ukrainian border.

""I don't know what to do. The media is silent about the fact that our guys were captured. Or they don't know.""

Nikolai's girlfriend says he became a contract soldier last December to ""provide for his future family"", despite her efforts to dissuade him. His mother adds that there are no other opportunities to earn decent money locally.

""My child did not go [to Ukraine] of his own free will, the commander-in-chief sent him there,"" she says.

""To be honest, I don't understand what it's all for,"" she says. ""In our country, some people have nothing to eat. I don't understand any war or any military action.

""Whose door should I knock on to get my child back?""

This sense of impotence is shared by another mother the BBC spoke to, whose son also worked as a contract soldier and was sent away on ""drills"".

""If I knew where he is now, I would have packed up myself and gone to these people and begged them for mercy,"" she says.

Historically, soldiers' mothers in Russia have been outspoken about how the military has been deployed and treated, and have agitated for the authorities to be more open about casualty figures.

They played a particularly significant role in agitating against both of Russia's Chechen wars, waging awidely publicised campaign.

Mothers of soldiers deployed in Chechnya waged a powerful campaign to bring their sons home

But a new law passed in the country last week threatens anyone seen to be spreading what the government deems ""fakes"" about military action in Ukraine with 15 years in jail.

The Russian public has also been exposed to powerful anti-Ukrainepropaganda from Russian state-run media. The sister of one man she believes is missing in Ukraine said she thought there must be a good reason for the invasion.

""And now we are called to rallies. To me it looks like they [Ukraine] have destroyed their [own] country, and now they want to destroy another.""

Ukraine has sought to counter that propaganda with a powerful campaign of its own. A helpline called ""Look for your own"" (Ishchi Svoikh in Russian) was first advertised on day three of what Russia was describing as a ""special military operation to demilitarise and denazify"" the country. A companion Telegram channel carries photos of Russian POWs and casualties, and encourages worried relatives to get in touch. The Washington Post hashighlighted concernsabout the publication of the graphic images.

""This is our gesture of good will to the Russian mothers,"" Ukrainian presidential adviser Oleksiy Arestovych announced.

A flyer carried on the Ukrainian interior ministry Facebook page goes even further, making a direct call to Russian mothers to come and collect their sons, and gives specific instructions about what to do.

""We, Ukrainian people, in contrast to [Russian President] Putin's fascists, do not make war with mothers and their captured sons,"" it says.

Despite these appeals, all the relatives we spoke to had no view on the legitimacy of Russia's action in Ukraine or supported it.

But the text exchange of one woman with her soldier fiance - which she showed to the BBC - suggested that in his case he did not buy into the Russian rhetoric that they were entering Ukraine to ""liberate"" the population.

In it, he tells his fiancee that he is off on ""a tour around some countries"" - possibly referring to Russia's ally and neighbour Belarus - before saying he is going to ""defend the defenceless, LOL"".

When she asks ""Are you joking?"" he simply replies: ""No. I am going to war.""

Russia finally published death toll figures for its combatants in the invasion last week, saying that as of 3 March 498 Russian troops had been killed and a further 1,597 injured. But Ukraine says that more than 11,000 Russian military have been killed, though this cannot be verified.

LIVE:Latest updates from on the ground

THE BASICS:Why is Putin invading Ukraine?

INNER CIRCLE:Who's in Putin's entourage, running the war?

UKRAINE:'I have never felt so much love for my homeland'

IN DEPTH:Full coverage of the conflict",https://ichef.bbci.co.uk/ace/branded_news/1200/cpsprodpb/165DA/production/_123601619_gettyimages-1238775499.jpg,Europe
https://www.bbc.co.uk/news/world-europe-60653966,Clive Myrie: The Ukrainians I met are not about to give up,The presenter reflects on the indomitable locals he met in Kyiv - convinced they would defeat the Russians.,"The BBC's Clive Myrie, who has left Ukraine, reflects on the indomitable locals he met in Kyiv - convinced they would defeat the Russians.

I didn't really see her face, but at her feet were several cooing pigeons. Every now and again, a shower of birdseed would tumble from her hand. She was wearing a heavy-looking grey coat, keeping out the late morning winter chill. I motioned to my colleague, cameraman David McIlveen, to try to take her picture - but she sensed he was approaching, emptied the brown paper bag of birdseed and briskly walked away.

It was the first time in 48 hours that I had left our lodgings - a basement car park in the heart of Kyiv which had become a make-shift bomb shelter. A weekend-long curfew had been imposed after Russian troops had invaded the country. There was a real fear foreign saboteurs were moving among the population and anyone caught outdoors would have been arrested.

You could see the nervousness on the faces of the soldiers and partisans manning checkpoints, despite the black balaclavas shielding them from the cold. Their eyes told stories of apprehension, concern, worry and existential threat. Russian spies might be plotting routes for incoming troops, or smuggling weapons into the Ukrainian capital, or simply there to somehow sow seeds of discord among ordinary people to break local unity.

The city was awash with rumour and dread. Who might that be in the bomb shelter next to you, who is listening in to your conversation in the bread queue? Best stay indoors and observe the curfew.

The woman feeding the pigeons would have spent the past two days in her own basement as well, and I thought it was interesting that one of the first things she did was to feed the pigeons - as if nothing was awry. An ordinary day out, a bit of fresh air, with no threat of death from above.

A few other people were on the streets, queuing outside a supermarket which had little on its shelves. Most people were shuttered at home. Villages, towns and cities across the land saw a vanishing, as citizens descended underground to subterranean worlds of refuge.

Vladimir Putin professes to know what the 40 million-plus population of this land want. A few days among these people would have told him much more than he seems to understand.

In an elegant apartment block in the centre of Kyiv, one flat has become a sort of commune for young people who have just moved to the city from the sticks and need a place to crash while they find their feet. It is clean and tidy with a mattress for a sofa in the main room - but still the paraphernalia of student life is on show. There are several guitars lying around and posters on the wall. Giorgy, our local fixer and driver, introduces us to some of his friends. All are in their early 20s and have been waiting tables or studying at college. Oleksiy, 22, a waiter in a local bar, also plays in a rock band.

Now, all that's on hold. He may have to fight the Russians.

""I am prepared to die for my country, for what I love,"" he told me in perfect English. ""Putin doesn't understand we don't want his authority - his world. All of us here know what we want - the right to live our own lives, the right to choose who leads us. That's our right, not Moscow's.""

Ukrainian volunteer soldiers, Kyiv, 4 March 2022

I had met other reserve army volunteers who'd put themselves forward to fight while I was in Ukraine. They all displayed the same patriotism and love of their country that Vladimir Putin didn't think existed. They were firm in their convictions and convinced they would prevail - despite the Russian military's greater numbers.

While speaking to Oleksiy, there was a commotion outside with the sound of police sirens in the street below. A long convoy of Ukrainian military vehicles was heading up the road and bystanders were applauding the troops. It was clear the Kremlin thought these people would be cowed by Moscow's ostentatious display of might, with Russian troops stationed on the Ukrainian border for several weeks to intimidate.

Not a chance. These people will fight.

The teenage Russian conscripts in their tanks and armoured personnel carriers who had crossed the border to the north, south and east, have quickly become disabused of Putin's jaundiced view of Ukraine. After the invasion, video footage began to emerge of Ukrainians berating the foreign army, yelling at them ""Go home"" and ""We don't want you here.""

LIVE:Latest updates from on the ground

SYMBOL:Why has 'Z' become a Russian pro-war sign?

VIRAL:False claims that war is a hoax

EXPLAINED:Why Putin has invaded Ukraine?

IN DEPTH:Full coverage of the conflict

And this was happening even in Russian-speaking parts of the north-east. There were pictures of people lying in the road to block the movement of Russian tanks. Others were throwing bicycles beneath tank tracks - there were no flowers or garlands of welcome. Pictures of Ukrainian men urinating on Russian vehicles, and a dog cocking a hind leg on the tail fin of a missile sticking out of the ground, went viral. On Twitter, one person quipped ""give piss a chance!""

On a visit to the magnificent St Sophia Cathedral - a stunning riot of frescoes and gold - I watched an interfaith prayer service for peace, as the war raged across the country. Orthodox, Catholic, Jewish, Muslim - all were united. A little later, Ukraine's interior minister Denys Monastyrskyy in a bullet-proof vest turned up seeking divine guidance. Four heavily armed Ukrainian army soldiers were protecting him. I asked him if faith was what underpinned the Ukrainian belief that they could defeat the second-largest army on the planet.

Speaking softly, he was unequivocal and clear-eyed - just like the young Ukrainian reservists I had spoken to days earlier. ""God is on our side,"" he told me with deep conviction. ""We will win."" And to drive home the point, he repeated those words in Ukrainian: ""My vyhrayemo"".

Also attending the prayer service was military chaplain Oleksandr Mishura. He had a yellow armband on his right bicep, the insignia of the volunteer brigades - or the citizen soldiers. He said morale was high among the troops he ministered to, and that the soldiers had no choice but to fight to defend and protect the country. He took my arm and looked straight at me. He shared a sentiment that I suspect many in Ukraine believe - ""We all know what the Bible says, when the enemy is wicked, God will always intervene.""

Shortly before my assignment in Kyiv ended, I began to think about the people I would leave behind to an uncertain fate. They included a mother and her 18-year-old daughter who shared our underground shelter. One morning, the daughter's crying woke me up. She had got word that her father, who had been living near the Chernobyl nuclear plant, had apparently been harmed by a group of Russian soldiers. They had ransacked his house looking for cigarettes and alcohol. The teenager feared the worst.

Throughout the day she tried to call her father, but he wasn't picking up the phone. All of us in the shelter prayed he was still alive. When word finally came from his neighbour, that he was safe and unharmed, it felt like a tiny victory for all of us. I thought about the other dwellers of the underground shelter. The woman with a very large white fluffy cat and the children who had run around playing games oblivious to the madness of adults above ground.

I am writing this from a hotel in Romania having left Ukraine via Moldova a couple of days ago. I can't get the image of the woman feeding the pigeons out of my head. She was risking bombs and missiles to feed the pigeons. For me, she represents strength and courage - the indomitability of an independent state, not the cowering fear of the colonised.

Allow X content?

This article contains content provided by X. We ask for your permission before anything is loaded, as they may be using cookies and other technologies. You may want to readXâs cookie policyandprivacy policybefore accepting. To view this content chooseâaccept and continueâ.",https://ichef.bbci.co.uk/ace/branded_news/1200/cpsprodpb/1761A/production/_123607759_976_myrie-new.jpg,Europe
https://www.bbc.co.uk/news/blogs-the-papers-60671259,Newspaper headlines: Zelensky channels Churchill and US-UK oil ban,The Ukrainian president's address to the Commons and a ban on Russian oil imports dominate the papers.,"Many of the front pages carry images of Ukranian President Volodymyr Zelensky receiving a standing ovation from MPs after his unprecedented video address to Parliament.

""Hear Hear, Hero""headlines the Metro, while the Daily Express declares ""Zelensky echoes Churchill"".

The i also notes the Ukrainian president""channelled"" Britain's wartime leaderwhile telling MPs that his people would fight Russian President Vladimir Putin's invasion in ""the forests and the streets - to the death if necessary"".

The Daily Mirror similarly quotes Mr Zelensky as insisting: ""We will never surrender"". The accompanying picture shows a Ukrainian police officer in the besieged city of Irpin saying an emotional goodbye to his toddler son. His family is fleeing, while he remains to fight.

The leader columns deliver their equivalent of a standing ovation.The Times saysMr Zelensky spoke not just for Ukraine, but for law, liberty and civilisation itself, while the Daily Mail declares: ""We salute him and his indefatigable nation"". The Sun says the speech was ""as stirring as it was historic"".

The headline the Guardian's front page reads: ""Blow to Putin"". The papersays that the ban on Russian oil by Britain and the UScould cost Moscow five billion pounds, but also warns that the West will feel the squeeze too, as the measures push up prices at the pumps. It points out that 8% of Britain's oil and 4% of its gas come from Russia and claims that, as a result, Conservative MPs are ""clamouring"" for a reduction in fuel duty.

Sign up for a morning briefing direct to your inbox

The front page splash for the Daily Telegraph is what it describes asthe ""Rent-a-Mig"" scheme, which would see Poland's entire fleet of 28 Russian-made fighter-planes put at the disposal of the US for potential deployment in Ukraine.

The Times warnsthat such a deal would risk a ""new confrontation"", and says such a move could mean that Nato aircraft, flown by Ukrainian pilots, would go into combat with Russian forces, potentially dragging the alliance into direct conflict with Moscow. Since the plan was announced, US officials have said they were not consulted in advance and that it is not ""tenable"".

Thefaces of young and oldleaving the city of Irpin are the focus of a double page spread of photos in The Daily Mirror.

Under the headline ""Inhumane - Refugees under attack"" it examines the human cost of war and attacks the response of the UK Home office to the growing refugee crisis.

It publishes a league table of European countries according to the number of visas they've granted to fleeing Ukrainians since the crisis began. At the top is Poland with more than 1.2 million. At the bottom is the UK, with what The Mirror describes as a ""paltry"" 500. The Times reports that senior Tory MPs havecalled for Home Secretary Priti Patel to quitover what's described as Britain's ""chaotic"" response.

The Sun's front page headline reads: ""Queen's Guard Awol to fight Vlad"". The story reports that a 19-year-old Coldstream Guardsman has abandoned his post at Windsor Barracks and left a note for his parents explaining that he has gone to join the fighters defending Ukraine.

The paper says defence chiefs are now trying to intercept him amid fears that Russia could claim Britain had entered the war were he to be captured by the Russian military.

FORBIDDEN AMERICA:Louis Theroux investigates the new far right political movement born out of the internet

PEAKY BLINDERS:The Shelbys are back for an epic final series and Tommy faces new danger from an old enemy",https://ichef.bbci.co.uk/ace/branded_news/1200/cpsprodpb/18358/production/_123606199_index-nc.png,The Papers
https://www.bbc.co.uk/news/av/uk-politics-60666785,In full: Ukrainian president's message to the UK,President Zelensky makes an historic address in the House of Commons about the invasion by Russia.,"The Ukrainian president has made an historic address in the House of Commons about the invasion by Russia.

Starting and ending with a standing ovation from MPs, President Volodymyr Zelensky spoke about the war so far on a day-by-day basis, and said Ukraine would continue to fight and would not give up.

Watch his statement in full.

Live news and updates on Ukraine war",https://ichef.bbci.co.uk/news/1024/branded_news/53E8/production/_123608412_976_zelensky.jpg,
https://www.bbc.co.uk/news/av/world-europe-60664824,Zelenskyâs moments: From TV star to wartime leader,The Ukrainian president's journey from comedian with no political experience to convincing war leader.,Watch our video to see the Ukrainian President Volodymyr Zelensky's journey from a comedian with no political experience to a convincing war leader.,https://ichef.bbci.co.uk/news/1024/branded_news/1522A/production/_123607568_mediaitem123607567.jpg,
https://www.bbc.co.uk/news/av/business-60655149,Tech boss: 'Why I act like a kid',"Henri Seydoux, founder and CEO of French drone specialists Parrot, shares his business advice.","Henri Seydoux, founder and CEO of French drone specialists Parrot, shares his business advice for the BBC'sCEO Secretsseries.

Film by Dougal Shaw",https://ichef.bbci.co.uk/news/1024/branded_news/13862/production/_123607997_976a.jpg,
https://www.bbc.co.uk/news/entertainment-arts-60647495,Ukraine: Frozen stars send messages of support to girl singing Let It Go,The child was filmed singing the track from the Disney film while sheltering in a Ukraine basement.,"The video has been watched more than three million times on Facebook alone

Frozen star Idina Menzel has tweeted a message of support to a young girl who sang the film's anthem Let It Go while sheltering in a Ukraine basement.

A video showed the child, named Amelia, being cheered on by families also seeking refuge in the building.

The video wasfirst posted on Facebookby Ukrainian Marta Smekhova and has since gone viral around the world.

Menzel tweeted: ""We see you. We really see you,"" alongside blue and yellow hearts, the Ukrainian flag colours.

Allow X content?

This article contains content provided by X. We ask for your permission before anything is loaded, as they may be using cookies and other technologies. You may want to readXâs cookie policyandprivacy policybefore accepting. To view this content chooseâaccept and continueâ.

The song's composer Kristen Anderson-Lopez also posted a message addressed to ""Little Girl with the beautiful voice"".

She wrote on Twitter: ""My husband and I wrote this song as part of a story about healing a family in pain. The way you sing it is like a magic trick that spreads the light in your heart and heals everyone who hears it. Keep singing! We are listening!""

Josh Gad, who voiced Olaf the snowman,added: ""My heart is overwhelmed. These poor children. These poor people. I want to hug and protect this and every other child in danger right now and I feel helpless.""

Thousands of others have also responded to the video, including Star Wars actorMark Hamilland singerImelda May, who invited Amelia to sing with her on stage when she was able to.

British TV host Holly Willoughby was visibly emotional while introducing the video on ITV's This Morning.

Ukrainian MP Lesia Vasylenko tweeted: ""The courage of the children in shelters is mindblowing.""

LIVE:Latest updates from on the ground

SYMBOL:Why has 'Z' become a Russian pro-war sign?

VIRAL:False claims that war is a hoax

EXPLAINED:Why Putin has invaded Ukraine?

IN DEPTH:Full coverage of the conflict

In her original post, Ms Smekhova said she had chatted to the ""friendly"" and ""talkative"" girl in a Kyiv shelter, who told her she dreamed of singing in front of a big audience.

Ms Smekhova suggested she give it a go and explained that she had permission from Amelia's mother to post the video.

Ukrainian forces and civilians have faced heavy bombardment since Russia launched its attack on its neighbour in late February.

More than two million people have now fled the fighting.

Menzel voiced the character Queen Elsa in Disney's smash hit film, which was released in 2013, and reprised the role in Frozen II in 2019.

Let It Go, Elsa's signature tune, was named best original song at the Oscars in 2014.

'We try to tell them the truth' - parenting in wartime

Chaos and exhaustion for Ukraine's disabled children

The children with cancer fleeing war in Ukraine. Video, 00:03:44The children with cancer fleeing war in Ukraine

Frozen biggest animation of all time

Frozen 2 rakes in $350m worldwide on weekend debut",https://ichef.bbci.co.uk/ace/branded_news/1200/cpsprodpb/09C2/production/_123589420_letitgo.jpg,Entertainment & Arts
https://www.bbc.co.uk/news/world-europe-60658896,Ukraine: Travel curfew halts Irish student's escape attempt,A 19-year-old Irish woman living in Sumy is observing a travel curfew as she tries to leave Ukraine.,"Racheal has been studying in Ukraine since November

An Irish medical student trying to leave Ukraine ""won't reach the EU border"" on Tuesday, her sister said.

Racheal Diyaolu, who is 19 and from Carlow, was among hundreds of international students in the city of Sumy when the Russian invasion began.

Sumy is one of many areas in Ukraine that has experienced heavy shelling.

There is a fresh attempt to let civiliansleave the north-eastern Ukranian city, following new ceasefire agreements.

Earlier on Tuesday, Racheal's sister, Christiana, told BBC Radio Foyle that Racheal is currently ""heading towards safety"".

Christiana later tweeted that her sister's progress had slowed and that they would not reach the border due to the travel curfew in Ukraine.

Racheal Diyaolu

Christiana said her sister is travelling with two Scottish men who went to Ukraine to help with evacuating refugees.

Racheal left Sumy on Monday morning with the two men from Falkirk with whom Racheal's family had been in contact.

A previous rescue effort failed on Sunday when a minivan used by the men was targeted by ""warning shots"" from Russian forces as they tried to enter the city, Racheal had said.

""She [Racheal] is still in Ukraine, but she has left Sumy and is now heading to the border and heading to safety,"" Christiana Diyaolu said on Tuesday.

""The relief is indescribable, we have had honestly so many bad days and now for this good news to happen - we are just delighted.""

She said her communication with her sister has been ""on and off"" because the group she is travelling with has been using her phone as a Sat Nav.

She added that when they stop or take a break from driving, her sister checks in with her family and keeps them updated.

The initial plan was for the group to head toward the Moldovan border, but Christiana believes that may not now be the case.

""We think they are now heading to a nearby country's border, we aren't really sure which one now, but we know she is heading toward a border at least.""

Russian forces have been heavily shelling towns outside the capital of Kyiv

She said her sister is very lucky to be leaving the country, but has mixed emotions as some university friends remain in Sumy.

Christiana said she cannot wait to give her sister a hug when she returns home, and is counting down the hours until they are reunited.

Ms Diyaolu arrived in the country from the Republic of Ireland for her studies last November.

Since the invasion started, she had been taking cover in her university's bunker when air raid sirens have sounded.

Speaking to BBC News NI before her latest attempt to leave Sumy, Racheal said she and fellow classmates would regularly be told to take shelter in a bunker.

Allow X content?

This article contains content provided by X. We ask for your permission before anything is loaded, as they may be using cookies and other technologies. You may want to readXâs cookie policyandprivacy policybefore accepting. To view this content chooseâaccept and continueâ.

Civilian casualties have continued to mount as Russian military forces shelled various cities in Ukraine throughout the night and early hours of Tuesday morning, according to Ukraine's State Emergency Service (SES).

Ms Diyaolu's family have been calling for more help from the Irish government to bring her home.

Ireland's Department of Foreign Affairs said it could not comment on specific cases, but confirmed it was in contact with Irish citizens in Ukraine.

""The Department of Foreign Affairs remains in ongoing contact with registered Irish citizens in Ukraine, currently totalling around 55,"" a spokesman said.

The department has advised people to ""shelter in a secure place"" or, if it is safe to do so, to ""consider leaving Ukraine, depending on their location and prevailing circumstances"".

LIVE:Latest updates from on the ground

IN KYIV:Locals fear another Grozny or Aleppo

ANALYSIS:Europe finally steps up

EXPLAINED:Why Putin has invaded Ukraine?

IN DEPTH:Full coverage of the conflict

Call for Syrian-type scheme for Ukrainian refugees

As it happened: Zelensky: Children's hospital attack a 'war crime'

Irish student makes fresh Ukraine escape attempt

UK calls for 'step-by-step' move from Russian fuel

Ukraine: Taking cover in a town under attack. Video, 00:03:41Ukraine: Taking cover in a town under attack",https://ichef.bbci.co.uk/ace/branded_news/1200/cpsprodpb/1771B/production/_123572069_racheal.jpg,Europe
https://www.bbc.co.uk/news/av/uk-wales-60668576,Teaching war surgery to Ukrainian medics over Zoom,More than 535 doctors from Ukraine joined a call to be taught how to treat injured people.,"There will be a huge requirement for doctors to treat people injured in Ukraine, a British trauma surgeon has warned.

Prof David Nott, who works as a consultant surgeon at Chelsea and Westminster Hospital in London, has been teaching medics in the country following Russia's invasion.

There were 535 doctors on one video call where he imparted his knowledge.",https://ichef.bbci.co.uk/news/1024/branded_news/40EC/production/_123602661_p0bt6m00.jpg,
https://www.bbc.co.uk/news/av/world-europe-60659029,"Zelensky: I'm not hiding, I'm not afraid",The Ukrainian president reveals his location in Kyiv in a new video shared on social media.,"The Ukrainian president has posted a video filmed in his office in Kyiv, the first at that location since the start of the invasion.

Volodymyr Zelensky told residents that he would be staying in the city, and that he was not afraid of anyone.",https://ichef.bbci.co.uk/news/1024/branded_news/1D40/production/_123588470_p0bt3chj.jpg,
https://www.bbc.co.uk/news/uk-politics-60670569,Ukraine: Does the Home Office need to get a grip?,There's frustration and fury among MPs at the Home Office's response to those fleeing the war.,"It's been over a week since Home Secretary Priti Patel first appeared in Parliament to outline the government's response to the growing humanitarian crisis caused by Russia's invasion of Ukraine.

Now the number of people fleeing the country has reached two million, according to the UN's refugee agency, and yet the number granted access to the UK still sits in the hundreds.

Ministers talk of moving ""at pace"" to ensure the UK has a ""generous"" policy towards those Ukrainians who want to come to the UK.

But there is growing frustration - even fury - from some MPs at what they so far see as an inadequate response.

On Tuesday, Home Office Minister Kevin Foster was met with a barrage of criticism from all sides when he was sent to the House of Commons to defend the government's approach.

MPs cited tales of chaos and confusion told to them by their constituents; relatives turned away from visa centres in Poland, appointments only available weeks from now, centres closed in Brussels, personal details lost and applications delayed.

Tory backbencher Alec Shelbrooke called on the Home Office to ""get a grip"".

So what is going on?

What is the UK doing for Ukrainian refugees?

At UK visa centre in Poland: 'There could be riots'

Zelensky invokes Churchill as he appeals to MPs

The Home Office says it had made significant progress in providing routes for refugees in a short space of time - talking of ""surging"" staff to countries across Europe to support visa applications, training more case workers in the UK, and establishing help-lines and pop-up centres.

The government has been clear that security checks must be carried out, saying some people in Calais had already presented with false documents pretending to be Ukrainian to gain entry to the UK.

While some MPs want these requirements waived, others say the checks themselves aren't the problem - it's the pace at which things are moving.

Labour MPs say the system is being held up by Home Office bureaucracy, which has resulted in a slow, shambolic and chaotic response.

Some Conservatives agree.

There is understanding that the department responsible for law and security might ordinarily take a cautious approach, but there is frustration that ministers have failed to realise the current situation requires something out of the ordinary.

Former Home Secretary Amber Rudd told the BBC that the Home Office needed a whole new approach rather than business as usual, saying it was ""baffling and disappointing"" that so few visas had so far been issued to Ukrainian refugees.

Several Conservative MPs point to the fact it's been a week since the Department for Levelling Up, Housing and Communities was tasked with setting up a new humanitarian route for refugees, but so far there's scant detail about how it might work, while the existing scheme for family members of those in the UK seems to be moving slowly.

The former Immigration Minister Mark Harper drew comparisons with the implementation of the furlough scheme at the start of the Covid pandemic.

""The Home Office does, of course, have to make sure the appropriate security measures are in place, but it needs to move at a pace that matches the scale of events,"" he said.

""The government can do this when it needs to, as we saw when the Treasury designed and rolled out the furlough scheme in four days at the start of the pandemic.

""That's the scale of bold, imaginative policy and operational response we need to see from the Home Office.""

Home Secretary Priti Patel has come under scrutiny over visa numbers for Ukrainians

For some, it comes down to leadership.

Ms Patel's claim that a visa application centre had been established in Calais when it hadn't was described as ""eye watering"" by one backbencher.

One former cabinet minister said Home Office officials needed direction and drive that had so far been lacking, a combination of strong leadership and micro-management to make things happen.

Another Conservative backbencher suggested a home secretary keen to display a tough stance on immigration might have misjudged the public and political mood - something strongly rejected by Ms Patel's supporters, who point out there's no planned cap on the number of Ukrainians who can come to the UK.

Some Conservative backbenchers agree the problem has been one of practicalities - failing to get the right people in the right place quickly enough - rather than political ideology.

Strikingly, two former ministers with knowledge of the Home Office both used the same phrase - it's more likely cock-up than conspiracy.

The government has now appointed Richard Harrington as a minister for refugees to work across the Home Office and the Department for Levelling Up, perhaps an acknowledgement of the need for progress.

Ministers have promised regular updates on efforts already underway to speed up the system, though MPs will want to see results on the ground.

So far there's been a deliberate display of unity from across the political spectrum over the response to Russia's invasion of Ukraine, but when it comes to the government's response to a growing refugee crisis, there will be continued pressure.",https://ichef.bbci.co.uk/ace/branded_news/1200/cpsprodpb/112CF/production/_123615307_976_gettyimages-1239003841.jpg,UK Politics
https://www.bbc.co.uk/news/world-us-canada-60669763,Private military firms see demand in Ukraine war,Private military contractors see surging demand in Ukraine - but could the work turn mercenary?,"Wanted: multilingual former soldiers willing to covertly head into Ukraine for the handsome sum of up to $2,000 (Â£1,523) per day - plus bonus - to help rescue families from an increasingly grim conflict.

It sounds ripped from the script of an action movie, but the job advert is real - taken from an employment website, Silent Professionals, for those working in the private military and security industry.

And, insiders say, demand is growing. Amid a gut-wrenching war in Ukraine, US and European private contractors say they are increasingly eying opportunities, ranging from 'extraction' missions to helping with logistics.

There is ""a frenzy in the market"" for private contractors in Ukraine today, said Robert Young Pelton, a Canadian American author and expert on private military companies (PMCs).

But the demand for paid security workers - many of them former soldiers with ability to fight and kill - in the midst of a war leaves plenty of room for mistakes, and the potential for bedlam.

Even as Westerns volunteers are joining the fight in Ukraine, for which they can expect to be paid the same as their Ukrainian counterparts, money is being offered by private interests for security services like the one advertised on Silent Professionals.

The recruitment platform would not say who it was advertising for, but according to Mr Pelton, contractors are being hired for between $30,000 and $6m to help remove people from Ukraine. The higher-end figure is for whole groups of families wanting to leave with their assets, he said.

The price of evacuations depends on the complexity of the work, said Tony Schiena, CEO of Mosaic, a US-headquartered intelligence and security advisory firm already operating in Ukraine.

""When there's a larger amount of people, the risk goes up. Children and families are more difficult. It all depends on the methods we get them across"".

Mosaic's missions are largely intelligence-driven, rather than armed, said Mr Schiena, a former South African intelligence operative whose firm includes several former high-ranking US intelligence officials on its board.

They are working with private clients, corporations and PIPs - politically exposed people - to help evacuate them from Ukraine, Mr Schiena told the BBC.

He claimed an ""intelligence agency of a pretty large country"" that wanted to get its citizens out was among his clients.

""Depending on how the conflict plays out, I think there will be a constant demand for [PMCs],"" Mr Schiena said. ""There's a constant need, and as [the war] escalates or de-escalates, there's always going to be something that we're approached to do"".

Private military contractors contracted by the US State Department in Afghanistan in 2005

Private military and security firms have existed for decades, but were thrust into the public eye during the wars in Iraq and Afghanistan after 9/11, working on behalf of Western governments and commercial interests.

At the height of the Iraq war, tens of thousands of private contractors, such as Blackwater, were operating there. Tasks ranged from armed missions such as convoy protection to feeding and housing troops at military bases. Blackwater became notorious after a number of high-profile incidents, including the death of 14 Iraqi civilians shot dead by its contractors in Baghdad in 2007.

In Eastern Europe, private firms have long been used to protect wealthy people and corporations.

During the break-up of the former Yugoslavia, a number of firms were also hired to help equip, train and organise Bosnian and Croatian forces - all with the blessing of the US government.

The nature of the industry means that tracking the number of contractors and money is difficult, but it is by all accounts a growing industry. A report from Aerospace & Defense News found that the global private military and security industry will be worth over $457bn (Â£348bn) in 2030, up from about $224bn in 2020.

Foreign military contractors say they are not fighting in Ukraine.

Some say they are being approached to help NGOs and humanitarian organisations in Ukraine or neighbouring countries in need of people with specialised skills and experience working in austere conditions in conflict zones.

""Most of the guys I personally know going over are doctors, physician assistants, paramedics, nurses and former special ops guys - or non-special ops guys - who are combat vets and understand,"" said Mykel Hawke, a former US special forces officer who has worked as a war zone contractor.

The comic travelling 5,000 miles to fight for Ukraine

Why is Russia invading Ukraine and what does Putin want?

Western contractors are governed by the laws and regulations of their own countries, said Christopher Mayer, a former US Army Colonel who worked with PMCs in Iraq.

They are supposed to protect people, places or assets, rather than engage in direct combat.

Many in the industry bristle at the suggestion that they are 'mercenaries' or soldiers of fortune.

""It's the same kind of work that you see in the United States and elsewhere,"" Mr Mayer said. ""The difference is that in areas of conflict, the likelihood of having to use lethal force is much, much higher"".

In practice, though, the line is blurry.

""If you have the skillset to be a private contractor, you have the skillset to be a mercenary. There's no bright line between the two,"" said Sean McFate, an-ex US paratrooper who later served as a contractor in Africa and elsewhere. ""It comes down to market circumstances and the decision of the individual person.""

""People talk about legitimacy and who the client is. None of that matters,"" he added. ""If you can do one, you can do the other"".

The proliferation of PMCs may lead to as much ""chaos and mayhem"" as good, he warned.

""Mercenaries historically elongate conflict for profit,"" he added. ""It could get to a point in the mid-century where super-rich people have private armies, and I don't know how that looks.""

Men training at the privately-run Anti Terror Academy in the Czech Republic. Courtesy Anti Terror Academy

Examples of such companies taking an offensive approach to conflict include the South Africa-based Executive Outcomes, which fought on behalf of the government of Angola and Sierra Leone in the 1990s.

Sandline International, headquartered in London, was involved in conflicts in Papua New Guinea, Liberia and Sierra Leone.

And members of Russian mercenary groups are said to be on the ground in Ukraine.

But Simon Mann, the former British special forces officer founder for Executive Outcomes and Sandline, told the BBC that the prospect of using Western contractors for offensive missions in Ukraine is ""highly unlikely"" and would pose complicated legal and organisational questions.

""How [would they be] funded? How [would they be] commanded? Where would they fit in the Ukraine order of battle?"" he asked. ""Would they be duly enrolled in the national armed forces before any operations? If not, then what would be their legal position? Casualties? Medical cover? Death and disability insurance?""

Mr Mann - who spent several years in prison after being accused of leading an aborted coup d'Ã©tat in Equatorial Guinea in 2004 - said that he is aware, however, of evacuation missions charging Â£10,000 per person, ""mostly organised by PMC-type people who happen to have contacts on the ground"".

Some have warned that even paid-for rescue missions into Ukraine could be fraught with danger for contractors and clients alike, and that the industry is awash with people misrepresenting their ability or experience.

Orlando Wilson, a former British soldier and long-time security contractor, said that he believes that most of the talk surrounding private contractors in Ukraine is ""rubbish"".

""I don't see how people can operate in Ukraine at the moment, at least not privately,"" he said.

""If you're caught by either side or one of the militias, they'll just take you as a spy and that's it,"" Mr Wilson added. ""It wouldn't be safe for people doing it and it wouldn't be safe for the clients"".

Scale of Russian mercenary mission in Libya exposed

EU alarm at Russian mercenaries in Central Africa

Why is G4S in Afghanistan?

Trump condemned for pardoning Blackwater guards

The rise of the UK's private security companies",https://ichef.bbci.co.uk/ace/branded_news/1200/cpsprodpb/1A91/production/_123610860_photo06.03.2022160031-1.jpg,US & Canada
https://www.bbc.co.uk/news/technology-60661987,Russia-Ukraine: Is internet on verge of break-up?,The global internet is under threat as the conflict in Ukraine continues.,"Many of the rules of global business have been torn up following the Russian invasion of Ukraine - will the internet be next?

The world, both physical and digital, finds itself in unprecedented times as the conflict in Ukraine rages.

Corporate giants such as Meta, Google and Apple, who have always framed themselves as neutral tech firms, are now pinning their political colours to the mast - banning products in Russia in response to its invasion.

Meanwhile the internet itself is changing for Russian users - with Twitter and Facebook blocked, TikTok not allowing Russian users to post, and the police reportedly stopping people in the streets to look at what they are viewing on their phones.

Now there are questions about whether the conflict may not just alter the world's geography, but fundamentally change the nature of the global internet.

Recently Russian ISPs have been asked to test a Russian version of the net

The Ukrainian government has singled out individual tech firms to ask them to ban services in Russia, and the list of tech firms refusing to do business or sell products there is growing by the day.

Now Ukraine's tech-savvy leaders are calling for something bigger - for Russia to be completely unplugged from the global internet.

The calls were answered with an emphatic ""No"" from ICANN (the Internet Corporation for Assigned Names and Numbers), which is in charge of internet governance. It was asked to revoke Russia's top-level domains such as .ru along with the nation's associated Secure Sockets Layer (SSL) certificates.

But its tagline is ""One World, One Internet"" and inhis responseto Ukraine's deputy prime minister Mykhailo Fedorov, ICANN's chief executive Goran Marby said: ""Within our mission, we maintain neutrality and act in support of the global internet. Our mission does not extend to taking punitive actions, issuing sanctions, or restricting access against segments on the internet - regardless of the provocations.""

Digital privacy group Electronic Frontier Foundation (EFF) was one of several organisations to support the decision.

In a statement, EFF's Corynne McSherry and Konstantinos Komaitis said that war was no time to ""mess with the internet"". Interfering with fundamental internet infrastructure protocols would have ""dangerous and long-lasting consequences.""

These would include:

depriving people of the most powerful tool for sharing information

setting a dangerous precedent

compromising security and privacy

Cloudflare, a web infrastructure firm which offers protection against cyber-attacks, has also been asked by Ukraine to terminate its services inside Russia.

In a blog, the firm said it had considered these requests, but concluded that ""Russia needs more internet access, not less"".

China's version of the internet is very different from the one seen in the West

For many, the calls for the cut-off were a dangerous slippery slope towards what is known as the Splinternet - where different countries have different versions of the internet.

The Great Firewall of China, as it is known, is perhaps the most obvious example of how a country can create its own web.

But in Iran too, net content is policed, and external information is limited by the state-owned Telecommunication Company of Iran.

Russia itself has been experimenting with a sovereign internet - dubbed Runet - for several years, albeit one that has been retro-fitted to the existing internet rather than China's built-from-the-ground-up version.

In 2019, the Russian government said it had successfully tested the system. At the time few understood the need for it, but now, in the context of the Ukraine invasion, it all ""makes a whole lot more sense"", said Prof Alan Woodward, a computer scientist from the University of Surrey.

In that test, Russian ISPs were asked to effectively configure the internet within their borders as if it were a giant intranet - a private network of websites that don't speak to the outside world.

The initiative involved restricting the points at which Russia's version of the net connected to its global counterpart.

Now it appears Russia is re-testing those systems - in a memo from the Russian government, ISPs were asked to beef up their security and connect to domain name system (DNS) servers in Russia.

Some thought the memo, and the date for completion of the test on 11 March, meant Russia intended to cut itself off imminently.

Prof Woodward sees it more as another test of preparedness: ""This was more about Russia calling on ISPs to get ready, to make local copies of the DNS - the phone book of the internet - and to have local versions of third-party software that comes from servers outside Russia, such as Javascript.""

Russia has since denied it will cut itself off, saying the test was about protecting Russian websites from foreign cyber-attacks.

But James Griffiths, author of The Great Firewall of China, thinks the plug could be pulled at any time: ""Cutting off the internet, making sure Russians are only consuming the content that the Kremlin approves of, that kind of thing makes sense strategically, so you can see the path we're headed down,"" he told the BBC.

""I wouldn't be surprised if that came into force in the coming weeks or months.""

Is a fractured internet inevitable?

Abishur Prakash, author of the book The World is Vertical: How Technology is remaking Globalisation, thinks the conflict is reshaping the internet, from ""a global system that the whole world has been plugged into"" to something more fractured.

""Because of geopolitics, a different design for the internet is emerging, where nations are either cut off or are developing their own alternative. The global bridges, like social media platforms, that have connected populations for decades, are being brought down.""

And, according to James Griffiths, the new axis of net power will be divided between the West and China/Russia.

""Fang Binxing, known as the founding father of China's Great Firewall, visited Russia in 2016 to assist them in what they're doing and make the Russian firewall much more similar to the Chinese one,"" he said

And now Russia will once again look to Beijing, as internet firms withdraw services and products, he thinks: ""As the Russian economy is cut off from a lot of the global economy, they are turning to China. They will have to rely on China even more so than they have in the past.""

So far tech firms such as Huawei have said nothing official on the conflict.

Russia 'successfully tests' its unplugged internet",https://ichef.bbci.co.uk/ace/branded_news/1200/cpsprodpb/0050/production/_123608000_976_gettyimages-487647050.jpg,Technology
https://www.bbc.co.uk/news/60555166,How do the UK's schemes for Ukrainian refugees work?,How is the government helping Ukrainian refugees come to the UK?,"The UK has been widely criticised for not allowing as many Ukrainian refugees to enter as some other European states.

Family visa scheme

Thefamily visa schemeis for Ukrainians with a family member in the UK.

That family member must have British nationality, indefinite leave to remain, settled status or proof of permanent residence.

It was launched at the beginning of March, and extended after criticism that it excluded some close family members.

Ukrainian refugees are advised to apply at a Visa Application Centre (VAC) in countries including Poland, Romania, Hungary and Moldova. They need to provide biometric information, such as fingerprints.

Applications from refugees with a Ukrainian passportcan be made online, with biometric information provided after arrival in the UK.

As of 7 April, the UK had issued28,500 visasunder this scheme from 36,300 applications. However, only 10,800 have arrived in the UK under this scheme so far.

Ukrainian refugee family thwarted by paperwork

Sponsorship scheme

The""Homes for Ukraine""scheme lets people in the UK host Ukrainians refugees who are known to them, but who do not have family ties here.

It was launched on 14 March, andmore than 100,000 people and organisations signed up within the first day.

Under the scheme, people are asked to offer Ukrainians a rent-free space in their home or a separate residence for at least six months. They will not be expected to provide food and living expenses but can choose to do so.

Those offering to host a refugee will be vetted by the government and Ukrainian applicants will undergo security checks.

Each household housing a refugee will be offered Â£350 a month, tax-free, for up to 12 months.

Local authorities will also receive Â£10,500 in extra funding per refugee for support services, with more for children of school age.

However, some families who have applied to be sponsors have complained that the system is overly complicated.

Government figures show that as of 7 April,12,500 sponsorship visas had been issuedfrom 43,600 applications. However, only 1,200 refugees have arrived in the UK so far under the sponsorship visas.

How to sponsor Ukrainian refugees and offer them a UK home

2,700 visas issued through Homes for Ukraine

Homes for Ukraine: 'It's sad, slow and frustrating'

The Home Office has been accused ofa chaotic and overly-bureaucratic response.

EU countriesare allowing Ukrainian refugees in for up to three years without a visa, and more than four million people have fled to neighbouring countries since the Russian invasion.

Poland has taken more than 2.5 million refugees, and Romania more than 650,000. As of 7 April,40,900 UK visas had been issued in total, but only 12,000 have reached the UK so far.

On 8 April, Home SecretaryPriti Patel apologised ""with frustration""for visa delays.

On 26 February, Home Office minister Kevin Foster was widely criticised after highlighting the government's Seasonal Worker visa, which allows people to apply to come to the UK to pick fruit and vegetables.

His tweet was subsequently deleted.

There have been complaints that the UK visa process is too complicated - one British man told the BBC it had taken 72 hours to get a visa for his Ukrainian step-daughter, who had fled to Romania.

There have also been reports of refugees who have got as far as Calais, beforebeing turned away by Border Force officials for not having the right paperwork.

Heartless or doing its best to help refugees? UK in crisis mode

On 7 March, Home Secretary Priti Patel told MPs ""we have set up a bespoke VAC en route to Calais"". But the Home Office did not confirm that this was the case.

The government then opened a VAC in Lille on 10 March - around 70 miles away from Calais.

The Home Office said it would deal with ""a limited number of cases"" - referred to it by Border Force officials - and advised applicants not to travel there.

In addition to thelengthy paperworkrefugees must submit to obtain both types of visas, governmentguidancefor the Homes for Ukraine scheme states that applicants ""will be subject to a range of checks"". These can include:

a visit from local authorities to ensure that properties are fit for purpose

basic DBS check if hosts are sponsoring adults

enhanced DBS check if hosts are sponsoring children under 18 or vulnerable adults.

It is likely that the vetting process will exacerbate what already seems to be a long and complex visa application process.

The government has faced pressure - including from some Conservative MPs - to issue emergency visas or lift visa requirements altogether for Ukrainian refugees.

Home Secretary Priti Patel has ruled this out, insisting that ""security and biometric checks"" were vital to keep British citizens safe.

The government also says that some people in Calais claiming to be Ukrainians have presented false documents.

Boris Johnson has defended the current visa rules, saying: ""People want us to be generous but also careful.""

He has also repeatedly talked about the government's ""proud record"" on refugees since 2015, telling MPs ""we've done more to resettle vulnerable people than any other European country since 2015"".

However, this only refers to one specific category - ""resettled refugees"". Other European countries have taken in larger numbers of refugees in general.

Fact-checking Boris Johnson's claim about refugees

What claims do you want BBC Reality Check to investigate? Get in touch

Read more from Reality Check",https://ichef.bbci.co.uk/ace/branded_news/1200/cpsprodpb/67F7/production/_123451662_976_2022-02-28t101358z_343637574_rc2yss921sgz_rtrmadp_3_ukraine-crisis-border.jpg,Reality Check
https://www.bbc.co.uk/news/world-africa-60524576,Zimbabwe clinics struggle for nurses after exodus to the UK,"With large numbers of nurses emigrating, patient care is suffering as there are not enough staff.","Health clinics in Zimbabwe are facing a crisis as increasing numbers of nurses leave the country in search of better prospects, as the BBC's Shingai Nyoka writes.

The young woman in a dark green gown was in the throes of labour, her face twisted in pain.

Still for one minute and then groaning and writhing this way and that in the next.

I stood at the half-open door peering in, I had permission to be there for a story but felt more like a voyeur, an intruder in a deeply personal moment.

Two weeks earlier, the acting chief nursing officer for the authorities in the capital, Harare, Perpetua Kaseke, had shown me around this same clinic, the Warren Park Polyclinic.

She is responsible for the staffing at all the council's health facilities.

She told me there were only four nurses on duty for the whole clinic, which serves hundreds of people every day.

Two in the maternity wing, one for outpatients and another for family services. Ordinarily they need a minimum of eight.

While we were talking, a nurse shot past behind me - she was doubling up her duties, covering the labour, delivery and post-delivery wards, as well as helping out in ante-natal care.

Seeing the pregnant woman - in labour alone in her most vulnerable moment - really crystallised the extent of the problem.

Matron Kaseke told me that most of her clinics were operating at 50% capacity. I sensed her frustration - nurses are overworked and stressed, she told me, and they keep resigning.

Twelve nurses left last month alone.

Most of them are going to the UK or Ireland, others to Zimbabwe's neighbouring countries or to the private sector.

She said it can be hard to organise staffing from one minute to the next - some only give 24 hours' notice before they leave.

None of the nurses at the clinic wanted to speak to me, I suspect some are processing their papers and preparing to leave.

Staff are struggling to cope with the number of patients they now have to see

The UK has been on a recruitment drive for medical professionals to plug its own staff shortages due to the impact of the pandemic and Brexit.

Zimbabwe has long underpaid its public sector workers. Nurses employed by the city council earn slightly more than those working in government hospitals.

But in both cases, the nurse on the lowest salary takes home less than $200 (Â£150) a month, just enough to cover the rent for a two-bedroom house in a low-income neighbourhood, but not much else. And they are fed up.

The state Health Service Board says that just over 2,200 medical personnel left its services last year alone: 900 of them were nurses.

This was double the number of staff who left in 2020 and triple that of 2019.

Matron Kaseke told me that at one point nine of Harare council's 43 clinics had scaled down their operations or been closed completely for lack of staff.

I visited Matapi Clinic in the district of Mbare. Its doors were shut and covered in cobwebs.

Mbare is the most densely populated suburb in the capital, and needs these health services.

A group of men was eager to find out what story I was covering.

They used to receive medical attention at this clinic, but now must travel longer distances and have to wait for long periods.

At the nearby clinic that is still operating, staff were struggling to maintain order.

In the outside waiting area, a boisterous nursing assistant student was taking people's blood pressure. The clinics and hospitals are now taking on more students before they are qualified to cover the gap.

It wasn't always like this - public health facilities in Zimbabwe were once envied by other sub-Saharan African countries. But they disintegrated due to decades of under-investment.

In 1992, former first lady Sally Mugabe chose to be treated for kidney failure in a public hospital right up to her death.

Over 25 years later, it was a different story for her husband: former President Robert Mugabe opted to be treated in a private hospital in Singapore, where he later died, far away from the crumbling public healthcare system of his homeland.

From Our Own Correspondenthas insight and analysis from BBC journalists, correspondents and writers from around the world

Listen on iPlayer, getthe podcastor listen on the BBC World Service, or on Radio 4 on Saturdays at 11:30 GMT

So what's it like for the nurses who do settle in the UK?

I spoke to one nurse who has been there since last July.

He tells me with a sense of accomplishment that he now earns about 10 times what he did in Harare, even though British nurses have low pay relative to other professions in the UK.

The money he sends back home goes a long way. He can afford to send his children to boarding schools in Zimbabwe and support relatives in a difficult position.

He has no plans to return any time soon.

'My cousin died as the doctors are all on strike'

Protecting Zimbabwe's special grandmothers from Covid

Africa Today podcasts",https://ichef.bbci.co.uk/ace/branded_news/1200/cpsprodpb/05C8/production/_123608410_nurse3.jpg,Africa
https://www.bbc.co.uk/news/uk-politics-60620289,What is going on with the partygate probe?,Stories about Covid rule breaking in No 10 have gone away but police activities are continuing.,"Before the war in Ukraine, lockdown parties in Downing Street had dominated the news. But while that's no longer the case, much is still going on behind the scenes.

We've been speaking to some of those being investigated, as well as some of the Tory MPs who may ultimately decide the fate of Boris Johnson, to understand what's happening, and predict what might happen next.

Partygate may have fallen away from the main headlines, but the Metropolitan Police's activities have been continuing under the radar.

Downing Street sources have confirmed more than 80 questionnaires have been received by aides, officials and politicians, asking about the events.

The Covid rules when Downing Street parties were held

PM sent lockdown party questionnaire by police

How many parties are police investigating?

We have spoken to some of those who attended at least one of the 12 parties being investigated by the police. So far, no-one has said they have received a fixed penalty notice.

The Met has said it will reveal the number of fixed penalty notices it issues, and the nature of the rule breaches. But they haven't said when.

Naturally, some of those who attended parties have been sent questionnaires but, interestingly, some have not. This could mean the police are focusing their investigation on only ""the most serious and flagrant type of breach"", as then Met Police Commissioner Dame Cressida Dick indicated in January.

If that's the case, it may point to a high number of questionnaires turning into fixed penalty notices.

And it's not impossible the number of people caught in the net begins to grow. I'm told, for example, one civil servant who had been working at his desk while colleagues had been drinking was aggrieved to have received a questionnaire while his boss had not.

Whitehall sources have suggested there were fears among some staff that they might receive multiple fines if they attended more than one event under investigation, and some may face higher fines if they are deemed to have organised and not just attended an event.

So even if Mr Johnson isn't himself fined, critics say he may yet face renewed pressure to go if the scale of rule-breaking is, in the words of an ex-cabinet minister, ""industrial"".

It's still not clear when the Met Police will conclude their involvement. But events in Ukraine may be delaying the process.

So what about Tory MPs? Before the conflict in Ukraine, the prime minister faced political danger. After a raft of allegations about rule-breaking gatherings during lockdowns, a dozen of his own MPs had publicly called for him to go, and more were considering moving against him.

He toured the parliamentary tea rooms, addressed meetings of his restless MPs, and the chatter in the Commons corridors was of little else.

What those Conservative MPs think of him is crucial. If 54 - 15% of the parliamentary party - lose confidence in him, then a vote would be held to determine whether he continues as Conservative leader, and therefore as prime minister.

But this week, a cabinet minister told me the war in Ukraine had changed everything.

Watch: What has Boris Johnson said before about alleged No 10 parties?

Before, speculation about his leadership had almost become ""a self-fulfilling prophecy"", he said. MPs faced with negative headlines might have been tempted to ""lance the boil"" and have a contest to clear the air.

But now, he said, the whole issue was barely mentioned. He believed Mr Johnson's leadership was safe. The cacophony of concern in the Commons corridors has been replaced with sombre silence.

Some MPs who hadn't called for Mr Johnson to go had been preparing to do so if he was fined by the police.

The prime minister's backers had become increasingly confident that this outcome could be avoided. He can claim No 10 is both his home and his office, blurring any lines between working and socialising.

But some now think he does not have to escape a fine to survive. Allies are arguing that ""partygate"" has now been put in perspective. One of them described the lockdown gatherings as ""trivial"" by comparison with war.

Another denounced the rhetoric and self-righteousness of some of Mr Johnson's opponents, adding: ""What is 'sickening' is what Russia is doing in Ukraine, not whether the prime minister got a birthday cake on his birthday.""

An MP, who wants Mr Johnson to go, said a protracted party leadership contest during a crisis was almost unthinkable, in part because there was not an obvious, single candidate - ""no big beast, Hezza-type figure"" - to replace him.

And, significantly, one former minister who had been on the brink of joining calls for the PM to step down, said he had now changed his mind.

""Even if he gets an FPN (a fixed penalty notice fine), those of us who were waiting for evidence of rule-breaking will certainly feel troubled, but we won't go after him."" This was partly due to a feeling is that he has handled the conflict ""OK"".

Another was more blunt: any attempted putsch during the conflict would backfire, and the prime minister could win a leadership vote, with the pain of a contest for no obvious political gain.

And of course, with attention rightly focussed on Ukraine, even some of Mr Johnson's internal opponents concede that a recovery in the polls could disperse the political storm clouds around him.

Others believe that the underlying political climate hasn't dramatically changed.

Mr Johnson's defence is that he has already begun reforming the way Downing Street is run - that some of the people who organised and attended the controversial events have moved on, or left government entirely - and there is a new chief of staff, a new communications director and new ways of working.

Sue Gray delivered an initial update at the end of January

But the effects of partygate may still have a long tail. I'm told there is resentment among some officials that while the prime minister and senior civil servants have paid for their own legal advice when completing the Met questionnaires, no assistance has been given to those who can't afford to do so.

Some of those who have received questionnaires have been subjected to the highest level of security clearance and genuinely do not know if a fixed penalty notice would mean they couldn't continue in their roles.

And if the prime minister escapes a fine but a whole swathe of more junior staff look like the ""scapegoats"", then that too could be politically difficult - playing to the opposition narrative that there is ""one rule for Boris Johnson and another for everybody else"".

What does Sue Gray's parties report say?

Senior Tories demand full No 10 parties report

The prime minister has returned his questionnaire - but with the focus at the heart of government now on the Ukraine crisis, some officials have asked for an extension to the seven-day window for their responses. And I'm told the Met has granted this.

It is also not clear yet if the process will be elongated if some people challenge the fixed penalty notices they receive in court.

A former cabinet minister has come to the conclusion that ""the longer the whole thing takes, potentially the higher the danger"" for the prime minister.

If a fixed penalty notice were to be issued ""in the next few days"", it would get little traction, he told me, but it could become more toxic if and when coverage of the conflict in Ukraine dips.

""I'd say he has had a deferral rather than a reprieve,"" the ex-minister said. ""The timescale moves beyond May and maybe even until October, December - depending on events in Ukraine. But the underlying concerns remain.""

Two factors could still damage Mr Johnson's leadership, according to one Conservative rebel.

One MP says he's received more emails about Downing Street parties than Dominic Cummings's (pictured) trip to County Durham

First, public reaction. He doesn't accept the argument that because voters are focused on the suffering in Ukraine, that they have ""forgiven"" the prime minister for partygate - or forgotten it.

""This issue only looks trivial at Westminster. I had a deluge of emails about it in my inbox. Far more than over Dominic Cummings,"" he said - a reference to the PM's former adviser's infamous lockdown trip to County Durham.

So, when an unexpurgated version of the report by the senior civil servant Sue Gray is published, after the police investigation has concluded, this could provide a focus for more public anger, he argues.

But for him, the issue of whether the prime minister receives a fixed penalty notice or not is something of a red herring.

He believes that what may yet bring Mr Johnson down is not attendance at certain gatherings, but whether he has misled Parliament - and breached the ministerial code. The prime minister has been careful in his language.

In December, in the Commons, he told Labour leader Sir Keir Starmer: ""I have been repeatedly assured that the rules were not broken.""

Now, such caveats may not wash with Mr Johnson's critics. But while the ministerial code states that ""ministers who knowingly mislead Parliament will be expected to offer their resignation"", that resignation would normally be tendered to none other than the prime minister - who ultimately interprets and enforces the code.

Ultimately, whether Mr Johnson remains in office will be a political, not a legal or procedural decision. And, right now, his position feels less precarious than it did.

A former cabinet colleague of Mr Johnson's said that the ""talk in the [House of Commons] tea room is how lucky a politician Boris Johnson has been"".

Then, after a slight pause, he added: ""I remember they once said the same about David Cameron.""

The government has faced intense pressure over gatherings held in and around Downing Street during Covid lockdowns. A police investigation into several of the events has now concluded, with more than 100 fines having been issued to attendees. Here is what we know about the gatherings and the restrictions in place at the time:

15 May 2020

A photo from May 2020 showed the prime minister and his staff with bottles of wine and a cheeseboard in the Downing Street garden. When asked about it, Boris Johnson said ""those people were at work talking about work"".

The rules:

Legal restrictions at the time said you could not leave your house without a reasonable excuse and government guidance was that you could meet one person outside of your household in an outdoor setting while exercising.

This event was not investigated by the police.

20 May 2020

About 100 people were invited by email to ""socially distanced drinks in the No 10 garden this evening"". Witnesses told the BBC the PM and his wife were among about 30 people who attended.

Boris Johnson apologised to MPs for attending the event, saying he spent 25 minutes thanking staff, before returning to his office.

The police investigation determined that this event did breach the rules in place at the time.

18 June 2020

A gathering took place in the Cabinet Office to mark the departure of a No 10 private secretary.

The police investigation determined that this event did breach the rules in place at the time.

We know at least one fine has been issued after the government's former head of ethics admitted receiving one and apologised for attending the event.

19 June 2020

On Boris Johnsonâs birthday, up to 30 people gathered in the Cabinet Room at No 10 to present the prime minister with a birthday cake and sing Happy Birthday, according to a report by ITV News.

No 10 said staff had ""gathered briefly"" to ""wish the prime minister a happy birthday"", adding that he had been there ""for less than 10 minutes"".

The rules:

Restrictions at the time banned most indoor gatherings involving more than two people.

The police investigation determined that this event did breach the rules in place at the time.

We know at least three attendees have received fines from the police, with the PM, his wife Carrie Symonds and Chancellor Rishi Sunak all confirming they have paid fixed penalty notices.

13 November 2020

Two gatherings are understood to have taken place in Downing Street on this date: one to mark the departure of a special adviser and one in the Downing Street flat.

According to a report in the Daily Telegraph, the gathering in the flat where Mr Johnson and his wife live was to celebrate the departure of Dominic Cummings, the PM's former senior adviser. A spokesman for Mrs Johnson denies the party took place.

The rules:

Eight days earlier Boris Johnson had announced a new lockdown in England. Indoor gatherings with other households were banned, unless they were for work purposes.

The police investigation determined that an event on this date did breach the rules in place at the time but they have not confirmed whether it was one or both of the events.

27 November 2020

A leaving event was held for No 10 aide, Cleo Watson, where people were drinking, and Mr Johnson made a speech, according to sources.

This event was not investigated by the police.

10 December 2020

The Department for Education has confirmed it had an office gathering to thank staff for their work during the pandemic. It says drinks and snacks were brought by those who attended and no outside guests or support staff were invited.

The rules:

Eight days earlier, London had been placed in restrictions which banned two or more people from different households from meeting indoors, unless ""reasonably necessary"" for work purposes.

This event was not investigated by the police.

14 December 2020

The Conservative Party has admitted that an ""unauthorised gathering"" took place at its HQ in Westminster. It was held by the team of the party's London-mayoral candidate, Shaun Bailey, who has since stepped down as chair of the London Assembly police and crime committee.

In December, police said they would be contacting two people who attended the party.

This event was not included in Sue Gray's report.

15 December 2020

Multiple sources have told the BBC there was a Christmas quiz for No 10 staff last year. A photo - published by the Sunday Mirror - shows Boris Johnson taking part and sitting between two colleagues in No 10. Mr Johnson has denied any wrongdoing.

The rules:At this time, the rules in London banned two or more people from different households from meeting indoors, unless ""reasonably necessary"" for work purposes.

This event was not investigated by the police.

16 December 2020

The Department for Transport has apologised after confirming reports of a party in its offices, calling it ""inappropriate"" and an ""error of judgment"" by staff.

This event was not included in Sue Gray's report.

17 December 2020

A leaving party was held at the Cabinet Office for the outgoing head of the civil service Covid taskforce - the team responsible for drawing up coronavirus restrictions.

Kate Josephs, now chief executive of Sheffield City Council, apologised for the event, saying she was ""truly sorry that I did this and for the anger that people will feel as a result"".

A second gathering was held in the Cabinet Office to hold an online Christmas quiz for the Cabinet Secretaryâs private office.

A third gathering was held in No 10 Downing Street to mark the departure of a No 10 official

The police investigation determined that an event on this date did breach the rules in place at the time but they have not confirmed whether it was one or all of the events.

18 December 2020

Downing Street originally denied a report by the Daily Mirror that a party took place in Downing Street on this date.

However, a video obtained by ITV News showed the prime minister's then-press secretary Allegra Stratton joking about reports of the event, saying: ""This fictional party was a business meeting and it was not socially distanced.""

The police investigation determined that this event did breach the rules in place at the time.

14 January 2021

A gathering was held in No 10 Downing Street to mark the departure of two private secretaries.

The police investigation determined that this event did breach the rules in place at the time.

16 April 2021

Two parties were held by Downing Street staff at No 10, the night before Prince Philip's funeral.

One of the events was a leaving party for the PM's then director of communications James Slack, who has apologised for the event and acknowledged it ""should not have happened at the time that it did"".

Boris Johnson was not at either party.

The rules

The rules had been eased in England on 12 April, but working from home continued to be recommended and socialising indoors with people from other households was not allowed. Meeting others outdoors was limited to groups of six people or two households.

The police investigation determined that an event on this date did breach the rules in place at the time but they have not confirmed whether it was one or both of the events.

We know fines have been issued to some people who attended Mr Slackâs leaving party, but we do not know who they were issued to.

Ukraine war halts talk about PMâs future, for now",https://ichef.bbci.co.uk/ace/branded_news/1200/cpsprodpb/D7FA/production/_123509255_mediaitem123509254.jpg,UK Politics
https://www.bbc.co.uk/sport/cricket/60671685,Cricket World Cup: England beaten by West Indies in Dunedin,England engineer their own downfall in a damaging seven-run defeat by West Indies at the Women's World Cup in Dunedin.,"Dropped catches cost England in shock defeat by Windies

Women's World Cup, Dunedin

West Indies 225-6 (50 overs):Campbelle 66, Nation 49*, Ecclestone 3-20

England 218 all out (47.4 overs):Beaumont 46, Connell 3-38

West Indies won by seven runs

Scorecard.Table

England engineered their own downfall in a damaging seven-run defeat by West Indies at the Women's World Cup in Dunedin.

The defending champions missed six chances in the field, conceded 23 runs in wides, then made a mess of chasing 226 for their second loss in as many games.

They were given hope by a ninth-wicket stand of 61 between Kate Cross and Sophie Ecclestone, only for Cross to be run out backing-up for 27.

That left nine to win and, one run later, number 11 Anya Shrubsole was bowled by Anisa Mohammed to give West Indies their first win over England at the World Cup.

West Indies had earlier been reduced from 81-0 to 98-4, before a stand of 123 between Shemaine Campbelle and Chedean Nation lifted them to 225-6.

And, even though West Indies dropped three catches of their own, they ultimately squeezed England for a famous win.

With the top four from the eight-team group going through to the semi-finals, England's defence of the trophy they won in 2017 is far from over, but they now have little margin for error.

Their next game is against South Africa in Tauranga on Monday.

West Indies add this scalpto their victory over hosts New Zealandand are in a strong position for a tilt on the semi-finals.

'No way' are England out, says captain Knight

World Cup fixtures and results

Winfield-Hill drops Dottin first ball

For all of the positives England took fromfalling only 12 runs short of chasing 311 in their opening game against Australia,the mistakes they made with the ball and in the field in that match were repeated in Dunedin.

Lauren Winfield-Hill dropped Deandra Dottin from the first ball of the match.

With Hayley Matthews also put down twice, West Indies' openers were able to add 81.

England were at least able to fight back, chiefly through the left-arm spinner Ecclestone, who removed Matthews and Stafanie Taylor, either side of Dottin being run out as three wickets fell in the same over.

However, after Kycia Knight chipped Ecclestone to short cover, Campbelle and Nation took advantage of more England mistakes to rebuild the West Indies innings.

Nation was dropped by Shrubsole on 23 and should have been run out for 24, only for wicketkeeper Amy Jones to drop the ball.

Campbelle overturned being given lbw to Heather Knight on seven and was put down by Shrubsole on 55.

Facing what would have been their highest successful chase in a World Cup match, England struggled on a wearing pitch.

From 94-5, they were first revived by a stand of 60 between Danni Wyatt and Sophia Dunkley then, after three wickets fell for two runs, the composure of Cross and Ecclestone.

With the finish line in sight, it was cruel for Cross to be run out when Ecclestone's drive hit Mohammed's fingers en route to the non-striker's stumps, with Cross out of her ground.

Three balls later, England were beaten.

These opening World Cup defeats follow an Ashes series where England went winless against Australia.

Their top-order batting is reliant on the trio of Knight, Nat Sciver - who both failed in Dunedin - and Tammy Beaumont, who was dropped on six before making 46.

Opener Winfield-Hill is without a half-century since 2016 and has been backed over Emma Lamb, the only batting reserve in the squad. Wicketkeeper Jones looks bereft of confidence with the bat and could drop below Dunkley and Wyatt in the order.

Of greater concern is the unforced errors with the ball and in the field.

The missed chances are immeasurably costly, while their first two games have seen England concede 21 and 23 runs to wides respectively, with the defeats coming by margins of 12 and seven runs.

'An unbelievable piece of athleticism' Dottin takes sensational catch

If West Indies' win over New Zealand was a surprise, this was a huge shock, but one that came from resilience and determination.

They could have imploded when losing four wickets for 17 runs - including three for nought - but Campbelle, with 66, and Nation's 49 not out dragged them to a winning total with patience, control and intelligence.

West Indies had their own problems with drops and wides, but in Dottin they have perhaps the best fielder in the world and she pulled of a spectacular, gravity defying catch to hold Winfield-Hill in one hand, diving to her left.

And, when Cross and Ecclestone were edging closer, West Indies held their nerve, with Shrubsole's wicket sparking joyous celebrations from the women in maroon.

England captain Heather Knight:""The fielding performance wasn't us. We're not too concerned, but there's a bit of frustration. There's a lot we could have done differently. We've got to be better as a fielding group.""

West Indies captain Stafanie Taylor:""It's not something that I like, it was a bit nerve-wracking for me but I'm really glad that we came out on the good side. We had to bowl really well and field well, I think we did that in patches. We need to look at that and be as consistent as we can.""

Former England spinner Alex Hartley on Test Match Special:""That's not good enough. Things have got to change. England should be really disappointed with themselves.""

ECB: Women's Cricket",https://ichef.bbci.co.uk/ace/branded_sport/1200/cpsprodpb/1854C/production/_123606699_knight.png,Cricket
https://www.bbc.co.uk/sport/football/60651560,Liverpool 0-1 Inter Milan (2-1 on agg),"Liverpool's seven-match winning run in the Champions League is ended by Inter Milan, but Jurgen Klopp's side progress to the quarter-finals with a 2-1 aggregate win.","'Not over the moon, but really happy we went through'

Jurgen Klopp said Liverpool deserve to be in the Champions League quarter-finals despite some ""slapstick"" finishing as they were beaten by Inter Milan in the second leg of their last-16 tie at Anfield.

An outstanding finish by Lautaro Martinez was not enough for the Italian champions as the late goals by Roberto Firmino and Mohamed Salah in the first leg in Milan three weeks ago proved decisive.

""The art of football is to lose the right games,"" said manager Klopp after Liverpool's seven-match winning run in Europe this season came to a disappointing end.

""I still hate it, but if there was any game we could have afforded to lose it was this one because the main target of this competition is to get through.

""It's not that I am over the moon - I'm really happy we went through, because when we saw the draw it was 'OK, that's a tough one'. But we went through over two legs and I think we deserved it.

""It's a big 'if' but if we had used our chances from set-pieces and other situations - it was a bit slapstick how we missed the chances - in the end we could still have won the game.

""But the only thing I'm interested in is that it is fair we are through.""

Reaction from Anfield and Tuesday's Champions League games

Go straight to all the best Liverpool content

Martinez gave Alisson no chance with an arrowed finish from 20 yards in the 61st minute.

But Inter's hopes of forcing extra time with a second goal faded when former Arsenal and Manchester United forward Alexis Sanchez was sent off just two minutes later for a second yellow card.

Liverpool hit the woodwork three times in a bad-tempered game which, in addition to Sanchez's red card, saw six other players booked.

After Joel Matip headed against the bar, Salah struck the post twice in front of the Kop.

The draw for the last eight takes place on 18 March in Nyon, Switzerland.

The game was also stopped for a few minutes in the first half due to a medical emergency in the crowd.

There was a sense of relief around Anfield at full-time after Liverpool suffered a scare before booking their place in the last eight.

The Reds were far from their best, but looked in control of the tie until Martinez's excellent strike, and Sanchez's dismissal then gave the hosts fresh momentum.

A first defeat of 2022, after a terrific run in which they have delivered a trophy with the EFL Cup, will serve as a reminder to Klopp that there is still work to do if they are to end the season with more success.

Having scored 109 goals in their previous 43 games, this was a rare occasion they failed to find the net.

Liverpool did everything but score, though, as they rattled the bar and post, while substitute Luis Diaz was denied at point-blank range in the dying stages by Arturo Vidal's block.

One positive for Klopp was the performance of Trent Alexander-Arnold, who seems to get better and better the longer the season goes on.

He was at the heart of all his side's best moves and went close to scoring from a free-kick at the end of the first half.

This defeat came almost a year to the day since Liverpool's last defeat at Anfield.

Mario Lemina scored the only goal to give relegation-threatened Fulham a surprise away win on 7 March 2021.

Liverpool had gone 28 games unbeaten at home - winning 21 and drawing seven - before Inter's first victory over the Reds since 1965.

Despite the loss, Klopp's men have now reached the Champions League quarter-final stage for the fourth time in the last five seasons.

Our coverage of Liverpool is bigger and better than ever before - here'severything you need to knowto make sure you never miss a moment

Everything Liverpool - go straight to all the best content",https://ichef.bbci.co.uk/ace/branded_sport/1200/cpsprodpb/13150/production/_123606187_gettyimages-1383127603.jpg,European Football
https://www.bbc.co.uk/sport/cricket/60665827,England in West Indies: Jonny Bairstow's brilliant century rescues tourists in Antigua,Jonny Bairstow's hundred rescues England after another batting collapse on day one of the first Test against West Indies in Antigua.,"Bairstow's hundred was his eighth in his 81st Test

First Test, Sir Vivian Richards Stadium, Antigua (day one):

England 268-6:Bairstow 109*, Foakes 42; Holder 2-15

West Indies:Yet to bat

Scorecard

Jonny Bairstow's sensational hundred rescued England after their new era began with a familiar batting collapse on day one of the first Test against West Indies in Antigua.

Bairstow came in at 48-4 and hit 109 not out, his second ton in as many Tests, to steer England to 268-6 at the close.

He put on 67 with Ben Stokes and 99 with Ben Foakes, who made a composed 42 on his recall to the team.

In their first Test since their humiliating 4-0 Ashes defeat, England lost four wickets in the first session, including captain Joe Root - bowled by Kemar Roach for 13.

Alex Lees made just four on debut while Zak Crawley nicked behind for eight to follow his fellow opener in departing inside four overs.

But Bairstow showed great application before becoming increasingly aggressive as West Indies lost their discipline and tired late in the day.

He shared an unbeaten stand of 54 with Chris Woakes to reach the close unbeaten, Woakes ending 24 not out.

On a slow pitch Bairstow's knock put his side in a decent position, one that looked out of reach earlier in the day, as they look to move on from their Ashes fallout and a run of one win in 14 Tests.

TMS podcast: Bairstow's brilliance, Sir Viv's 70th & Lee on Warne

England in West Indies 2022

All of the talk in the lead-up to this three-Test series has been of England's ""red-ball reset"".

Former head coach Chris Silverwood departed last month and record-breaking bowling pair James Anderson and Stuart Broad have been left out. But when the top order wilted once again, England were in a situation that became all-too-common during the Ashes.

They made six changes from the final Ashes Test defeat in Hobart but it was Bairstow, a 32-year-old playing his 81st Test, who stood-up when his side looked like plunging further.

After being recalled for the third Test in Australia, Bairstow hit the only England century of the series a match later in Sydney before missing the final Test through injury. This century was every bit as impressive as that courageous knock in the drawn Test at the SCG.

Bairstow has scored centuries in three consecutive matches when including his 106 not out in the warm-up match in Antigua

The only scare came on 59 when he was given out caught behind off left-arm spinner Veerasammy Permaul, but an immediate review saw him reprieved, having clearly missed it.

He took 128 balls to reach 50 but only another 62 to go to his eighth Test hundred, attacking the increasing amount of width on offer.

After Stokes was bowled by 20-year-old seamer Jayden Seales for a scratchy 36, it was the partnership between Bairstow and Foakes that swung the day in England's favour.

Wicketkeeper Foakes looked impressively assured until getting a delivery from Jason Holder that kept a little low and trapped him lbw.

The day will be remembered for Bairstow's knock - an innings that could prove crucial in halting the downward spiral of this England side.

Joe Root scored 1,708 runs in 15 Tests in 2021

That spiral only looked like continuing after another dismal top-order display.

Lees was perhaps unfortunate. The 28-year-old Durham left-hander was set-up brilliantly by Roach to be trapped lbw from round the wicket - a decision that was upheld on review but a close umpire's call on impact.

But opening partner Crawley played an awful, loose drive and was superbly caught off an inside edge one-handed by wicket-keeper Joshua da Silva diving to his left.

Having promoted himself to number three in this new line-up, Root made a rare error and was bowled leaving a ball that nipped back from Roach, while Dan Lawrence, recalled to bat number four, poked to offer a catch to second slip on 20, having previously looked settled.

England ended the first session of their new era 57-4.

Experienced pair Roach and Holder, who bowled five overs without conceding a run before lunch, were excellent in the first session but youngsters Seales and Alzarri Joseph offered too many boundary balls afterwards, spoiling West Indies' fine start.

Holder also put down Woakes on nought - a tough diving chance at slip off Joseph - and the slow surface saw other edges fall short of fielders.

BBC cricket correspondent Jonathan Agnew:""England are definitely back in the match thanks to Stokes, Bairstow and Foakes, with a flourish at the end from Woakes.

""West Indies will be disappointed they couldn't take a wicket with the new ball before the close.""

England batter Jonny Bairstow:""I am very passionate about playing Test cricket. I am absolutely delighted. It has been a good start to the year and hopefully that can continue.

""It is going to be an interesting one tomorrow morning. It will be a big morning session. We would like to push on to 320-350. Anything from there is a bonus from the start we had. If you look too far ahead you can very quickly come up short.""

West Indies all-rounder Jason Holder:""Jonny played really well and brought England right back into the game. We had a really good start with the new ball, but it was slow going after that. The wicket got a lot better.

""If I am being critical we leaked too many boundaries. We need to make the second new ball count.""",https://ichef.bbci.co.uk/ace/branded_sport/1200/cpsprodpb/10AFE/production/_123605386_gettyimages-1383118807.jpg,Cricket
https://www.bbc.co.uk/sport/football/60667847,Bayern Munich 7-1 FC Red Bull Salzburg (8-2 agg): Hosts thrash Austrians to advance into last eight,Robert Lewandowski scores the earliest ever Champions League hat-trick as Bayern Munich thrash Red Bull Salzburg 6-2 on aggregate to reach the quarter-finals.,"Only Lionel Messi and Cristiano Ronaldo have scored more goals for a single team in the Champions League than Robert Lewandowski

Robert Lewandowski scored a hat-trick inside the opening 23 minutes as Bayern Munich thrashed Red Bull Salzburg to reach the Champions League quarter-finals.

The Poland captain, on his 100th start in the competition, confidently stroked home two penalties inside 21 minutes, after twice being recklessly brought down by Salzburg defender Maximilian Wober, the second confirmed after a VAR review.

The first spot-kick, swept into the bottom-left corner, was Lewandowski's 40th goal of the season in all competitions.

He added his third after chasing down an attempted clearance from visiting goalkeeper Philipp Kohn to tap in from close range.

It is the first time a Champions League hat-trick has been completed as early as the 23rd minute, although it is not the quickest treble in the competition, with that record held by Bafetimbi Gomis following his three goals in eight minutes for Lyon in a 7-1 win over Dinamo Zagreb in 2011.

Bayern's quick start put them firmly in control of a game that had been billed as ""all or nothing"" by some in the Bavarian media after the six-time winners were held to adisappointing 1-1 draw in the first leg in Austria.

Matthias Jaissle's Salzburg had early chances with Nicolas Capaldo and Nicolas Seiwald both guilty of failing to convert glorious opportunities.

They were made to pay for their profligacy by the deadly Lewandowski before another mistake in defence allowed Serge Gnabry to add a fourth with a low shot that squirmed under Kohn, while Thomas Muller thumped in a fifth after the break.

On an otherwise bleak night for the visitors Maurits Kjaergaard did at least mange a consolation with a powerful effort into the top-left corner.

But that only seemed to stir Julian Nagelsmann's team back into life, with Muller finishing off a well-worked move for number six before Leroy Sane thumped home late on.

Relive Tuesday's Champions League action

Much had been made of Bayern's defensive vulnerabilities after they only scraped a late draw in the first leg, and Salzburg appeared to have real hope of becoming the first Austrian team to reach the last eight of this competition since 1985.

But when it came to it they simply had no answer to a masterclass at the Allianz Arena, with Lewandowski the catalyst for a simple yet ruthless night's work by the hosts.

The 33-year-old twice outfoxed Wober to set the tone for the second leg and his third - as he reached 85 Champions League goals in three fewer matches than Lionel Messi and 17 before Cristiano Ronaldo - was all about his determination to keep going.

After Ronaldo (seven) and Messi (five), Lewandowski is now only the third player to score 10 or more goals in three or more different Champions League campaigns.

And not content to rest on his laurels after becoming the top scorer in this season's competition, Lewandowski was also involved in Muller's second before teeing up Sane for Bayern's seventh of the night.",https://ichef.bbci.co.uk/ace/branded_sport/1200/cpsprodpb/0D0C/production/_123604330_gettyimages-1383113658.jpg,Champions League
https://www.bbc.co.uk/sport/tennis/60667095,Andy Murray pledges to donate prize money to help children in Ukraine,Andy Murray pledges to donate his earnings from prize money for the rest of the year to help children affected by Russia's invasion of Ukraine.,"Andy Murray has a wildcard for this month's Masters Series event in Indian Wells

Andy Murray has pledged to donate his prize-money earnings for the rest of the year to help children affected by Russia's invasion of Ukraine.

The British former world number one is working with Unicef to provide medical supplies and development kits.

Russia'sattack on Ukrainehas so far seenmore than two million peopleflee the country.

""Over 7.5 million children are at risk with the escalating conflict in Ukraine,""said Murray, 34.

The three-time Grand Slam winner, who is an ambassador for Unicef UK, added: ""It's vital education continues, so Unicef is working to enable access to learning for displaced children, as well as supporting the rehabilitation of damaged schools, together with replacement equipment and furniture.""

Earlier on Tuesday, tennis' governing bodies announced a donation of $700,000 (Â£530,000) to help humanitarian efforts in Ukraine and support the Ukraine Tennis Federation.

Live: UK and US announce ban on Russian oil over Ukraine

Meanwhile, golf's PGA Tour commissioner Jay Monahan has confirmed money is being donated to Unicef through Golfers for Ukraine, with $316,000 (Â£241,000) raised so far.

""Our hearts go out to the people of Ukraine and those caught in the crosshairs of the conflict,"" said Monahan. ""We hope for an end to the senseless violence and a peaceful resolution.""

Covid pseudoscience?Delve into the conspiracy that gripped a picturesque British town

International Women's Day:Four strikes that made history

ATP

WTA

LTA",https://ichef.bbci.co.uk/ace/branded_sport/1200/cpsprodpb/1104E/production/_123601796_gettyimages-1371985194.jpg,Tennis
https://www.bbc.co.uk/sport/football/60648692,World Cup 2022: Wales' play-off with Austria to go ahead in March,Wales' World Cup play-off semi-final against Austria later this month will be played as scheduled.,"The Football Association of Wales has sold out Cardiff City Stadium for their World Cup play-off semi-final against Austria and potential final against Scotland or Ukraine

Wales' World Cup play-off semi-final against Austria will go ahead this month despite the postponement of Scotland v Ukraine.

The winners of the two ties were due to face each other on 29 March for a place at Qatar 2022.

Fifa hasaccepted Ukraine's request to push back their tie in Glasgowfollowing Russia's invasion of their country.

However, Wales' game with Austria will be staged as planned on 24 March.

""The FAW supports Fifa's decision in this matter and stands in solidarity with Ukraine and reiterates its condemnation for the use of force and the atrocities being committed by Russia,"" the Football Association of Wales said in a statement.

If Robert Page's side win, the Wales manager will then have to wait several months before knowing who they will face - and when - for a place in Qatar 2022 later this year.

Discussions are under way over a new date for Scotland versus Ukraine, with the Nations League window in June the most likely option.

The final could then also take place shortly after, though Wales are currently due tohost both Belgium and the Netherlands this summerin addition to trips to Rotterdam and Poland.

""Alternative fixtures for teams in the March window are being explored by the relevant parties.,"" Fifa said in a statement.

""Similarly, the details of rescheduled fixtures will be announced in due course and the international match calendar window of June will be adapted as necessary for the teams concerned once these details have been finalised.""

Last week FAW chief executive Noel Mooney said they would do whatever the could to show solidarity with Ukraine.

""We are a football family at the Football Association of Wales. We love football but we're also socially conscious as well,"" said Mooney.

""Like anybody else we're appalled and disgusted by what's happening right now with the Russian invasion of Ukraine.""

The World Cup finals take place from 21 November to 18 December and the the draw for the tournament is scheduled for Friday, 1 April in Doha.

PEOPLE THOUGHT OF AS BITS OF AN ALGORITHM:Life and death in the warehouse

LOVE LETTER TO WRESTLING:The best there is, the best there was, the best there ever will be

BBC Wales News & Sport

BBC Sport Welsh Football

Football Association of Wales",https://ichef.bbci.co.uk/ace/branded_sport/1200/cpsprodpb/0FF8/production/_123588040_gettyimages-1353099031.jpg,Wales
https://www.bbc.co.uk/sport/av/cricket/60672395,'An unbelievable piece of athleticism' - Dottin's catch wins catch of tournament vote,West Indies' Deandra Dottin's sensational catch to dismiss England's Lauren Winfield-Hill at the Women's World Cup has been voted as the catch of the tournament by BBC Sport readers.,"There was an error

West Indies' Deandra Dottin's sensational catch to dismiss England's Lauren Winfield-Hill at the Women's World Cup has been voted as the catch of the tournament by BBC Sport readers. Full storyhere.",https://ichef.bbci.co.uk/ace/standard/1024/cpsprodpb/1B94/production/_123606070_p0bt89k5.jpg,
https://www.bbc.co.uk/news/uk-60683248,Russia could launch chemical attack in Ukraine - White House,"False claims about chemical weapon development are a Russian ploy to justify more attacks, says Jen Psaki.","Russia has been shelling Ukrainian cities, including Irpin, near the capital Kyiv

Russia could be planning a chemical or biological weapon attack in Ukraine - and ""we should all be on the lookout"", the White House has said.

Press secretary Jen Psaki said Russia's claims about US biological weapon labs, and chemical weapon development in Ukraine, were preposterous.

She called the false claims an ""obvious ploy"" to try to justify further premeditated, unprovoked attacks.

It comes after Western officials shared similar concerns about fresh attacks.

They said they were ""very concerned"" about the risk the war could escalate, and particularly the possibility of Russia using non-conventional weapons.

This most likely refers to chemical weapons although the term also covers tactical (small-scale) nuclear weapons, biological weapons and dirty bombs.

""We've got good reason to be concerned,"" said one Western official.

They said this was partly because of what had been seen in other places where Russia has been engaged - notably Syria where chemical weapons were used by its allies.

Ms Psaki said: ""We should all be on the lookout for Russia to possibly use chemical or biological weapons in Ukraine, or to create a false flag operation using them - it's a clear pattern.""

Earlier on Wednesday, the UK Ministry of Defencesaid in a tweetthat Russia had usedthermobaric rocketsin Ukraine. These rockets are also known as vacuum bombs because they suck in oxygen from the surrounding air to generate a high-temperature explosion.

This makes them more devastating than conventional explosives of a similar size, and can have a terrible impact on people caught in their blast radius.

In a subsequent update, the ministry said it was likely ""experienced mercenaries"" from Russian private military companies associated with the Kremlin were deploying to fight in Ukraine.

The update added Russian mercenaries have been accused of committing human rights abuses in Africa and the Middle East, including in Syria, Libya and the Central African Republic.

Allow X content?

This article contains content provided by X. We ask for your permission before anything is loaded, as they may be using cookies and other technologies. You may want to readXâs cookie policyandprivacy policybefore accepting. To view this content chooseâaccept and continueâ.

The fears around chemical weapon use were borne from Russian claims potentially ""setting the scene"" for some kind of ""false flag"" claim, Western officials said.

In atweet, the Russian Embassy referred to claims that ""recently found documents"" showed components of biological weapons were made in Ukrainian laboratories - with funding from the US Department of Defense.

The US dismissed the claims, saying it was the ""kind of disinformation operation we've seen repeatedly from the Russians over the years in Ukraine and in other countries"".

Russian officials and media have also claimed in recent days that Ukraine was planning to build a so-called dirty bomb - which disperses radioactive material.

Meanwhile Russia's foreign minister has claimed Ukraine had been seeking nuclear weapons.

Some believe Moscow is pushing these claims to come up with a justification for its own public about why it invaded Ukraine. But Western officials also fear they could be used as the basis for a ""false flag"" event.

For example, Russia could claim any dispersal of non-conventional weapons came from Ukrainian facilities or troops, or they were used first by Ukraine. That could justify, for Moscow, the subsequent use of non-conventional weapons by Russia.

The Western official said similar stories had come from Russia before their use in Syria.

There were ""other indications as well"", they said - likely referring to some kind of intelligence. ""It's a serious concern for us.""

Russia's ally, the Assad government, used chemical weapons in Syria on multiple occasions against civilians.

Russia is also accused of using nerve agents - a type of chemical weapon - in attempted assassinations like that ofSergei Skripal in Salisbury in 2018and against opposition figureAlexei Navalny in Russia in 2020.

The global watchdog that oversees the Chemical Weapons Convention - the OPCW - describesa chemical weapon as a chemical used to cause intentional death or harm through its toxic properties.

Their use is banned under international humanitarian law regardless of a valid military target because their effects are indiscriminate by nature and designed to cause superfluous injury and unnecessary suffering.

LIVE:Latest updates from on the ground

OCCUPIED CITY:'We are not co-operating'

RUSSIA MOTHERS:'How do I get my soldier son back?'

EXPLAINED:Why Putin has invaded Ukraine?

IN DEPTH:Full coverage of the conflict

Do you have any questions about the crisis in Ukraine? Email.

if you are willing to speak to a BBC journalist. You can also get in touch in the following ways:

Upload pictures or video

you will need to to submit your question or comment or you can email us at. with any submission.",https://ichef.bbci.co.uk/ace/branded_news/1200/cpsprodpb/FF8E/production/_123622456_976_gettyimages-1383530706.jpg,World
https://www.bbc.co.uk/news/uk-60686254,Ukrainians with passports can apply for UK visas online,"More than 1,000 visas have been issued but Boris Johnson says that number will 'climb very steeply'.","Ukrainians with passports will be able to apply for UK visas online from Tuesday - Priti Patel

Ukrainian refugees who have passports will be able to apply for UK visas online from Tuesday, says Priti Patel.

The move has been done with the approval of the security services, the home secretary told MPs.

It will only apply to people applying under the scheme where they can join family members already in the UK.

The speed of the UK's response has been criticised, with Labour's Yvette Cooper calling it a ""total disgrace"".

Ms Patel said those applying online would be able to give their biometric data, such as fingerprints, once in the UK - allowing visa application centres to focus on those without passports.

No further details were given about how a second scheme for refugees, in which people and organisations could sponsor Ukrainians to come to the UK, would work or when it would begin.

It had been suggested that the family scheme might be expanded to include relatives of people in the UK on temporary visas but this was not addressed by the home secretary in the Commons.

Butthe Foreign Office has confirmedthat all Ukrainian staff working for the British embassy and British Council in Ukraine plus their dependents are also able to come to the UK.

Prime Minister Boris Johnson said it was right that the UK should have ""an offer as generous as possible"" that was ""as light touch as possible"" for refugees, but said it remained important to have checks.

He said ""more than 1,000"" visas had been issued but added that number would ""climb very steeply"".

Meanwhile, a UK charity appeal for Ukraine has raised Â£120m in less than a week. The Disasters Emergency Committee - made up of a group of UK aid charities -said the level of donations is second onlyto the response to the Boxing Day earthquake and tsunami in 2004.

UK Home Office in crisis mode over Ukrainian visas

Ukraine: Does the Home Office need to get a grip?

How does the UK's visa scheme for Ukrainians work?

Ms Patel said the new ""streamlined approach"" to visas would make the application process ""quicker and simpler"" but that theUkrainians with passports can apply for visas onlinedigital system would still allow ""important checks"" to be done.

Speaking about the issue of security, Ms Patel said the Salisbury poisonings in 2018 had showed what Russian President Vladimir Putin was ""willing to do on our soil"" and demonstrated that ""a small number of people with evil intentions can wreak havoc on our streets"".

MPs who had been pushing the government to go further and faster have called the change progress - but many are anxious for more details of the second sponsorship scheme to take in Ukrainians without family in the UK.

An announcement on this may not come until Monday, BBC political editor Laura Kuenssberg said.

Shadow home secretary Ms Cooper asked why it had taken ""being hauled into the House of Commons to make basic changes to help vulnerable people who are fleeing from Ukraine?""

She also questioned why there had been a delay when the home secretary had ""had intelligence for weeks, if not months, that she needed to prepare for a Russian invasion of Ukraine"".

Yvette Cooper on the Home Office response to Ukrainian refugees: âOur country is better than thisâ

During a visit to the Tapa military base in Estonia, Labour leader Sir Keir Starmer said the Home Office approach to visas had been a ""complete shambles that is diminishing our reputation across the world"".

He later told BBC Radio 5 Live the Home Office was ""chopping and changing"" policies and ""making it harder"" for refugees to reach the UK.

Scotland's First Minister Nicola Sturgeon has written to Mr Johnson urging him to do what the EU has done and waive all visa requirements for any Ukrainian nationals. Poland alone has taken in nearly 1.3 million people so far.

Earlier Ukraine's ambassador to the UK, Vadym Pystaiko, said refugees must not face bureaucratic hurdles, adding that most refugees did not pose a threat.

From Phil Mackie in Arras, France

The PrÃ©fecture du Pas-de-Calais has announced where the ""pop-up"" visa processing centre for Ukrainian refugees will be.

There had been reports it would be in Lille, but it's in Arras in France, which is one hour from Calais, two from Brussels and three from Paris.

Although the UK government had promised that it would be open for several days, it still isn't, but the French authorities say it will be by Friday.

Many of the hundreds of Ukrainians who are in northern France have spent the past week travelling to the French and Belgian capitals to submit biometric information and documentation.

Many have already been processed and it's thought most will be by next Tuesday, when the process becomes simpler and will move online.

Meanwhile, the UK has announced sanctions against seven more Russian oligarchsincluding Chelsea FC owner Roman Abramovich.

How many people have fled Ukraine?

At UK visa centre in Poland: 'There could be riots'

More than two million people have fled Ukraine since Russia invaded, and the Home Office has come under pressure to speed up visa processing.

Armed Forces Minister James Heappey told BBC Breakfast the Ministry of Defence had offered to assist the Home Office with the visa process, although the countries where application centres are set up would have to approve British troops being sent to help.

The decision to allow Ukrainians with an identity document to apply online for a visa to join family members in the UK is significant.

It means that from next week many refugees escaping the war and heading for Britain will not have to go to a visa application centre or VAC.

Allowing them to complete biometric tests in the UK after they arrive will reduce the pressure on stretched facilities in Poland, Hungary and elsewhere in Europe.

Biometrics required as part of a UK visa application include fingerprints and a photograph of the applicant's face.

However, the new rules will still exclude anyone who fled without their passport or identity document. They will have to go to a VAC in person. The rules also exclude Ukrainian residents who are not citizens of Ukraine.

Read more from Markhere.

Speakingon BBC One's Question Time, Mr Prystaiko pointed out that most of those trying to get to the UK were women with children who were not posing a terrorist threat and said he hoped ""every bureaucratic red tape should be cancelled"".

Elsewhere, Education Secretary Nadhim Zahawi said plans were under way to prepare for up to 100,000 Ukrainian children who might need places in UK schools.

Watch: A British man has called the UK visa process ""torturous"" after his wife's family fled Ukraine

Luke Morgan has spent the last week trying to get hold of visas for his wife's family - travelling to Calais, Brussels and then Paris in an effort to fill out the necessary paperwork and provide biometric data.

Visas were finally granted on Wednesday for his wife's parents, sister and two nephews and the group set off for Calais right away after getting the visas.

The refugee crisis has escalated rapidly in recent days as Russia ramped up bombardments of civilian areas in cities.

On Wednesday,an air strike hit a maternity and children's ward at a hospitalin the southern city of Mariupol.

The UK government's response to the refugee crisis has also been branded a ""disgrace"" by Tory MP Alec Shelbrooke, while fellow Conservative politician Sir Roger Gale called on Ms Patel to resign over the situation.

LIVE:Latest updates from on the ground

OCCUPIED CITY:'We are not co-operating'

RUSSIA MOTHERS:'How do I get my soldier son back?'

EXPLAINED:Why Putin has invaded Ukraine?

IN DEPTH:Full coverage of the conflict

Ukraine: Does the Home Office need to get a grip?

At UK visa centre in Poland: 'There could be riots'

Visas a shambles, Brits with Ukrainian family say",https://ichef.bbci.co.uk/ace/branded_news/1200/cpsprodpb/12018/production/_123625737_hopcpritipatel.jpg,UK
https://www.bbc.co.uk/news/business-60680787,Ukraine war: Oil price rises again due to fears over Russian shortfall,There is confusion over whether major oil producers will help to plug a gap in supplies from Russia.,"Oil prices rose on Thursday amid confusion over whether major producers would help to plug a gap in supplies from Russia.

The United Arab Emirates had appeared to push members of the Opec producer group to raise output, only for the UAE's energy minister to quash hopes.

The oil price rose more than 5%, after a 17% fall on Wednesday.

""To suggest the oil market is confused would be an understatement,"" said analyst Stephen Innes.

US President Joe Biden and other leaders have pledged to try to ease the price pressures for households. Officials from the US have been in talks with oil producers aimed at boosting supply.

""We favour production increases and will be encouraging Opec to consider higher production levels,"" Ambassador Yousuf Al Otaibasaid in a statementtweeted by the UAE Embassy in Washington.

But the energy minister Minister Suhail al-Mazrouei said later that the Gulf state remained committed to the existing Opec monthly output agreement, which fixes how much crude is produced by member countries.

Oil prices have jumped more than 30% since 24 February, touching $139 (Â£105) a barrel at one point this week. The oil price had fallen back to about $106 a barrel at one point on Wednesday, but by Thursday morning it was trading at around $116.

Could the world survive without Russian oil and gas?

On Tuesday, German Economy Minister Robert Habeck issued an ""urgent appeal"" to Opec oil producers to increase output ""to create relief on the market"".

Saudi Arabia-led Opec and an extended group of oil producers called Opec+ - which includes Russia - have agreed to avoid a price war and keep control over the market.

Mr Innes, managing partner of SPI Asset Management, said: ""To suggest the oil market is confused would be an understatement as we are in an unprecedented situation.""

Commonwealth Bank commodities analyst Vivek Dhar said: ""We think it will be challenging for Opec+ to boost production in this environment.""

Worries about oil and gas supplies have led to soaring domestic heating bills and fuel prices at the pump. Both petrol and diesel prices hit new records in the UK on Wednesday, according to the RAC motoring group.

Unleaded petrol was 159.57p a litre on average, while diesel was 167.37p.

By Sameer Hashmi, Middle East business correspondent

Despite the mixed messages coming out from the UAE, there is a broad consensus within Opec+ that there is no immediate need to boost oil production faster. So, even if the UAE tries to convince other members to increase production during the next meeting, it will be difficult to find many backers.

While Abu Dhabi is a prominent member of Opec+, Riyadh and Moscow are the leaders of the pack and they are the ones who call the shots. Any decision to increase supplies will essentially boil down to Saudi Arabia.

While the UAE is keen to increase production, it is very unlikely that it will break ranks and pump more oil unilaterally. Both the Saudis and the Emiratis have maintained a neutral stance during the course of this war, and the former would be unwilling to take any decision related to Opec+ that the Russians would oppose.

Opec+ has attributed the recent rise in prices to market volatility caused by geopolitical tensions and maintained that there is no shortage of supplies in the market.

RAC fuel spokesman Simon Williams said: ""A tank of petrol is now almost Â£88 while diesel has now gone over Â£92. Diesel unfortunately appears to be on a clear path to Â£1.70 a litre.

""As this is an average price, drivers will be seeing some unbelievably high prices on forecourts as retailers pass on their increased wholesale costs.""

Energy prices have been soaring for more than a year amid a rapid rebound in demand for oil, which had collapsed during the pandemic.

Russia's invasion of Ukraine added new price pressures, as sanctions make it hard for the country - typically the producer of about 7% of global supplies - to find buyers for its oil.

The US and Canada have also announced bans on Russian oil imports, while the UK said it would phase them out by the end of the year.

The International Energy Agency (IEA) recently agreed to release 60 million barrels of oil from strategic national reserves, but that move is not enough to respond to the recent run-up in prices.

The agency said on Wednesday that oil reserves may be tapped further.

""If there's a need, if our governments decide so, we can bring more oil to the markets, as one part of the response,"" said IEA chief Faith Birol.

LIVE:Latest updates from on the ground

OCCUPIED CITY:'We are not co-operating'

RUSSIA MOTHERS:'How do I get my soldier son back?'

EXPLAINED:Why Putin has invaded Ukraine?

IN DEPTH:Full coverage of the conflict

How are sanctions affecting Russia's energy exports?

Oil producers stick to their plan despite Ukraine",https://ichef.bbci.co.uk/ace/branded_news/1200/cpsprodpb/6682/production/_123624262_gettyimages-1282256732-612x612.jpg,Business
https://www.bbc.co.uk/news/uk-politics-60685613,"Ukraine-Russia war: The era of complacency is over, says Liz Truss",The foreign secretary uses a speech in Washington to argue for stronger action against Russia.,"Russia's invasion of Ukraine shows that ""the era of complacency"" is over, the Foreign Secretary Liz Truss warned in a speech in Washington DC.

Addressing a think tank, Ms Truss said aggression, such as that shown by Vladimir Putin, can never again be allowed to ""grow unchecked"".

She also called for more defence spending and an end to dependence on ""hostile and authoritarian states"".

The West has reacted to Russia's invasion with a range of sanctions.

On Tuesday, the US and UK announced a ban on Russian oil, while the EU said it would end its reliance on Russian gas.

The same governments have frozen the assets of wealthy Russians believed to have links with Mr Putin.

In a tweet,Boris Johnson said he had spoken to Ukraine's President Zelensky, and that the UK would tighten sanctions to ""impose the maximum economic cost on Russia"" and increase military support to Ukraine.

West hits Russia with oil bans and gas curbs

Giving the Makins lecture to the Atlantic Council think tank, Ms Truss said countries need to introduce further sanctions - including banning Russia completely from using the international payment system, Swift and freezing all Russian banking assets.

She said all countries needed to go further on financing their defence capabilities, arguing that spending 2% of GDP was be a minimum target and that during the Cold War countries were spending upwards of 5%.

The foreign secretary also used her speech to argue that the war in Ukraine is a ""paradigm shift"" comparable with the 9/11 terror attacks on the United States.

She urged the West to ""rise to his moment"" by increasing pressure on the Russian president.

""How we respond today will set the pattern for this new era.

""We must start with the principle that the only thing aggressors understand is strengthâ¦ and we must start by working together to stop Putin's offensive in Ukraine.""

""We want a situation where they can't access their funds, they can't clear their payments, their trade can't flow, their ships can't dock and their planes can't land,"" she added.

More than two million Ukrainians have fled their country since Russia invaded Ukraine

Speaking at a news conference on Wednesday with US Secretary of State Antony Blinken, Ms Truss warned there would be ""terrible implications for European and global security"" if Mr Putin were not stopped in Ukraine.

Responding to Ms Truss' comments, Labour's shadow foreign secretary David Lammy said the invasion of Ukraine ""marked the final end of the post-cold war era"".

He criticised the Conservatives for ""isolating Britain on the world stage"" and said it was time ""to bring Britain back to the table and deepen ties with our European partners"".

LIVE:Latest updates from on the ground

OCCUPIED CITY:'We are not co-operating'

RUSSIA MOTHERS:'How do I get my soldier son back?'

EXPLAINED:Why Putin has invaded Ukraine?

IN DEPTH:Full coverage of the conflict

He also called for a special tribunal to ""prosecute Putin for the crime of aggression"" and ""an end to the UK's dependency on foreign energy"".

The calls for stronger action come aswestern officials saythey are ""very concerned"" Russia could resort to using non-conventional weapons.

This could include chemical weapons, biological weapons and dirty bombs.

Russia soon unable to pay its debts, warns agency

West hits Russia with oil bans and gas curbs

Who are the mega-rich Russians facing sanctions?",https://ichef.bbci.co.uk/ace/branded_news/1200/cpsprodpb/D9EF/production/_123619755_truss.jpg,UK Politics
https://www.bbc.co.uk/news/uk-wales-60676720,Ukraine: Private militias recruiting former soldiers,"Private militias are ""scouring"" social media to recruit former soldiers, veterans say.","Anyone who travels unlawfully to Ukraine for combat will be investigated on their return to the UK, the Foreign office has said

Some military veterans have received cold call approaches about fighting in Ukraine, the BBC understands.

Private militias have reportedly been scouring social media to recruit ex-soldiers.

Ukraine has previously asked for volunteers to join its International Legion.

But the Foreign Office has said anyone who travels unlawfully to Ukraine for combat will be investigated on their return to the UK.

Afghanistan veteran Steve, not his real name, told the BBC Wales Live programme he had received at least 10 approaches, including one which offered him money.

Absent UK soldiers may have travelled to Ukraine - Army

Private military firms see demand in Ukraine war

Grandfather travels to Ukraine to fight Russians

""Whenever there's conflict the chatter starts up, but there was a different tone to this, a more deliberate tone,"" he said.

""There are private militias who've been scouring social media for veterans, so these private militias have been trying to recruit.""

Steve said he believed the offer of money wasn't genuine, but many of the other contacts he'd received were from other veterans looking to organise groups in the UK before travelling to Ukraine.

One veteran said he had been offered money to fight in Ukraine

""I did very well on my second tour of Afghanistan and obviously when you're over there you make a lot of contacts,"" he said.

""The more serious guys are trying to organise it here and go as a group of people that are people you've deployed with, served with, people who know each other's skill set.""

However, Steve said he was increasingly concerned for the welfare of both veterans and civilian volunteers.

""A lot of guys want to go out and help, but some are jumping on the bandwagon and have no military experience. Some are veterans, but they've never deployed, so they've never been in combat,"" he said.

""Veterans with mental health issues, physical issues, and people that go over there that can't fight, that's not actually a help that's more of a hindrance.

""Who are you meeting at the border? Will you get good weapons systems? Will you get medical care? There are too many moving parts.""

A Scottish grandfather, Rab Grady (centre), announced he was fighting alongside the Ukrainians on a video he posted online

Despite doing his best to warn others of the dangers, Steve said many veterans would be vulnerable to offers, and the constant talk about going to fight had left his own mind racing.

""I did take myself off down to the beach early hours one morning,"" he said.

""I needed to get some de-sensitisation away from radio, away from social media, and to just think it through.

""If I think with my brain and not emotion then that tells me I've fought - I've been somewhere and done something - and my priority now is my family.""

Don't go to Ukraine, military boss tells Britons

Army vet takes medical supplies to Poland border

BBC Wales Live has heard from veteran support staff concerned that more vulnerable members of the community could be tempted by approaches.

Mark, not his real name, is an agricultural worker with no military experience. But he feels he can contribute to Ukraine's war effort.

""I've spoken to a few people, but not many,"" the 26-year-old said.

""They've all been telling me not to go, that I'm a bit crazy for wanting to go and there are different ways to help, but it feels like the best way to help is by being on the ground.

""I'm ready to book a flight, I've just got bits and bobs to get now and then I'll be over there.""

An Army surplus store said it had sold stock that would normally take ""years"" to sell

Kirsty, who works in an Army surplus store, said it had almost sold out of its entire stock of combat helmets and vests.

""We've had people ringing up with lists, asking can we donate items. Things like helmets, plate carriers, any proper military protective gear,"" she said.

""We're a very small business, the things people want, we can't just give them away.""

Robert McCartney, from charity Beyond the Battlefield, said he'd heard of veterans approaching each other about going out to Ukraine.

""Social media is full of it,"" he said. ""A lot of these guys are saying 'right, I'm on my way - does anybody want to be there?'

""They see themselves as being able to go out there and recreate themselves as soldiers.

""They are approaching the guys who are in responsible positions, who are in relationships.""

Mr McCartney raised concerns for some vulnerable veterans.

""One of them came in here last week telling me that he was going on Sunday,"" he said.

""I was able to talk him out of it. He's got an eight-week-old baby and that was his biggest worry, so I was able to play on those worries.""

A spokesperson for the Foreign, Commonwealth and Development Office said: ""We advise against travel to Ukraine and anyone who travels to conflict zones to engage in unlawful activity, should expect to be investigated upon their return to the UK.""

More on this story on BBC Wales Live, available on iPlayer

WALESCAST:One-stop shop of what's happening in the world of Welsh politics

I WAS THERE:Real life experiences from major moments

Private military firms see demand in Ukraine war

Grandfather travels to Ukraine to fight Russians

Don't go to Ukraine, military boss tells Britons

Army vet takes medical supplies to Poland border",https://ichef.bbci.co.uk/ace/branded_news/1200/cpsprodpb/7032/production/_123622782_gettyimages-1238943739.jpg,Wales
https://www.bbc.co.uk/news/60686413,War in Ukraine: IMF approves $1.4bn emergency funding,The country is expected to see a deep recession this year due to the impact of the Russian invasion.,"Refugees arrive in Poland after fleeing the war in Ukraine

The International Monetary Fund (IMF) has approved $1.4bn (Â£1.1bn) of emergency funding for Ukraine, as it fights against a Russian invasion.

It comes as the IMF predicts Ukraine will see a deep recession this year.

More than 2m people are estimated to have left the country since the war started two weeks ago.

Earlier this week, the World Bank approved a $732m financial package for Ukraine and is planning more economic assistance for the coming months.

""The Russian military invasion of Ukraine has been responsible for a massive humanitarian and economic crisis,""IMF managing director Kristalina Georgieva said in a statement.

Ms Georgieva said the money was aimed to meet the country's urgent spending needs and help ease the huge economic impact of the war.

""The tragic loss of life, huge refugee flows, and immense destruction of infrastructure and productive capacity is causing severe human suffering and will lead to a deep recession this year. Financing needs are large, urgent, and could rise significantly as the war continues,"" she added.

The funds will be disbursed under IMF's Rapid Financing Instrument. This means it will largely come without conditions that are usually placed on borrower countries.

Ukraine bank: Use frozen Russian money to rebuild

World Bank approves $723m funding for Ukraine

The IMF financing comes on top of a $723m World Bank economic package, which was announced earlier this week.

That package was made up of grants and loans, including a $100m pledge from the UK.

The World Bank said it was continuing to work on a $3bn package of support for the coming months.

It also promised extra help for neighbouring countries that are taking in the estimated 2m refugees - who are mostly women, children and the elderly - fleeing Ukraine.

In recent days Ukraine's government has taken other steps to support its war-torn economy.

Last week, the country raised $270m throughthe sale of war bondsand said it planned toissue non-fungible tokens to help fund its armed forces.

Watch: Former president Petro Poroshenko calls for warplanes to help defend Ukraine

Ukraine bank: Use frozen Russian money to rebuild

World Bank approves $723m funding for Ukraine

Ukraine war is economic catastrophe - World Bank",https://ichef.bbci.co.uk/ace/branded_news/1200/cpsprodpb/9D6E/production/_123620304_gettyimages-1239055822.jpg,Business
https://www.bbc.co.uk/news/business-60684660,"Use Russian money to rebuild Ukraine, says bank boss","In a BBC interview, the Ukraine central bank boss proposes a list of extra financial sanctions on Russia.","Kyrylo Shevchenko, Governor of National Bank of Ukraine, in September 2021

Frozen Russian assets should be used to rebuild Ukraine after the war, the governor of Ukraineâs Central Bank has told the BBC.

Kyrylo Shevchenko called for an extensive list of extra sanctions, from cutting card payments to suspending Russian access to the IMF.

Every day that sanctions are delayed ""is costing the lives of civilians and children"", he said in an interview.

For security reasons, he answered questions sent by email.

Mr Shevchenko, governor of the National Bank of Ukraine, said that Russia should eventually be made to pay to repair the damage caused during the invasion.

âThe need for money will be huge,â he told the BBC. âIt could be fulfilled through loans and grants from multinational organisations and direct help from other countries. However a large share of financing is needed to be obtained as a reparation from the aggressor, including funds that are currently frozen in our allied countries.â

The government building in Kharkiv, destroyed by Russian missiles. Rebuilding Ukraine will cost billions

Much of Russiaâs $630bn of foreign exchange reserves are thought to be held outside the country, and effectively frozen by sanctions in the US, the EU and other places.

That would make billions available for reconstruction â if Ukraine is able to access it once the war is over.

Extra sanctions

Mr Shevchenko welcomed the financial sanctions already imposed by the international community, but said the world should go much further. He called on governments, institutions and companies to impose an extensive list of further financial sanctions, targeting every corner of Russia's economy.

He called on:

Trading and financial data platforms Refinitiv and Bloomberg to terminate access for Russian and Belarusian clients.

US and EU to instruct their banks to sever correspondent relationships with Russian banks.

The central banksâ organisation, the Bank for International Settlements, to expel Russia's central bank.

The International Monetary Fund to suspend Russia and Belarus from its meetings, block their access to assets issued by the IMF called Special Drawing Rights, âas these funds may be used to finance military action against our country.â

Chinaâs UnionPay card payment system (similar to Mastercard and Visa) to stop servicing payment cards issued by Russian banks.

Armenia, Kazakhstan, Kyrgyzstan, Tajikistan, Turkey and Vietnam to block the Russian payment system, Mir.

International money transfer operator Western Union to cease deliveries of cash to Russian and Belarusian banks.

âWe already see the effect [of sanctions] on the aggressorâs financial system, but we are still waiting for more to be done. I would like to underline that every day that sanctions are delayed is costing the lives of civilians and children,â Mr Shevchenko said.

âThese are the lives of Ukrainians who have chosen the European way and are now defending not only their own country, but also the entire system of values that lies at the core of the Western civilization.â

Central bankers normally target inflation.

What is clear from the testimony of the Ukraine's version of Andrew Bailey is that in this war they are leaving no stone uncovered in their targeting of the Russian financial system.

Every pipeline of cash into the ""aggressor"" has been identified, even as Mr Shevchenko's team tries to keep the cash flowing in the Ukrainian financial system and to its millions of refugees, and even set his country's monetary policy from a bunker.

The IMF, the Bank for International Settlements, Western Union, Chinese credit card payment systems, former Soviet nations' use of Russia's payments system, all are the subject of Kyiv's lobbying to subject the Russian financial system to an unprecedented squeeze.

Above all, that targeting of Russia's Central Bank, agreed by G7 nations, has disarmed its warchest of foreign exchange reserves and halved the value of the rouble.

I asked him if he was worried about the precedent being set here for institutions normally given sovereign immunity. He pauses. ""I can answer from the bottom of my heart. We see that the Central Bank of Russia supports military invasion and thus is also guilty, responsible in deaths of civilians in Ukraine"".

Donations

Around 11bn hryvnia ($350m, Â£280m) has been paid in to the two special accounts set up by the National Bank of Ukraine to receive donations for the military and for humanitarian causes, Mr Shevchenko told the BBC.

The account for the military was set up on 24 February to accept international and local donations in multiple currencies.

A similar account for humanitarian purposes was set up on 1 March.

Oil embargo

Western countries have wrestled with the difficulties of suspending purchases of Russian energy. While the cash Moscow receives for oil and gas exports is a vital lifeline, European governments have decided that they canât live without vital Russian supplies, at least for now.

Mr Shevchenko said: âToday we can see that Russia is using its energy resources capacities to put economic pressure on Europe. Energy is also one of the leading narratives in the Russian media. They are using it to misinform the Russian public about the Westâs unwillingness to take tougher measures, out of fear of losing access to Russian oil and gas.

Kyrylo Shevchenko, filmed yesterday by NBU staff

âWe realise how difficult this decision is for our Western partners. We understand the cost of such a step. But we must work together to find and use all possible tools to stop the killing and the suffering that Russia is increasingly causing in Ukraine.â

Keeping going

Mr Shevchenko also described some of the challenges of keeping the countryâs financial system running during a war.

His staff are working round the clock, he said, many sheltering from bombardment in underground bunkers.

But he said electronic payments and ATMs were still working, and cash was being delivered to everywhere but active combat zones.

âI can proudly say that Ukrainian banking system remains stable and liquid even under martial law.â

âThis is extremely difficult time for every Ukrainian - for the people and the country,â he said. âThe National Bank of Ukraine is doing everything in its power to support Ukraine, its defenders, and the population affected by Russian aggression.â

EU unveils plan to end reliance on Russian gas

What sanctions could West still impose on Russia?

Visa and Mastercard suspend Russian operations",https://ichef.bbci.co.uk/ace/branded_news/1200/cpsprodpb/6B59/production/_123618472_whatsubject.jpg,Business
https://www.bbc.co.uk/news/business-60678717,"Borrow billions or see incomes squeezed, Rishi Sunak told","The chancellor must decide whether to borrow more or allow household budgets to be squeezed further, the think tank says.","Chancellor Rishi Sunak faces a ""huge judgment call"" over whether to borrow more or allow household budgets to be squeezed, new research suggests.

The Institute for Fiscal Studies (IFS) says the soaring cost of living and war in Ukraine present fresh challenges ahead of the Spring Statement.

Without extra protection, many households will struggle to keep up with bills, it suggests.

Inflation rose to its highest level for 30 years last month.

Prices surged by 5.5% in the 12 months to January, up from 5.4% in December, due to rising energy, fuel and food prices.

Inflation, which measures how quickly the cost of living increases over time, is now rising faster than wages and is expected to climb above 7% this year.

As Vladimir Putin's invasion of Ukraine pushes energy costs, fuel and other commodities even higher, the IFS says Chancellor Rishi Sunak faces three big decisions.

The first is whether to borrow billions more or allow household incomes to take a bigger hit than at any time since at least the financial crisis. The government has already increased borrowing in recent years to pay for Covid-related measures such as the furlough scheme.

Mr Sunak must also weigh whether to allow inflation to impose effective pay cuts on teachers, nurses and other public sector workers - or to spend less than anticipated on other parts of public services, if borrowing is not an option.

Public sector workers face an average pay cut of about Â£1,750 once inflation is taken into account, the IFS research says.

And as war in Ukraine continues, the chancellor will have to decide whether to allow defence spending to fall over the next three years, or to borrow to boost it.

""At the Spring Statement, Rishi Sunak has to make a huge judgment call,"" IFS director Paul Johnson said.

""Will he do more to protect households from the effects of energy prices, which have risen even further in the last two weeks?

""If he doesn't, then many on moderate incomes will face the biggest hit to their living standards since at least the financial crisis. If he does, then there will be another big hit to the public finances.""

He told the BBC's Today programme that the chancellor will have to borrow ""at least another Â£10bn just to cover half the blow from energy prices"".

Mr Johnson warned that rising energy costs look set to continue rather than be a short peak. ""If energy prices are high for three-to-four years, it makes it much harder for the government to support people,"" he said.

Rising inflation - which he warned could reach 8% or more this year - is hurting public sector workers.

Mr Johnson estimated the Treasury would have to find between Â£1,500-Â£2,000 per worker to make up the impact of inflation on pay. ""They've already suffered big cuts,"" he said.

Calls for urgent help over rising household bills

Cost of filling diesel family car hits record Â£90

The IFS suggests that if Mr Sunak wants to achieve the same level of protection for households' budgets as he announced earlier this year, he will need to find an extra Â£12bn.

While the chancellor might have had little choice in spending billions to protect the economy during the extraordinary circumstances of the pandemic, Mr Johnson says the chancellor's response to the cost of living crisis will reveal more about how he sees the government's role in protecting consumers from external events.

The boss of energy regulator Ofgem, Jonathan Brearley, for example, has said that households are heading for an ""almost inevitable"" rise in energy bills in the autumn.

Spikes in wholesale gas prices, which were rising even before Russia's invasion of Ukraine, will be passed on to consumers, he warned on Tuesday.

A Treasury spokesperson said the government was already providing more than Â£20bn to help people with the cost of living and would continue to monitor the economic impact of the conflict.

""Russia's devastating invasion of Ukraine will have a huge impact on lives and livelihoods around the world and the effects will be felt across this country,"" the spokesperson said.

""It is right that we do all we can to show solidarity with the people of Ukraine and work with our allies and partners to impose the most punishing sanctions to inflict maximum and lasting pain on Russia.""

The shadow chancellor, Labour MP Rachel Reeves, accused the government of allowing ""the cost of living crisis to spiral out of control since September"".

She called on the chancellor to reconsider ""unfair"" National Insurance contributions, which are due to go up in April to fund social care in England and help the NHS recover after the pandemic.

The Labour party has proposed the introduction of a one-off ""windfall"" tax on oil and gas producers, which would then be used to cut energy costs for consumers.

Calls for urgent help over rising household bills

Labour: Overhaul energy plan to tackle price hikes",https://ichef.bbci.co.uk/ace/branded_news/1200/cpsprodpb/174BE/production/_123622459_976_gettyimages-1237639074.jpg,Business
https://www.bbc.co.uk/news/uk-scotland-north-east-orkney-shetland-60654251,Faulty drainage work blamed for fatal Stonehaven derailment,Three people died when the train hit a landslide in heavy rain in Aberdeenshire in 2020.,"A series of failures contributed to a rail crash in Aberdeenshire which claimed three lives, an investigation has found.

A report said the train hit a landslide near Stonehaven in August 2020 after heavy rain in an area where a drainage system had been incorrectly installed.

Investigators also highlighted problems with operational procedures in dealing with the effects of severe weather.

Train drivers' union Aslef said it was a ""damning"" report.

""The failures identified are so bad that we believe this must be a watershed moment in the way we ensure the safety of passengers and staff,"" general secretary Mick Whelan added.

Driver Brett McCullough, 45, conductor Donald Dinnie, 58, and passenger Christopher Stuchbury, 62, died when the train derailed on 12 August 2020.

Six other people were injured when the 06:38 Aberdeen to Glasgow service hit washed-out debris at Carmont, south of Stonehaven.

The train was returning towards Aberdeen due to the railway being blocked further down the line.

Animation reconstructs moment of Stonehaven train derailment

The Rail Accident Investigation Branch (RAIB) made 20 safety recommendations in itsreporton the crash.

They include better management of civil engineering projects, improved response to extreme rainfall, and better understanding of the additional risk associated with older trains.

And they noted that there were only nine people on the train due to pandemic restrictions.

""With normal passenger numbers, the casualty toll would almost certainly have been significantly higher,"" the report said.

The train hit debris in heavy rain

A drainage system was installed in 2011 and 2012 bynow-collapsed contractor Carillion- but it was not in accordance with the design.

Had it been constructed correctly, it was ""highly likely to have safely accommodated the flow of surface water"" on the day of the crash, the report concluded.

More than 5cm (2in) of rain fell on the site of the crash between 06:00 and 09:00 - close to the average for the whole of August in this part of Scotland.

The train derailed because it struck debris that had washed out of a drainage trench, the report said.

It was travelling at about 73mph - below the limit of 75mph. Mr McCullough, the driver, had been told to proceed at normal speed.

Derailment driver was told 'normal speed fine'

Climate change impact on railways 'accelerating'

Three dead after passenger train derails

Investigators found no evidence Network Rail carried out any inspection of the upper parts of the drainage system between when it viewed the completed work in 2013 and the accident.

They said that, had Network Rail been aware of the differences between the design and the installation, the risk could have been recognised and action taken.

The RAIB said it found evidence that the Scotland route control team was under ""severe workload pressure"" on the morning of the crash, due to the volume of weather-related events.

The investigation also found that controllers had not been given sufficient guidance or training to enable them to effectively manage complex situations of the type encountered.

Although Network Rail had taken some steps towards implementing modern technology to help monitor weather conditions and better inform operational decision makers, its capability had not been ""fully exploited"" before the accident at Carmont.

The RAIB concluded that, despite an awareness of the threat, Network Rail had not sufficiently recognised that its existing measures did not fully address the risk from extreme rainfall events.

A train built to modern standards would have had design features intended to minimise damage in a collision or derailment.

The train involved in the Carmont derailment had been recently refurbished but it was designed and constructed before these standards came into force.

It is ""more likely than not"" that there would have been a better outcome to the crash if the train had complied with modern standards, the RAIB concluded.

Transport Secretary Jenny Gilruth later told MSPs a steering group had been set up to examine the safety of older trains.

Scottish Labour MSP, Neil Bibby, said the Aslef union was calling for high speed train (HST) rolling stock to be phased out by August next year and asked the minister when they would be withdrawn from service.

Ms Gilruth said the rail network was currently quite reliant on HSTs, but added: ""We will come to looking at a date in the future which we may be able to remove some of these trains from service.""

Donald Dinnie, Christopher Stuchbury and Brett McCullough died

Simon French, the chief inspector of rail accidents, said the industry owed it to everyone affected by the tragedy to learn safety lessons for the future.

""It's important for all of us in the rail industry not to dismiss this truly harrowing accident as a one-off event,"" he added.

""The railway industry needs to think through the implications of severe weather on its infrastructure, whilst also looking to the behaviour of trains should they derail after striking obstructions such as washouts and landslips.""

Neil Stuchbury, whose father Christopher Stuchbury died in the crash, said the conditions on the day had been ""unusual"" but ""were not at all unforeseen"".

""The tools, know-how, and processes were available to prevent this but were not properly implemented,"" he said.

Mr Stuchbury said the report showed that ""a catalogue of errors and oversights"" were responsible for the crash.

Relatives of conductor Donald Dinnie added: ""Whilst losing a loved one in these dreadful circumstances has been totally devastating, we also reflect that this accident happened at a time when the early stages of the pandemic saw fewer people travelling.""

The derailment happened near Stonehaven in August 2020

ScotRail chief operating officer Ian McConnell said the report was ""very sober reading"".

Network Rail chief executive Andrew Haines said: ""This report makes clear that there are fundamental lessons to be learnt by Network Rail and the wider industry.

""As well as expressing our deep sorrow and regret at the loss of the lives of Christopher Stuchbury, Donald Dinnie and Brett McCullough, it's important that we acknowledge it should not have taken this tragic accident to highlight those lessons.

""We must do better and we are utterly committed to that.""

The RMT union called for a safety summit involving governments, Network Rail and operators to ""ensure this type of tragedy can never happen again"".

The Crown Office and Procurator Fiscal Service said: ""A joint investigation into the deaths by Police Scotland, British Transport Police and the Office of Rail and Road is ongoing and once complete will be fully considered.

""The families will continue to be kept updated in relation to any significant developments.

""Our thoughts are with the families of Donald Dinnie, Brett McCullough and Christopher Stuchbury at this time.""

Stonehaven derailment report delayed until 2022

Trains stop for a minute to remember crash victims

Derailment driver was told 'normal speed fine'

Widow says train driver 'did all he was told to do'

Derailed train line reopens after three months

Three dead after passenger train derails",https://ichef.bbci.co.uk/ace/branded_news/1200/cpsprodpb/17233/production/_123617749_accident-site-at-carmont.jpg,"NE Scotland, Orkney & Shetland"
https://www.bbc.co.uk/news/av/world-us-canada-60635933,Toddler tossed to safety from burning building,"A father threw his son, 3, from the window of a burning building down to first responders.","A father threw his three-year-old son from the second storey of a burning building. First responders on the ground caught the toddler and then his dad, who also had to jump to safety.

Both are safe with only minor injuries. The fire started in an apartment on the third storey of the New Jersey apartment complex before spreading through the building. Fifty people were displaced by the blaze.",https://ichef.bbci.co.uk/news/1024/branded_news/0546/production/_123605310_p0bthb6q.jpg,
https://www.bbc.co.uk/news/world-us-canada-60685663,US Border Patrol finds dozens of snakes and reptiles in man's outfit,"The snakes and horned lizards were ""concealed in the man's jacket, pants pockets and groin area"".","US Border Patrol agents found dozens of horned lizards and snakes hidden in a man's clothing as he crossed into the US from Mexico last month.

The scaly discovery occurred at the San Ysidro border crossing near San Diego around 03:00 local time on 25 February.

The man was driving a pickup truck when he was pulled over for inspection.

Officers discovered 43 horned lizards and nine snakes in plastic bags ""concealed in the man's jacket, pants pockets and groin area,"" agents said.

The suspect, identified as a 30-year old American citizen, was arrested on the suspicion of illegal wildlife smuggling.

Customs and Border Patrol (CBP) officials say some of the animals are endangered and have now been placed in ""a secure and safe area"" quarantined from other animals.

""Smugglers will try every possible way to try and get their product, or in this case live reptiles, across the border,"" said Sidney Aki, CBP director of field operations in San Diego, California.

""In this occasion, the smuggler attempted to deceive CBP officers in order to bring these animals into the US, without taking care for the health and safety of the animals.""

Read more on this topic:

Smuggled reptiles found stitched inside dolls

Dozens of smuggled chameleons found in suitcase

Stopping a deadly illegal industry

The iguanas had been stuffed into a suitcase (2015 smuggling case)

Smuggled reptiles found stitched inside dolls

Dozens of smuggled chameleons found in suitcase",https://ichef.bbci.co.uk/ace/branded_news/1200/cpsprodpb/E8C7/production/_123619595_feb2022wildlife--snakes.jpg,US & Canada
https://www.bbc.co.uk/sport/tennis/60685794,Novak Djokovic pulls out of Indian Wells and Miami Open over US coronavirus rules,Novak Djokovic withdraws from Indian Wells and the Miami Open - the first two Masters Series events of the year - because of US coronavirus rules.,"Former world number one Novak Djokovic played in his first tournament of 2022 in Dubai in February

Novak Djokovic has withdrawn from Indian Wells and the Miami Open - the first two Masters Series events of the year - because of US coronavirus rules.

Regulations require any non-US citizen to have a Covid vaccination before entering the country.

Serb Djokovic, 34, told the BBC last month that he had not been vaccinated.

The 20-time Grand Slam winner was included in the draw for both events, but has since posted on Twitter that he knew it was ""unlikely"" he could travel.

Allow X content?

This article contains content provided by X. We ask for your permission before anything is loaded, as they may be using cookies and other technologies. You may want to readXâs cookie policyandprivacy policybefore accepting. To view this content chooseâaccept and continueâ.

He is likely to make his return to the tour at the Monte Carlo Masters in April.

The Indian Wells draw will be less balanced following the late withdrawal of Djokovic, who was seeded second.

As the next player in line to be seeded outside the tournament's top 32, last year's semi-finalist Grigor Dimitrov will move into Djokovic's space in the draw. A lucky loser from qualifying will fill the Bulgarian's spot in due course.

Djokovic missed the Australian Open in January, beingdeported from the countryafter its government cancelled his visa in a row over his vaccine status.

In an interview with the BBC last month, he said that he is prepared to miss other big events in future.

""The principles of decision making on my body are more important than any title or anything else,"" he said.

""I'm trying to be in tune with my body as much as I possibly can.""

By missing the Australian Open, Djokovic was overtaken in the list of overall major titles by eventual winner Rafael Nadal, who secured a record 21st Grand Slam.

Djokovic's first tournament in 2022 came in Dubai in February, where he was beaten by Czech Jiri Vesely in the quarter-finals.

The defeat meant he conceded his world number one ranking to Russian Daniil Medvedev, who claimed his first major title at the US Open in September and is the top seed at Indian Wells.

Russell Fuller, tennis correspondent

Djokovic has very few ranking points to defend before his likely next appearance in Monte Carlo.

In fact, he will be world number one again in a fortnight if Daniil Medvedev fails to reach the quarter-finals here in Indian Wells.

But even though his ranking will not be adversely affected, Djokovic is passing up the opportunity to win two of the biggest titles outside of the Grand Slams.

From a public relations perspective, it would have been so much better to have withdrawn 24 hours earlier.

There are clearly far more important things going on in the world right now, but pulling out after the draw has repercussions for other players as well as the tournament itself.

'My revelation made me a marked man':Meet the self-confessed conman who lifted the lid on the 'psychic mafia'

Do Esports deserve more respect?Enter the debate as gaming is set to feature in the Commonwealth Games

ATP

WTA

LTA",https://ichef.bbci.co.uk/ace/branded_sport/1200/cpsprodpb/12427/production/_123619747_gettyimages-1238706982.jpg,Tennis
https://www.bbc.co.uk/sport/football/60666638,Real Madrid 3-1 Paris St-Germain (3-2 agg): Karim Benzema hat-trick inspires superb Real fightback,Karim Benzema scores a superb second-half hat-trick as Real Madrid produce a stirring fightback at a raucous Bernabeu to reach the Champions League quarter-finals at the expense of Paris St-Germain.,"Karim Benzema is the first player from France to score three Champions League/European Cup hat-tricks

Karim Benzema scored a superb second-half hat-trick as Real Madrid produced a stirring fightback at a raucous Bernabeu to reach the Champions League quarter-finals at the expense of Paris St-Germain.

Kylian Mbappe's first-half goal had given PSG a deserved two-goal aggregate lead and looked to have put Mauricio Pochettino's side well on course for the last eight.

However, a mistake by PSG goalkeeper Gianluigi Donnarumma proved the catalyst for a dramatic recovery with Benzema turning home after the Italian dawdled in possession.

Luka Modric's driving run and intricate pass made Benzema's second as he levelled the tie against a clearly panicked PSG, and as the visitors attempted to regroup the 34-year-old drove a low effort into the bottom right corner seconds after the restart to settle the tie.

Is Benzema the best number nine in the world?

Until Donnarumma's error PSG had been in complete control.

Marco Verratti was slick and dominant in midfield, while Neymar and Lionel Messi worked themselves into some dangerous positions as the hosts struggled to contain their more fluent opponents.

Mbappe in particular was electric, racing on to a pass from Neymar to open the scoring against the side he has been heavily tipped to join in the summer when his contract at PSG expires.

Either side of that the 23-year-old tormented the Real defence, twice having goals correctly disallowed for offside but showing his predatory instincts nonetheless.

A surge of acceleration also saw him burst past Real's Eder Militao and only a brilliant covering challenge from David Alaba prevented him from adding to his tally.

Mbappe's influence was such that he received warm applause from the home support as he got up after appearing to be hurt in a tackle, but the real damage to his and PSG's long-standing aspirations in the competition were still to come.

Allow X content?

This article contains content provided by X. We ask for your permission before anything is loaded, as they may be using cookies and other technologies. You may want to readXâs cookie policyandprivacy policybefore accepting. To view this content chooseâaccept and continueâ.

Reaction to all Wednesday's Champions League action

Listen: Football Daily podcast reacts to Real's victory

Benzema's 17-minute treble ensured PSG suffered another painful elimination from a competition that has become an obsession since they moved into Qatari ownership in 2011.

And after reaching the final and semi-finals in consecutive seasons this feels like a considerable backwards step for a squad that has been expensively assembled but remains prone to monumental collapses in this competition.

This felt every bit as shattering astheir 6-1 thrashing by Barcelonain 2017, theirlast-16 defeat by Manchester Unitedin 2019, and was even more remarkable given they had not lost a Champions League away game after leading at half-time since 2001.

While PSG are runaway leaders in Ligue 1 and have been crowned French champions in seven of the past nine seasons, domestic success is not the barometer Pochettino will be judged by come the end of the season.

And alarmingly the Argentine and his stunned players were unable to provide any adequate response once the tide had turned in this contest.

Julian Draxler and Angel di Maria were only introduced once the Parisiens were chasing the game, and aside from a late Messi free-kick which dipped just over, they were unable to conjure a single clear-cut goalscoring opportunity as they meekly exited the tournament.",https://ichef.bbci.co.uk/ace/branded_sport/1200/cpsprodpb/295F/production/_123619501_gettyimages-1239059993.jpg,Champions League
https://www.bbc.co.uk/news/60649725,The Russians using emojis to evade censors,"Amid a protest crackdown, young people are still risking freedom to oppose the conflict in Ukraine.","On 24 February, as Russia launched its invasion of Ukraine, an image started to spread on social media - a picture of the Russian poet Pushkin, the number seven and rows of the ""person walking"" emoji.

To those in the know, the meaning was clear - a location (Pushkin Square, in Moscow), a time and a call to protest against the government's actions.

The emojis made reference to a code used for years in Russia to refer to protests - one so well known to the authorities, it is barely a code at all, according to human rights group OVD-Info.

Unauthorised protests have been banned in the country since 2014 and breaches of the rules can lead to up to 15 days detention for a first offence. Repeat offenders can receive prison sentences of up to five years.

Since then, it has been common for activists to use various coded phrases to organise online.

""It's like, 'Let's go for a walk to the centre,' or, 'The weather is great for a walk,'"" Maria says. This is what she will text her friends to let them know she plans to attend a protest.

False claims that Ukraine war is a hoax go viral

The young Ukrainians battling pro-Russian trolls

Misleading Ukraine war claims continue to go viral

What started as a way to evade government censors has almost become an inside joke or a meme, Maria tells BBC News.

Nevertheless, the consequences of not using this language can be serious.

Alexander attended a protest in Moscow, having posted about it on social media.

The following morning, plain-clothes officers picked him up outside his girlfriend's building and took him to the local police department. He was detained for several days and compelled to sign a document listing what the authorities said he had done.

We cannot be certain his attendance at the protest or his social media activity led to Alexander's detention. He was later arrested for a second time, while using the Moscow Metro, on a day he had not been attending a protest.

BBC News has learned of other detentions based solely on social media activity, including one woman arrested for a tweet.

On 24 February, she posted: ""I haven't walked in the centre for a long time,"" and quoted another account's tweet containing a more explicit call to rally.

Five days later, she was arrested while taking a train.

She believes she was detected by facial-recognition software active on the Moscow Metro system - and in her court hearing, a document containing her tweet was presented, showing the authorities had taken a screenshot of it almost immediately after she had posted it.

In another case, Niki, a blogger, described how a close friend's brother had been detained twice - once for a few hours after attending a protest and a second time, for a whole week, for sharing the details with his friends on VK, Russia's equivalent of Facebook.

Almost 14,000 people have been detained across Russia since the conflict began a fortnight ago, mainly for attending protests according to OVD-Info - which provides legal advice.

So far, most have been held for a matter of hours or days.

A law was introduced in Russia on Friday 4 March, with the stated aim of tackling ""fake news"" about the military but it is expected to be used to crack down even further on anti-war protests - including prison sentences of up to 15 years, significantly longer than previous sanctions.

For young people such as Maria, this has ""already changed things, because now I'm afraid to go to protest and also I'm afraid to post about this 'special operation' [Russia's invasion of Ukraine]"".

And there are clear indications arrests have increased since the new law was introduced, OVD-Info says.

The shuttering of independent media outlets, blocking of Facebook and restrictions on Russians posting on TikTok have taken away key routes to access information, OVD-Info co-ordinator Leonid Drabkin says, and people will self-censor out of fear.

""Now if you go to your Instagram, there are like 10 times fewer posts,"" he says.

Many of his contacts have deleted their social-media profiles altogether.

And coupled with the stringent penalties, this has already affected the number of people ""brave enough to protest"".

Some contributors' names have been changed to protect their identities.

Read more from Reality Check

Send us your questions",https://ichef.bbci.co.uk/ace/branded_news/1200/cpsprodpb/8E44/production/_123602463_protestemojis976_comp1.png,Reality Check
https://www.bbc.co.uk/news/world-europe-60685723,Ukraine war: Children of the Soviet era running from Russia,A veteran of the Soviet-Afghan war is among many older Ukrainians now seeking refuge abroad.,"Like many other Ukrainians, Volodymyr Dehtyarov has no idea how long the exile will last

The Russian invasion of Ukraine has torn apart the lives of millions. Many of those who were fleeing the country grew up under communism when Ukraine was part of the USSR - the Union of Soviet Socialist Republics. The BBC's Fergal Keane met two members of that older generation at a railway station in Lviv, western Ukraine, where they were trying to escape from Ukraine.

When he was a soldier in Afghanistan there was only him and the men he fought alongside. To fight the mujahideen in Kandahar meant looking out for each other. Nobody else mattered. The men were given their orders and they fought.

In those days Volodymyr Dehtyarov was a soldier of the USSR, not knowing then that the mission to save the pro-Moscow regime in Kabul was doomed.

""We were given our orders and we did our duty,"" he tells me. The old soldier is standing in a long line at Lviv railway station waiting to be evacuated to Poland along with his daughter, daughter-in-law and four of his grandchildren. His son and an autistic grandson have had to stay behind in Mykolaiv, southern Ukraine.

Volodymyr Dehtyarov - seen in this picture during his military service in Afghanistan - does not speak to the Russian veterans he once fought alongside any more

In his black-and-white photographs from that other war the background is bleached of detail by the harsh sunlight. He stands confidently, weapon cradled in his arms.

The photos, like his Afghan service medal, are mementos of a once mighty power and a time of comradeship forged in battle.

But the Red Army is long gone. And this new war has cleaved apart his friendships with the Russian veterans he once fought alongside.

""We no longer speak with each other,"" he says.

Volodymyr retired from the military with the rank of lieutenant colonel. He is aware of the propaganda being fed to Russians by their government, the characterising of Ukraine as a state run by Nazis and fascists.

When I ask what he thinks of such labels he laughs. It is a long, bitter laugh and he waves his arm towards the press of women and children and old people in the line around him.

""That's some question. Here? Nazis? Fascists? These people? Guys what are you talking about? These are not fascists or Nazis? Look at them. These are Ukrainians. It's simple.""

The veteran boarded a train for Poland with his family group and was hoping to go further west, further into the European Union. Like everybody else here he has no idea how long the exile will last.

Valentyna Malyshkina doesn't even have a mobile phone - but hopes to get one from volunteers in Poland

Heading in the same direction - but alone - is 82-year-old Valentyna Malyshkina, from Kryvyi Rih in central Ukraine. She has a piece of paper in her hand upon which her daughter's phone number is written.

She explains that she does not have a mobile phone - but hopes to borrow one from a volunteer when she gets to Poland.

Where exactly was she going? She didn't know. Would anybody meet her? Again, she was not aware of anybody waiting in Poland. But so far the volunteers had been kind. They had given her food.

When her blood pressure went up and she felt faint they gave her a tablet to place under her tongue to relieve the symptoms of dizziness. Someone had found her a chair.

Every time the queue moves along somebody helps her to stand and go forward.

""I don't know anything. I am going. And that's it,"" she says. ""I hope there are good people. That's all. I believe I won't be left behind.""

I thought for a moment that it was brave to be so confident in the kindness of strangers.

Yet everything I have seen at Lviv station, and all I have heard about the reception for the elderly in Poland, suggests Valentyna is right. There will be welcome and comfort for the old woman as she moves into that unknown landscape in the ninth decade of her life.

LIVE:Latest updates from on the ground

OCCUPIED CITY:'We are not co-operating'

RUSSIA MOTHERS:'How do I get my soldier son back?'

EXPLAINED:Why Putin has invaded Ukraine?

IN DEPTH:Full coverage of the conflict

Ukrainian troops dig in near Kyiv

Ukraine war in maps: How control has shifted in three years

Where have Ukraine's millions of refugees gone?",https://ichef.bbci.co.uk/ace/branded_news/1200/cpsprodpb/B217/production/_123619554_afghan_refugee.png,Europe
https://www.bbc.co.uk/news/av/world-60682966,Ros Atkins on... food price rises and the Ukraine war,Ros Atkins looks at why global food price rises appear inevitable as a consequence of Russia invading Ukraine.,"The war in Ukraine has already caused a surge in some food prices globally, with wheat prices up 40% this month.

Both Russia and Ukraine are among the world's largest agricultural producers and Ukraine is often called ""the breadbasket of Europe"".

With Ukraine's southern ports closed by fighting and Russia's exports affected by sanctions, there are concerns that poorer countries will be hit hard by further pressure on food prices - which the UN says were already at a 10 year high in 2021.

The BBC's Ros Atkins explains why global food price rises appear inevitable as a consequence of Russiaâs invasion of Ukraine.",https://ichef.bbci.co.uk/news/1024/branded_news/68A7/production/_123619762_p0bth62g.jpg,
https://www.bbc.co.uk/news/uk-60682454,Ukraine war: UK Home Office is in crisis mode over visas,The department is trying to convince an increasingly sceptical nation it has control of the situation.,"More than two million people have now fled Ukraine because of the Russian invasion

Home secretaries must know how to deal with flak. It goes with the job.

But when accusations of foot-dragging, complacency, heartlessness and lies come from your own backbenches, you know you have got a serious problem.

One Tory MP has called for Priti Patel to resign over her handling of the Ukrainian refugee emergency.

The Home Office is in crisis mode, trying to convince an increasingly sceptical nation that the department has got a grip of the situation.

""We are doing our best,"" one insider tells me, before adding: ""But we haven't got everything right.""

The nightly images of desperate families fleeing a war but turned away by UK government officials confirm the latter point.

This is becoming deeply damaging for the Home Office and the prime minister. Priti Patel is under intense pressure, with suggestions that Downing Street is losing confidence.

The surprise appointment of a minister for refugees operating across two government departments suggests the Home Office is not trusted to sort matters out alone.

Tellingly, the sponsorship scheme launched to bring some Ukrainians to Britain is being run by Michael Gove's communities department.

Home Office staff were overstretched before the latest humanitarian disaster started to unfold - trying to deal with thousands of Afghans coming to Britain to escape the Taliban, migrants arriving by the boatload having crossed the channel, tens of thousands of Hongkongers fleeing the Chinese clampdown, and increasing numbers of unaccompanied asylum-seeking children with nowhere to stay.

For a department trying to convince sceptical voters its attitude to immigration has changed from the days of the ""hostile environment"" and the Windrush scandal, accusations of inhumanity over the plight of Ukrainian refugees are damaging.

""We are working 24/7 to try to respond in really, really challenging circumstances,"" an official tells me.

""Some of the criticism has been soul-destroying, but we are not going to give up.""

She shows me a box of Pringles. ""This is my breakfast,"" she says, as evidence of how hard everyone is working.

Visas a shambles, Brits with Ukrainian family say

Ukraine ambassador's wife faced delay to get visa

How does the UK's visa scheme for Ukrainians work?

But it was the sight of hapless officials handing out crisps and Kit Kats to desperate refugees in Calais that will stick in the public's mind, a sense that the home secretary was not taking the plight of those fleeing the conflict in Ukraine seriously.

The Home Office says it has been preparing for a possible humanitarian crisis in Ukraine since January, designing detailed policies for how to respond. But officials accept that their plans had to be adapted almost as soon as the first refugees asked for sanctuary in Britain.

""You can create a scheme on paper, and the first family group that applies does not meet the criteria,"" an insider tells me. ""We set up a scheme that we thought was very generous and then a case came onto the helpline and it wasn't suitable.""

Critics see a department that is on the back foot, constantly forced into embarrassing U-turns, accused of both inhumanity and incompetence. But inside the department's headquarters in Westminster, they insist they are listening to the feedback and adjusting their policies in response.

Home Secretary Priti Patel visited the Ukrainian embassy in London at the weekend

One senior official gives me an example: ""In issuing a visa to a child, the original process required both parents to consent. But we realised that conscription in Ukraine meant fathers were away fighting and could not give consent. So we went to the home secretary and she agreed to change the rules.""

The question, though, is why did they not realise the problems earlier? Why was eligibility under the Ukrainian Family Scheme not initially applied to aunts and uncles, cousins and step-children? Why did the rule changes have to be forced out of the Home Office when the emergency reached the UK border?

The answer is that the Home Office's response to desperate people fleeing a war is shaped by a determination to maintain the integrity of the UK border. This is a government and a home secretary elected to get Brexit done, and for many of those who campaigned to leave the EU, taking back control of our borders was the central goal.

That is why Priti Patel's initial response was to say that people escaping the conflict should claim asylum in the first safe country they reached. ""It's important to note that the situation in Ukraine is very different from Afghanistan,"" I was advised by the Home Office, as the Russian tanks rolled across the Ukrainian border.

Ukraine: Does the Home Office need to get a grip?

At UK visa centre in Poland: 'There could be riots'

In those first days of the war, anyone displaced who wished to come to the UK had to satisfy the rules of the government's post-Brexit immigration system. The points-based approach meant refugees would have to demonstrate they earned enough money or had skills that benefited the United Kingdom.

It was a serious miscalculation. As the scale of the humanitarian crisis became clear, the Home Office was forced to move away from its hard-line policy. Time and again the Home Office has found itself having to adjust its policies as the pressure for a more compassionate response has increased.

The central challenge stems from the insistence that any refugee coming to the UK must apply for a visa, complete biometric tests and satisfy ever-changing rules on eligibility.

The prime minister has defended the checks.

""Some sort of control is an important feature of the way we do things,"" Boris Johnson said. ""Uncontrolled immigration is not the way forward"".

The government is trying to respond to a humanitarian disaster while still following the Brexit playbook. There are understandable concerns about opening Britain's doors to large numbers of refugees, that undesirable individuals may use the crisis to sneak into the country, posing a threat to national security.

Controlling our borders remains central to the approach, a challenge currently most acute in Calais, where hundreds of Ukrainians are pleading to be let into Britain.

There is no visa application centre in Calais, so refugees are advised to travel to Paris or Brussels to sort out their paperwork before boarding a ferry or driving through the tunnel. The department claims it wants to ensure there is not a ""choke point"" in the city which might lead to vulnerable refugees being preyed upon by people-trafficking gangs.

Migrants camped around Calais continue to cross the channel in small boats, 2,214 already this year, a phenomenon that infuriates Brexit-supporting MPs who demand the home secretary do more to police the UK's border.

There have been calls from across the House of Commons for the government to waive the visa requirements as countries across the EU have done. Priti Patel, though, remains opposed to such a move, preferring to tweak the existing immigration rules rather than set up a new humanitarian pathway for those displaced by the war in Ukraine.

""We need to be really careful managing this process, organising housing, education, access to public services, registering for benefits,"" an official explains. ""We don't want services or resources not to be available.""

LIVE:Latest updates from on the ground

OCCUPIED CITY:'We are not co-operating'

RUSSIA MOTHERS:'How do I get my soldier son back?'

EXPLAINED:Why Putin has invaded Ukraine?

IN DEPTH:Full coverage of the conflict

The experience of the Afghan Citizens Resettlement Scheme, welcoming people who had fled the Taliban after the British military withdrawal, may help explain the reluctance to open the UK borders this time.

Finding housing for the thousands who have already arrived has proved hugely problematic, with the department currently paying more than Â£1m a day to keep Afghans in requisitioned hotels.

Chastened by that experience, perhaps, the home secretary supported the idea of a Ukrainian sponsorship scheme - in which private individuals or companies can apply to bring a refugee into the UK, with the sponsor rather than the state taking responsibility for accommodation and support.

Sponsorship has been used before, notably to help Syrian refugees. But it is not a quick or straightforward response to a humanitarian emergency. The details are still being worked out. It remains unclear who will be eligible. It will be some time before any Ukrainian will arrive by that route.

The 21st Century Home Office must look tough and compassionate in equal measure. It must navigate the complex politics of immigration and balance the demands for freedom and control.

""We are genuinely less worried about the reputational side of this than getting the right messages across,"" an insider claims.

But the concern is that the Home Office is destined always to be playing catch-up as the human tragedy of the Ukrainian refugee emergency unfolds.

Visas a shambles, Brits with Ukrainian family say

Ukraine ambassador's wife faced delay to get visa

How do the UK's schemes for Ukrainian refugees work?",https://ichef.bbci.co.uk/ace/branded_news/1200/cpsprodpb/101BE/production/_123628956_gettyimages-1383532419.jpg,UK
https://www.bbc.co.uk/news/world-europe-60683269,Ukraine conflict: Your guide to understanding day 14,A hospital is attacked as civilians try to escape. Here is your guide to the 14th day of fighting.,"WATCH: The aftermath of a Russia strike on a maternity and children's hospital in Mariupol.

On day 14 of the war in Ukraine, as civilians fled towns and cities around the country, an air strike hit a maternity hospital in Mariupol.

The attack - which Ukraine blames on Russia - has been condemned around the world.

Ukraine's President Volodymyr Zelensky posted footage showing burnt out cars, blown out windows and a deep crater in the ground outside.

Officials say at least 17 people were injured - staff and patients.

""We don't understand how it is possible in modern life to bomb a children's hospital,"" the deputy mayor of Mariupol, Serhiy Orlov, told the BBC.

Elsewhere, convoys of civilians were waiting to leave several towns near the Ukrainian capital, Kyiv.

In eastern Ukraine, some people did manage to escape from the city of Sumy; others were blocked as negotiations and fighting continued.

Read more:Russian air strike hits Ukraine maternity hospital

Almost two weeks after Russian forces seized the former nuclear power plant Chernobyl, the power has gone out.

Ukrainian authorities - who blamed the Russian troops for the outage - have suggested the situation could become dangerous, as the plant still requires constant management, decades after it became the site of the world's worst nuclear accident.

The head of the UN nuclear watchdog has said the power cut has not affected safety as the spent nuclear fuel left on site could not heat up enough to cause an accident.

The BBC's science correspondent, Pallab Ghosh, has takena closer look at why experts say there isn't much reason to panic.

Western officials have said they are ""very concerned"" about the risk of escalation in the war between Russia and Ukraine - particularly when it comes to the possibility of Moscow using non-conventional weapons.

This most likely refers to chemical weapons although the term also covers tactical (small-scale) nuclear weapons, biological weapons and dirty bombs.

They said this was partly because of what had been seen in other places where Russia has been engaged in conflict, notably Syria where chemical weapons were used by its allies.

The BBC's security correspondent, Gordon Corera, takes a closer look.

Thousands of Russians are leaving the country, including these arriving by train in Helsinki

More than two million Ukrainians have already fled the invasion which engulfed their country just two weeks ago.

But in Russia, tens of thousands are also fleeing - some scared for their futures in a country cut off from the wider world, others frightened by the prospect of life under a more repressive regime.

In Moscow, Lydia is considering becoming the third generation in her family to escape Russia, following in the steps of her grandfather - who ran from Stalin - and his father before him - who fled the anti-Jewish pogroms.

Money may be playing a huge part in her deliberations, but there is something else as well: shame.

""I think it's going to take me and most of my friends years, before I can say I'm Russian and not feel ashamed,"" she tells the BBC.

Read her full story here.

Olena Zelenska is a familiar figure on the world stage

Olena Zelenska - a screenwriter before she became Ukraine's first lady - has said the Russian invasion amounts to the same as the ""mass murder"" of her country's civilians.

In a letter, published on the president's website, she described the deaths of children as ""the most terrifying and devastating"" part of the invasion, mentioning the names of three who had been killed since Moscow launched its attack two weeks ago.

""When Russia says that it is 'not waging war against civilians', I call out the names of these murdered children first,"" she wrote.

LIVE:Latest updates from on the ground

OCCUPIED CITY:'We are not co-operating'

RUSSIA MOTHERS:'How do I get my soldier son back?'

EXPLAINED:Why Putin has invaded Ukraine?

IN DEPTH:Full coverage of the conflict",https://ichef.bbci.co.uk/ace/branded_news/1200/cpsprodpb/DC29/production/_123616365_de27-1.jpg,Europe
https://www.bbc.co.uk/news/blogs-the-papers-60685574,Newspaper headlines: 'Barbaric' children's hospital bombing 'a new low',A picture of a pregnant woman being carried from the wreckage in Mariupol dominates the papers.,"Many of the front pages show an injured pregnant woman being carried on a stretcher outside the destroyed hospital in Mariupol in southern Ukraine.

""Aiming for mothers and babies"" is the headline for the Times, whichreportsa large missile fired by a Russian jet missed the children's and maternity wards by just a few feet. Officials tell the paper there are no reported deaths, despite initial concern about people being trapped in rubble.

The Daily Telegraph reports that most of the pregnant women werehiding in the basement at the time of the strike.

There's outrage across the papers. ""Depraved"" is theDaily Mail's headline- the same word used by Prime Minister Boris Johnson to condemn the attack.

TheSun accusesVladimir Putin of plumbing ""sickening new depths"", while theDaily Mirror describesthe airstrike as ""merciless"" and ""barbaric"".

Aneditorial in the Daily Expresssays the images will last in the consciousness long after the awful events, shaming Russia for generations.

The Telegraph leads on fears among Western officials that Russia is preparing to usechemical or biological weapons. The paper says Mr Putin has become increasingly frustrated by the resistance mounted in Ukraine and may turn to extreme measures.

Analysts are reported to be seeing echoes of Moscow's tactics in Syria, where in 2015 the city of Douma was attacked with chemical weapons.

Conservative MP and former soldier Bob Seely tellsthe Telegraph such an attack in Ukraine would be disastrous. Chlorine and sarin gas are heavier than air, he explains, and will seep into basements and metro stations where civilians are sheltering.

Sign up for a morning briefing direct to your inbox

Home Secretary Priti Patel ispreparing to announce an expansion of the UK's visa schemefor Ukrainians, according to the Times.

The paper says Mr Johnson has piled pressure on Ms Patel after becoming frustrated about the low rate of refugees being given sanctuary. Under the scheme, about 7,000 Ukrainians would be allowed to bring in family members, although experts tell the paper the plan is merely ""tinkering around the edges"".

The Guardian hasspoken to Ukrainian refugees in Calaiswho are struggling to secure visas now. One man explains how he made a 4,000 mile round trip from his home in Nottinghamshire to Ukraine to pick up his family, only to be turned away at the UK border by officials he claims were laughing.

The Sun has been to a UK processing centre in Poland where it says an 83 year-old womanwas told to wait two weeks for a visa. ""A shambles putting Britain to shame"" is the paper's verdict. The government insists it's taken urgent action to process visas, while carrying out vital security checks.

The Financial Times says Mr Johnson has ""paved the way"" for apossible lifting of the banon fracking for shale gas in England.

He's reported to have asked ministers to look again at whether shale gas can help meet the UK's energy needs, following Tuesday's announcement of plans to ban imports of oil from Russia. Shale gas exploration was suspended in 2019 following concerns about earthquakes.

FORBIDDEN AMERICA:Louis Theroux investigates the new far right political movement born out of the internet

PEAKY BLINDERS:The Shelbys are back for an epic final series and Tommy faces new danger from an old enemy",https://ichef.bbci.co.uk/ace/branded_news/1200/cpsprodpb/69DE/production/_123620172_index-nc.png,The Papers
https://www.bbc.co.uk/news/av/entertainment-arts-60609363,Dolly's novel approach to writing first book,Dolly Parton has written her first novel with the help of best-selling author James Patterson.,"Singer, musician, producer, actress, theme park owner and campaigner Dolly Parton is adding author to her long list of accomplishments.

With the help of best-selling author James Patterson, the 76-year-old has penned her first novel. Called Run Rose Run, it draws on Partonâs own experiences in the music business.

Dolly and James spoke to the BBC about the experience.

You can watch the full interview on BBC iPlayer",https://ichef.bbci.co.uk/news/1024/branded_news/157B5/production/_123598978_gettyimages-1383009272.jpg,
https://www.bbc.co.uk/news/uk-england-nottinghamshire-60677889,Encanto director invites glasses 'hero' schoolgirl Lowri to Baftas,The 12-year-old wrote to Disney three years ago asking them to create a lead female character with glasses.,"Watch: Lowri was shocked to be invited to the Bafta film awards

The director of Disney hit Encanto has invited a schoolgirl who campaigned to see more glasses-wearing heroines to join him at the Bafta film awards.

Lowri, from Chilwell, Nottinghamshire, wrote to Disney in 2019 asking for more characters that looked like her.

She saw her dream realised with Encanto's main character Mirabel, which director Jared Bush said was already in production when he saw the letter.

Theawards take place on Sundayat London's Royal Albert Hall.

Lowri, 12, said she never expected her letter to be seen by anyone but Mr Bush said he had heard about it three years ago and ""so desperately"" wanted to tell her thather wish was about to come true.

""But I had to wait and it was difficult,"" he said.

Appearing on BBC Breakfast on Wednesday, Mr Bush said: ""As it turns out I may be in the UK and I wondered if you might be interested in maybe joining me and the other filmmakers at the Bafta awards ceremony?

""It's going to be a really, really great time.

""I'm so excited to meet you in person, I can tell you all the Disney secrets that I couldn't tell you, but now I can whisper them all to you and no-one can stop me.""

Jared Bush said Lowri was ""an inspiration"" to everyone on the film's team

Speaking from Los Angeles, Mr Bush said: ""She's my hero. I can't imagine being that age and being that brave. You're such an inspiration to all of us.

""This is a movie that's all about us seeing each other and putting people on the screen that deserve to be seen.

""And audiences from all over the world have been able to find themselves, their family members in these stories and it's something that we'd always hoped for and it's so rewarding.""

A gobsmacked Lowri struggled to speak after receiving the invite and nodded vigorously before presenter Jon Kay stepped in and said: ""I think that is a yes.""

""Oh my goodness, that's crazy. Thank you so much,"" she said.

Mirabel Madrigal from Encanto is Disney's first glasses-wearing heroine

Thanking the film director, her mother Cyrilyn Moore held back tears as she said: ""That is like the stuff dreams are made of, isn't it? That's beautiful.""

Lowri first spoke to Mr Bush on BBC Radio Nottingham last month when he surprised her with a special drawing of Mirabel by one of the film's artists, Jin Kim, which featured the words ""heroes wear glasses"".

Encanto is nominated for Best Animated Film award alongside Luca, Flee and The Mitchells vs. the Machines.

The 75th Baftas will be hosted by actress Rebel Wilson and broadcast on the BBC.

Follow BBC East Midlands onFacebook,Twitter, orInstagram. Send your story ideas toeastmidsnews@bbc.co.uk.

Encanto director's awe for glasses hero schoolgirl

Girl's Disney heroine in glasses wish comes true

Can Rebel Wilson save the 2022 film awards season?

Girl, 11, creates Disney-style princess in glasses

Disney responds to girl's letter about glasses

What can modern girls learn from Disney princesses?",https://ichef.bbci.co.uk/ace/branded_news/1200/cpsprodpb/172FA/production/_123607949_de51.jpg,Nottingham
https://www.bbc.co.uk/news/av/science-environment-60670325,Underwater footage of missing Endurance ship,Video captured by underwater robots of the shipwreck shows Endurance to be in remarkable condition.,"Video captured by underwater robots of the shipwreck shows Endurance to be in remarkable condition.

The ship sank 107 years ago and has been missing ever since.

But even though it has been sitting in 3km (10,000ft) of water for over a century, many of its features look just like it did on the day it went down.

Read More:Shackleton's lost ship found after 107 years

And more:'Finest wooden shipwreck I've ever seen'

Video courtesy of the Falklands Maritime Heritage Trust and National Geographic",https://ichef.bbci.co.uk/news/1024/branded_news/BC70/production/_123604284_p0bt73y4.jpg,
https://www.bbc.co.uk/news/uk-england-leeds-60673798,Halifax Acapulco club sells off sticky carpet,"The boss of Halifax's Acapulco club says its ""crazy"" floor covering holds years of memories.","Goin' loco: A silent disco is among the regular events held down at the Acapulco

A nightclub renowned for its sticky carpet is selling off souvenir chunks of its storied adhesive floor covering.

Halifax's Acapulco has been a fixture in the Yorkshire town since 1961 and punters have walked its distinctive, swirly patterned tapestry for 20 years.

Owner Simon Jackson said the sale idea came from a man celebrating a birthday with his mum and grandmother who had been club regulars in their youth.

The proceeds will be donated to a local Street Angels group.

Mr Jackson said the Acca - as the club is affectionately known - was a source of memories for generations of people in Halifax.

""We got to thinking how many people have met here and had first kisses, birthdays whatever here, that's when we got the idea,"" he said.

""Just think how many people have walked on its famous, crazy pattern.""

Bobby dazzler: The club said it planned to replace the unique pattern with a similar design

Mr Jackson said the parents of the birthday boy who inspired the scheme had actually met on the Acca's dancefloor.

He said he had even received an email from someone who spread a little of their grandmother's ashes on its carpet a few years ago.

The proposal to sell squares of the carpet - at Â£5 each or Â£50 for a more sanitary framed version - started as a joke, according to the owner, but had ""snowballed"" as people expressed genuine interest.

Top TV talent, such as Michaela Strachan, pictured filming for the Hitman and Her, has graced the Acca

Before social media, the club would advertise its events - including the now-defunct ""Miss Stockings and Suspenders Contest"" in the local paper

Mr Jackson, 55, first worked at the club in the 1980s, became its owner in 1995 and still works as a DJ there.

The original carpet was made in Halifax and was due to be replaced several years ago, but a fire at the club followed by Covid restrictions had pushed the work back.

""We are one of a few clubs that have survived lockdown and with being the oldest Acapulco in the country, and family-owned, we feel more responsible to keep it going"", Mr Jackson said.

Work to replace the carpet has already started, and is expected to take about two weeks.

""The building is not the prettiest of places but it holds so many memories, it's not a trendy place just somewhere to party and forget your worries,"" he said.

Follow BBC Yorkshire onFacebook,TwitterandInstagram. Send your story ideas toyorkslincs.news@bbc.co.uk.

Acapulco Nightclub Halifax

Halifax Street Angels",https://ichef.bbci.co.uk/ace/branded_news/1200/cpsprodpb/2512/production/_123609490_275132746_5209264822431171_7157214700904815352_n.jpg,Leeds & West Yorkshire
https://www.bbc.co.uk/news/world-us-canada-60671723,The Capitol riot trial that tore a family apart,"Guy Reffitt was convicted of taking part in the 6 January riots, in part due to testimony from his own son.","Guy Reffitt cried in the courtroom when his son Jackson took the stand against him

Guy Reffitt, the first person to stand trial for the US Capitol riot, faced not only a judge and jury, but his own son on the witness stand. On Monday, Reffitt was sentenced to more than seven years in prison.

Those who know Reffitt say he is a big talker. So much so that his defence lawyer used it as his main argument for trying to have the case dismissed against Reffitt, who stood trial for bringing a handgun to the US Capitol during the 6 January riot.

But it was the volume of evidence of this bragging - detailed in texts, videos and audio - that convinced jurors of his guilt in a unanimous verdict in March after less than four hours of deliberations.

Court documents say Guy Reffitt was seen on video on the west front of the US Capitol on 6 January

The guilty verdict, delivered quickly and on all counts, was a huge victory for the government and is expected to affect the trials and defence strategy of other defendants indicted by the justice department.

But Reffitt's trial also showed how fissures dividing Americans have cracked wide open. It revealed how the deep political divide in the US has affected ordinary Americans and their families, often in a way that is emotionally wrenching and deeply personal. The divide has reached beyond the dinner table to pit family members against one another - in this case father against son - with far-reaching consequences.

For it was Reffitt's son's testimony against his father - whose political views he had long opposed - that formed a crucial part of the prosecution's case.

What happened to the Capitol rioters?

The people who still believe Trump won

Weeks before Guy Reffitt drove from his hometown of Wylie, Texas, to Washington DC to storm the US Capitol, his son Jackson, 18 at the time, had already tipped-off the FBI.

It was a string of messages from his father on Christmas Eve to the family text chain that alarmed Jackson. In them, the older Reffitt announced his intention to go to the nation's capital ""to rise up the way the Constitution was written"".

During his testimony, Jackson said that he reported his father to the FBI because he was worried about his plans.

Afterwards, said Jackson, he struggled with feelings of guilt for betraying his father: ""I just felt gross.""

At first, Jackson heard nothing from the FBI. Then, in early January 2021, Guy Reffitt got behind the wheel of his wife's Chevrolet, with AR-15 rifles stashed away, and drove to Washington DC.

""We took the United States Capitol,"" he texted his family after the siege. ""We are the Republic of the People.""

When he returned home to Texas, Guy Reffitt spoke with his son and other members of his family about his experiences. He bragged about his role in the Capitol assault, said Jackson in his testimony.

""I started the fire,"" Guy Reffitt told his family. He did not know that his son was secretly recording him on his mobile phone.

He threatened his son, warning him not to tell the authorities.

""If you turn me in, you're a traitor,"" his father told Jackson. ""And traitors get shot.""

Soon after, Jackson spoke with an FBI agent. Within days, his father was arrested.

On the day that his son testified against him, Reffitt walked into the courtroom with a swagger. But when Jackson took the stand, Guy's demeanour changed. The big, burly man covered his face with his hands and doubled over in his chair, turning away from his son to hide his tears.

The two men looked strikingly similar that day. They both had the same lush locks - Guy kept his hair back, in a tight ponytail. Jackson's hair fell loose, past his shoulders. They both wore a dark jacket, no tie, and a light-coloured shirt. Guy's shirt was pale blue; Jackson's was pink.

But the similarities ended there.

Once their political views diverged, so did father and son. A few years ago, Jackson was ""moderately left"", he testified, while his father was ""moderately right"". That changed with Trump's election in 2016. Afterwards, Jackson said, they began to shift: ""We both went further in our own direction.""

""I have never known Guy to be violent,"" says his older brother, Nathan Reffitt, who attended the trial

The rift between the father and son was profound, eating away at their family. Guy's older brother, Nathan Reffitt, a 50-year-old electrician, called Jackson a ""snowflake"" and overly sensitive.

""My nephew turned against his father,"" Nathan told the BBC while attending his brother's trial. ""It's sad that our country has come to this.""

After giving media interviews, Jackson moved out of his parents' home in early 2021, using a crowdfunding campaign to support himself. Despite his differences with his family, Jackson has remained close to some of them.

Allow X content?

This article contains content provided by X. We ask for your permission before anything is loaded, as they may be using cookies and other technologies. You may want to readXâs cookie policyandprivacy policybefore accepting. To view this content chooseâaccept and continueâ.

During an afternoon break in the courthouse, in the midst of three hours of testimony, Jackson saw his older sister Sarah, 24, in a hallway. ""Look at you,"" he called to her, admiring her stylish outfit: she wore a black top, stilettos and carried a Kate Spade bag. He ran up to her, and they hugged. They both cried for a moment before he was ushered back into the courtroom.

Sarah described her father as a loving, gentle man. ""Even the things he says that sounds like he would be violent,"" she told the BBC, her voice trailing off. ""He doesn't hurt anyone."" She remembered that it was always their father the children would turn to if they would get into any trouble, because he was so forgiving.

As father and son moved to the right and the left, respectively, the atmosphere at their house became fraught. Outside the family home, the Reffitts flew a Texas Three Percenters flag, showing support for a militia group (members claim only three percent of people in the colonies took up arms against the British during the American revolution).

Guy kept a Smith & Wesson 40-calibre handgun on his bedside table and carried it around the house, into the kitchen, the living room, everywhere. He communicated with his family on a group chat, sounding off about corrupt politicians in Washington.

""Time to remove them,"" he wrote in late December 2020 in a message, one that prosecutors displayed on courtroom screens. ""That's why I'm going to DC.""

During this time, Trump was looking for a way to stay in power. ""What comes next is about tyranny,"" Guy wrote in another text that month, hinting at what he planned to do in the nation's capital: ""Hold my beer and I'll show you.""

Family and friends, gathered in the courthouse on that day and throughout the trial, said that Guy's texts and remarks have been blown out of proportion.

Guy's wife, Nicole, 48, a woman with short, white-blonde hair who chain-smoked during court breaks, claimed he was a big talker, and that she and their children joked about it: ""We say: 'Don't do a Guy.'"" That means swearing a blue streak, the way he does, or trying to out-do someone or impress them.

Guy's wife Nicole Reffitt (centre) with her daughters outside the court house

During one of these breaks, Nicole sat near her mother-in-law, Linda Reffitt, 74, who lives in an RV and travelled with her oldest son, Nathan, to Washington DC for the trial. The afternoon sun streamed into the room, as they recalled Guy's foul language, some of which he had recorded in a video on 6 January.

Prosecutors played the audio in the courtroom. In the recording, Guy Reffitt talked about the Speaker of the US House of Representatives, Nancy Pelosi, referring to her in abusive language while speaking of a vague plan for ""dragging"" her out of the Capitol.

At moments like these, Nicole wished she could slink out of the room, she told the BBC. Still, she said, it's all just talk: her husband, she insisted, is not a threat to anyone.

He was sentenced on Monday for five felony counts, including obstructing an official proceeding of Congress; trespassing at the Capitol while carrying a holstered semiautomatic handgun; interfering with police in a riot; and witness tampering.

Reffitt's conviction is a result of the sprawling federal investigation into the 6 January riot, which has resulted in prosecutors bringing charges against hundreds of individuals.

After the verdict, Nicole claimed her husband was used as an example to make all the one-sixers (6 January defendants) take a plea. ""Do not take a plea one-sixers,"" she urged, ""we got this.""

Jackson, meanwhile, tweeted that it was ""impossible to be happy"" about the verdict. ""My father could have possibly been home by now getting mental help if he took a plea deal,"" he added.

Allow X content?

This article contains content provided by X. We ask for your permission before anything is loaded, as they may be using cookies and other technologies. You may want to readXâs cookie policyandprivacy policybefore accepting. To view this content chooseâaccept and continueâ.

When asked what the family name, Reffitt, means, Sarah looked it up on her phone. ""It means 'powerful and peace',"" she said with a sad smile. ""Very ironic."" Then she nodded her head and said the name reflected who her father was, and that she was not surprised to see the meaning of their family name: ""Makes sense to me.""

She said that a desire for one-upmanship fuelled her father; it caused him to not only swear like a sailor, but also drove him to Washington DC.

Specifically, she said, he wanted to show Jackson the kind of man that he is.

""He's always trying to impress Jackson,"" she said. ""And he didn't really impress anyone.""

First trial of US Capitol riot ends in conviction

Son of accused Capitol rioter testifies in court

US man 'tip of spear' in Capitol riots - prosecutor

What happened on 6 January at the Capitol riot?",https://ichef.bbci.co.uk/ace/branded_news/1200/cpsprodpb/1335A/production/_123628687_cry.jpg,US & Canada
https://www.bbc.co.uk/news/60679290,Fact-checking Boris Johnson's claim about refugees,The PM claimed the UK had done more to resettle vulnerable people than any other European country.,"Boris Johnson was asked at Wednesday's Prime Minister's Questions about the UK's policy on admitting Ukrainian refugees.

He said: ""This government has a proud, proud record. We've done more to resettle vulnerable people than any other European country since 2015.""

Mr Johnson has made this claim before, which the government says applies to ""resettled refugees"".

He is right about this one category of refugees, but the overall picture is very different, as some other European countries have taken in far more refugees than the UK since 2015.

Resettled refugees are people who are admitted to the UK from another country where they had initially sought refuge. This would apply, for example, to someone who had fled the war in Syria and was now living in a camp in Jordan.

The UK operates three resettlement schemes:

The UK Resettlement Scheme for vulnerable refugees, including survivors of violence and torture, women, children and people with medical needs. The government works with the UN's refugee agency, which assesses refugees for resettlement

The Community Sponsorship Scheme enables community groups to directly welcome and support a resettled family into their local community

The Mandate Resettlement Scheme resettles refugees with a close family member in the UK who is willing to accommodate them

Between 2015 and 2020 (the years for which comparable data exists), the UK admitted about 24,700 resettled refugees - the majority of them Syrians.

This was higher than France, which resettled about 16,300 people, and Germany with about 14,500.

Resettlement schemes are just one part of the asylum system.

The majority of those who flee their home country, and cannot safely return to it, seek refuge by applying for asylum in another country.

When you factor in the number of people who were granted asylum since 2015, then the picture changes dramatically.

It is clear that looking at the overall numbers of refugees allowed to stay, several European countries are way ahead of the UK.

If you add up the number of resettled refugees and those who were granted asylum, the UK gave refuge to just over 92,000 people from around the world from 2015 to 2020.

Germany, by contrast, gave refuge to more than one million people.

France, Sweden, Italy and Spain all outperformed the UK over the same period.

And if you look at the figures in proportion to a country's overall population, the UK has provided refuge to 121 people per 100,000.

On that measure, 20 other European countries have taken in more refugees than the UK.

Sweden, with 1,619 refugees per 100,000 people leads in Europe, followed by Germany with 1,274, Austria with 1,134 and Switzerland with 955.

What claims do you want BBC Reality Check to investigate? Get in touch

Read more from Reality Check",https://ichef.bbci.co.uk/ace/branded_news/1200/cpsprodpb/CC9D/production/_123618325_2_johnson_pmq_hoc-002.jpg,Reality Check
https://www.bbc.co.uk/news/world-middle-east-60679175,Israel's Bennett plays peacemaker in Ukraine-Russia war,"Prime Minister Naftali Bennett is an unlikely mediator between Kyiv and Moscow, Tom Bateman says.","Naftali Bennett says it is a moral obligation to make every effort to extend dialogue

Early in the morning, as Russia's isolation grew, a jet took off from Tel Aviv bound for Moscow. It happened in secret, carrying a VIP delegation. The plane touched down with a reverse thrust: a hot blast into Moscow's dawn while Russia was being frozen out by the West.

This was last Saturday - incidentally the Jewish Sabbath, when tradition says the rest day can be broken to save a life. Onboard were at least two observant Jews working when they normally wouldn't - Israeli Prime Minister Naftali Bennett and Housing Minister Zeev Elkin, plus four officials. Mr Elkin was there, it was said, to help with the translation. He's a native Russian speaker, born and brought up in Kharkiv, the Ukrainian city under relentless Russian bombardment. He has close relatives there; now he was going to meet the war's architect.

The Israelis headed to the Kremlin. Mr Bennett was the first foreign leader to speak to Vladimir Putin in person in response to the invasion of Ukraine. We don't know much about the meeting, whether they were sat six metres (20ft) apart across that glossy white table (the treatment European leaders got in the run up to war). None of the substance leaked at the time. There was nothing to see and little to hear. An invisible liaison.

But the meeting itself was the story. Could Israel be the unlikely broker in the worst crisis between Russia and the West since the Cold War?

News of the meeting was released as it reached its third hour, making global headlines.

Officials from Ukraine and Russia have been holding face-to-face talks in Belarus

Israel has significant relations with both Russia and Ukraine, and Mr Bennett had been trying to position himself as a go-between.

There are some immediate concerns for the Israelis. There are at least a quarter of a million Jews in Ukraine, eligible to make Israel their home under its ""Law of Return"".

But Mr Bennett was flying into something he sees as strategic in the crisis.

Israel has also developed frequent dialogue with the Russians, or ""our neighbours to the north"" as one official reportedly referred to them recently. Russia controls the skies over Syria, where Israel routinely carries out air strikes. It says it targets weapons transfers and militants linked to Iran, the country it sees as an existential threat.

Now the relationship dynamics of one regional crisis are becoming entangled in another.

Israel will take in 5,000 Ukrainian refugees and allow 20,000 others who arrived before the war to stay temporarily

Israel's leadership believes its Russia links are an opening. One Israeli official put it to me that it can be a ""bridge"" between Moscow and the West. Prime Minister Bennett even called it a moral obligation to make every effort to extend dialogue.

There have been three rounds of direct talks between Ukrainian and Russian officials in Belarus. The first attempts at local ceasefires to allow so-called humanitarian corridors barely held, under disputed circumstances.

Any terms of a more permanent truce go to the roots of the crisis. Russia demands that Ukraine declares itself ""neutral"", permanently renounces future Nato membership, and gives up chunks of territory. Ukrainian President Volodymyr Zelensky promises to fight on. He says he is ready for dialogue, but ""not for capitulation"".

It's unlikely Israel can play mediator in the usual sense of a powerful arbiter that tries to entice each party into concessions. It would have to be more of a message carrier, shuttling between unequal sides. Some question the value of such an attempt.

Some protesters in Israel have called on the government to help Ukraine resist the Russian invasion

Israel's leadership has decided largely not to fall in with the West's approach to Russia. It has not, for example, joined much of the barrage of fresh sanctions against Moscow.

This is a gamble on helping create an environment of de-escalation, but it's high risk.

It has sparked a fiery debate within Israel. First, when it didn't sign up to a text condemning Russia at the UN Security Council. Some called this a serious mistake - alienating the US, Israel's long-time ally. There was some direct criticism of Russia, but it was left to the Foreign Minister, Yair Lapid. Israel did eventually join the vote to condemn Moscow at the UN General Assembly.

Israeli officials are at pains to say the Kremlin meeting had the blessing of the US. But one veteran Israeli journalist quoted American officials as being sceptical about Mr Bennett's moves, thinking it unlikely that he could change Mr Putin's mind. Since then, more reported details of their calls have emerged, with Israeli officials quoted as suggesting Russian and Ukrainian positions in talks may be ""softening"". It was the first significant piece of news about any kind of broader agreement and is likely to give energy to Israel's efforts.

However, other commentators caution that only a fool could trust Vladimir Putin now.

Mr Bennett (left) met Vladimir Putin in the Russian Black Sea resort of Sochi last October

Israel is prepared to be a go-between. It believes it's a card that should be kept on the table, which the West can play if it needs. Of course, it's not the only lens in the Middle East through which the war is seen.

Many in Arab countries, having lived the aftershocks of American and British invasions, condemn the West for what they see as its double standards over Ukraine. Palestinians point to Western backing for Ukrainian resistance and celebration of its leaders and ask: What about us? Israeli critics of this argument have been very vocal too, saying there is no equivalence between the two conflicts.

Meanwhile Turkey, historically a bridge between East and West, is also in the fray for dialogue between Russia and Ukraine. It's hosting their foreign ministers in the Mediterranean city of Antalya.

As for Mr Zelensky, he has welcomed Israel's potential mediation, but revealed frustration too. The Ukrainian president was asked whether, as a Jewish man, he had expectations of the Jewish state? ""Our relations are not bad, not bad at all,"" he said. But he added, referring to Mr Bennett: ""I don't think he is wrapped in our flag.""

Perhaps that's what's needed from a potential mediator. Mr Zelensky has thanked the Israeli leader for attempts to ""end the war"". But that still feels a dim prospect despite Saturday's diplomatic flurry. Since then, the calls have continued, but the roar of the jet to Moscow has fallen silent.

OCCUPIED CITY:'We are not co-operating'

RUSSIA MOTHERS:'How do I get my soldier son back?'

EXPLAINED:Why Putin has invaded Ukraine?

IN DEPTH:Full coverage of the conflict",https://ichef.bbci.co.uk/ace/branded_news/1200/cpsprodpb/4EEA/production/_123620202_mediaitem123614299.jpg,Middle East
https://www.bbc.co.uk/news/disability-60642118,Winter Paralympics: 'I chose to have my leg amputated after years of pain',Musician Shona chose to have her leg amputated after years of pain - now she's a Paralympian.,"When musician Shona Brownlee had a fall at the end of her military training she didn't think much of it - but after years of chronic pain she made a life-changing decision which unexpectedly took her to this year's Winter Paralympics in Beijing.

Shona had been passionate about the French horn since childhood.

""Music is all I ever wanted to do,"" she says. ""My evenings and weekends were taken up with orchestra practices and concerts.""

Shona, from Livingston in Scotland, studied music at the highest level, first at Birmingham Conservatoire and then Arizona State University in America.

But life as a freelance musician was tough. Orchestral players are often only paid for the one or two rehearsals before a concert and then the performance itself. And it was unpredictable.

She knew of friends who had joined the RAF as musicians, for stability.

""I'd always thought the military wasn't for me. But when I went to visit them and sat in on a couple of rehearsals you realise that the job is exactly the same as a civilian musician.

""You're in a uniform, but you get the rehearsals, you get the concerts, the travel and world class bands.""

Shona applied to the RAF and was accepted as an aircraftwoman. Even with a focus on music she still had to meet the same entry requirements as all of the other recruits and complete basic training before she got to play.

There were a few lifestyle changes too. As well as fitness tests and early starts ""we marched everywhere,"" Shona smiles. ""You have to march between whatever lessons you've got,"" from service knowledge to weapon handling.

As Shona approached the end of basic training, she let herself imagine what her musical career would be like.

And then she fell.

""It was a simple accident,"" she says of the fall from a ledge into a loading bay, and she thought nothing of it. Her ankle was sore, but she presumed it was sprained and would be fine soon enough.

She pushed herself to finish training and joined the band, but ""band drill"" - more marching - was out. She could barely walk.

Shona was referred to the famous Headley Court Defence Medical Rehabilitation Centre and diagnosed with complex regional pain syndrome which causes severe persistent and disabling pain. She tried various treatments from intensive rehabilitation to surgery.

""Nothing worked,"" she says. ""I was stuck on crutches with a leg that didn't work.""

Shona continued to work with the RAF band, but on those occasions when she had to perform and march at the same time - one of its key components - she had to sit-out. It was frustrating and she hoped that one day a treatment would work.

After six years, without success, Shona's medical team called her into a meeting: ""There was nothing more that could be done,"" they told her.

But Shona knew that wasn't quite true.

Over the years, she had made friends with wounded veterans.

""Double or triple amputees who were so much more functional than I was because they were on prosthetics,"" she says.

And she recalled a quip a friend had made years before - ""you should have it chopped off"".

Shona knew he hadn't been entirely joking, he himself had elected to have a leg amputation.

""At the time, I was a bit horrified and thought 'I'd rather have a wonky leg than no leg', but as time goes on, you think 'that's not such a bad thing'.""

Shona began to research the possibility and when she decided it was for her, she mentioned it to her medical team at Headley Court.

They took ""a bit of convincing,"" she says and spent a long time discussing all the pros and cons with her, including how she may be left with phantom limb pain. There was also the chance it might not work or she might not get on with a prosthetic.

Shona was willing to take the risk.

""After six years on crutches it seemed almost like there wasn't a decision to make because my leg wasn't working,"" she says. ""I had nothing to lose.

""I elected to have my leg amputated below the knee.""

Shona says coming to the decision herself helped her come to terms with the life-changing operation, even if she had to convince others.

But even with this conviction, on the day of the operation, she felt nervous. She had no idea if it would work and leave her pain free.

When Shona came around from the anaesthetic, she looked down.

""There was just a weird little bump where my leg should have been, but I do remember thinking 'it doesn't hurt, that's a good sign'.""

Shona spent a week in hospital followed by six weeks using a wheelchair to ensure the stump healed before she got fitted for her prosthetic leg.

""I found it easier to adapt to than I was expecting,"" she says. ""It felt strange at first,"" and she had to learn to take care to avoid blisters and sores. ""But within a couple of months it felt normal.""

She was even able to march with the RAF band for the first time.

While Shona underwent rehab she spotted an advert for the RAF's Battle Back programme which provides sport and adventure to injured and sick service people as part of their rehabilitation.

It was advertising a ski trip to Bavaria.

Shona signed up. ""It was going to be a nice little 10-day jolly, but that was the beginning of my skiing career,"" she says.

Shona tried a sit-ski - an encased seat mounted on a single ski. Two handheld outriggers are used for balance and direction control.

""It was terrifying, but I really enjoyed it,"" she says. ""It's a little like riding a bike. At first it's quite wobbly but once you've found your balance point and your centre of gravity then it's Ok.

""I wouldn't say I picked it up particularly easily. I remember a lot of times being upside down, sliding down the hill head first, ending up in ditches.""

Despite the crashes, someone spotted Shona's potential and introduced her to the Armed Forces Para-Snowsport Team (AFPST) which provides ski opportunities to injured service people as well as coaching and equipment.

The organisation also supported Para-nordic skier Scott Meenagh and snowboarder Owen Pick at this year's Paralympic Games.

Between rehab and work, Shona started training properly and, with the support of the AFPST began to compete under the classification - LW12-2 - for athletes with amputations of the lower limbs.

Over the last 12 months, Shona's career has taken off - first she made the British team, then competed in her first World Cup event and made the podium twice.

This week she made her debut at the Winter Paralympics. She finished 6th in her first event, the Super-G, and while she was in 5th place after the downhill of the super combined, which also includes slalom, she did not finish the second element. She finished 9th in both the giant slalom and slalom.

""It just snowballed,"" she says.

Shona is now part of the RAF's elite athlete scheme which allows service people to take time out from their assigned jobs and train full-time. She was also named RAF Sportswoman of the Year 2021.

It has been a golden time, but as much as Shona would love a gold medal, Beijing 2022 has been more about the experience.

""I feel like this is my warm-up,"" she says. ""Learn from it and then build on it in another cycle.

""But the eventual goal? I will still go back to the band and be a musician again.""

For more disability news, follow BBC Ouch on Twitter, Facebook and listen to our podcasts, which also have transcripts

Armed Forces Para-Snowsport Team - Military Veteran Support",https://ichef.bbci.co.uk/ace/branded_news/1200/cpsprodpb/BA74/production/_123623774_976_mediaitem-123579998.jpg,Disability
https://www.bbc.co.uk/news/world-latin-america-60601711,Drought robs Amazon communities of 'life-giving' river,Low water levels mean riverside communities lose much of their income and their mode of transport.,"Boats sit on sandy soil where a river in Colombia's Amazon region would normally be flowing

Orlando Rufino stands in the bed of the river that he says has been ""life-giving"" for his people for hundreds of years.

""It's life, because it's what gives us everything,"" he explains.

A key source of transport, food and income for families like Mr Rufino's, the river has always snaked through dense jungle in southern Colombia, eventually linking up with the mighty Amazon.

But instead of wading through water, his feet sink into dry sand. Wooden boats that normally travel along its steady current sit forgotten next to him.

""Even during droughts, it has always gone up to here,"" Mr Rufino, 43, says, holding his hand over his head. ""Right now, it's critical.""

Orlando Rufino points to a tree trunk to show how high the river level would be normally

Historically, the dry season in the region runs from July to December. While the river level goes down during this time, it almost always remains deep enough for boats to travel, Mr Rufino says.

But over the past five years, the droughts have gradually worsened. This year, it has stretched for months longer than normal.

Usually metres deep, right now the river is little more than a trickle.

Such low water levels pose an existential threat to the estimated 30 million people that call the Amazon basin home, including Mr Rufino's indigenous Ticuna people.

Mr Rufino relies on the river and its fish to feed his family

The director of the Foundation for Conservation and Sustainable Development, Rodrigo Botero, says that climate change is to blame for the increased frequency of the droughts.

""And the ones who suffer are the people with the fewest resources,"" he adds.

Mr Botero, a scientist working across Colombia's Amazon region, has documented the destruction over the past decades.

Dubbed ""the lungs of the planet"", the Amazon basin's 6.9 million square kilometres (2.7m sq miles) of rainforest - land more than twice the size of India - has suffered rampant deforestation, which fuels climate change.

Roughly 15% of that forest has been destroyed across Bolivia, Brazil, Colombia, French Guiana, Guyana, Peru, Suriname and Venezuela since 1978, data gathered by the non-profit conservation news platform Mongabay suggests.

""Between deforestation and these massive droughts... local communities face more new problems every day,"" warns Mr Botero.

Deisi SÃ¡nchez Parente worries about what the future may look like for her children

Deisi SÃ¡nchez Parente BÃ³atakÃ¼ is one of those affected by the dropping river levels.

The 33-year-old who lives in San Pedro de los Lagos - deep in Colombia's Amazon region, near the border with Peru and Brazil - normally sends her children to school by boat.

But with river levels too low to navigate, their half-hour journey has turned into a two-hour trek on foot through dense jungle terrain.

Every day, she wakes her children up at 03:30 to make it to school in time. ""Sometimes they tell me: 'Mommy, I don't want to go to class, it's too far.'""

When the river is too low to go by boat, school children have to get up extra early

For Mr Rufino, a fisherman and farmer, the drought means that half of his work has evaporated. Fish have moved to deeper waters and the community struggles to water its crops, he explains.

And even when he and his fellow farmers manage to grow something, they cannot take it to market without boats.

""You lose money, because there is no way to sell anything. There's no transport,"" he says.

The river is key for taking goods to market

Mr Botero says that in some extreme cases he has seen livestock die due to lack of water. Wild animals that communities normally hunt for food migrate to places where water is more abundant.

He warns that food scarcity could increase further in populations that already face disproportionately high rates of malnutrition.

Indigenous communities have repeatedly sounded the alarm about the effects the drought could have on approximately 350 different ethnic groups in the region.

The river is the lifeblood of many communities who dwell by its banks

""We don't want any more speeches. We are facing an Amazon that's at the point of no return,"" the head of the Coordination of Indigenous Organizations of the Amazon Basin, JosÃ© Gregorio DÃ­az, told a press conference recently, as United Nations leaders met to discuss the issue.

To make matters worse, large swathes of Colombia's Amazon region have been ravaged by forest fires since the beginning of the year.

While data on the fires is still not available, the country's environmental ministry published a memo in January saying they appeared to be the worst the region had experienced in a decade.

""What is happening is unheard of,"" says Mr Botero. ""It's one of the biggest fires that I've seen in 10 years. Really, it's an apocalyptic situation.""

The fear is that in long term the fires will contribute to changing climate conditions, thrusting the region into a vicious cycle of burns and drought.

Children have been taking advantage of the low river levels to play, but the drought is causing huge problems

Back in her small community, Ms SÃ¡nchez Parente is feeding her baby in her small brick home. She says she worries about what the future may look like for her children.

""It never used to be like this,"" she says. ""They're things that make you sad, because everything has changed so much.""

A logger, an environmental policeman, a cattle rancher and an environmentalist share their views on the Amazon's future

Drought hits South America's second-longest river

Record high deforestation of Amazon in January

Amazon near environmental tipping point - study",https://ichef.bbci.co.uk/ace/branded_news/1200/cpsprodpb/8349/production/_123590633_16_u8a4410fernandapineda_colombia.jpg,Latin America & Caribbean
https://www.bbc.co.uk/news/health-60661268,Kidney donor: I call my remaining one Home Alone Kevin,"Azeem Ahmad, who donated one of his kidneys to a stranger, says, years on, he still has no regrets.","Azeem Ahmad, 35, from Newcastle, became a living kidney donor for someone he did not know, in 2019.

Since Covid hit, kidney transplants and altruistic donations have dropped considerably.

NHS Blood and Transplant is urging people to think about whether they might be willing to be a donor and to share their decision with family and friends.

Azeem says, for him, it was an easy but carefully considered choice.

A healthy person can lead a normal life with only one functioning kidney.

Azeem does not know who received his kidney - but he knows he has helped improve their life.

More than 4,600 people, including nearly 100 children, in the UK, are waiting for a kidney transplant.

The pandemic means about 1,100 fewer patients received a kidney transplant in 2020-21 than the year before.

Most organ donations follow death but people can donate some in life - most commonly, a kidney.

Alisha Gokani, 23, from Kent, has been waiting years for a kidney transplant.

A rare condition meant her own failed before she reached her teens.

When she was 19, her mother, herself seriously ill, donated one of her kidneys - but Alisha's body rejected it.

Since then, Alisha has relied on dialysis.

And as an undergraduate, it has been difficult.

""I've had to completely rearrange my life, taking time away from university initially,"" Alisha says, ""but thankfully I was able to return.

""Every day is a struggle, as I'm faced with complete exhaustion from having treatment four times a week alongside full-time education.

""I have been told that a living donor from the same ethnicity as me would be the best possible match.

""As I have had a transplant before, my body has created a lot of antibodies, which provides extra challenges, so I could be waiting a very long time.

""If a live donor came forward, my antibodies can be removed to match the donor's, just before surgery.

""Everything could be planned and controlled for the best possible outcome.

""Living donation is a big ask and something that shouldn't be taken lightly.

""But I am kindly asking people to read more about organ donation, talk to their family and discuss their decision.""

Azeem was motivated to act afterreading a tweet by former Wales goalkeeper Neville Southallon behalf of the family of a young girl who needed a kidney.

""I thought that I should see if I could be a match and so I got in touch with the local hospital,"" he tells BBC News.

The doctors gave him lots of information about the procedure.

""The more I knew, the more I decided it was the right thing for me to do,"" Azeem says.

""Helping someone and potentially saving their life for a few days of discomfort seemed absolutely worth it.

""I was already a blood and stem-cell donor, so it felt like the right thing to do - I wanted to help.""

And when tests revealed he would not be a match for the young girl, Azeem decided to go ahead with donation if another patient who did match was found.

Azeem admits he was ""bricking it"" on the day of the operation.

""I knew that I could still change my mind,"" he says, ""but I'm so pleased that I went through with the donation.

""I don't think it is for everyone - but for me, it was definitely the right thing to do.

""And my family and friends were really supportive about my decision when they understood how and why I had reached it.""

It took weeks to recover from the keyhole procedure - but Azeem is back to full health.

And his kidney function, which the doctors check regularly, is ""really good"".

""I've called my remaining kidney Kevin - because he is Home Alone,"" Azeem jokes, in a reference to Macaulay Culkin's character in the 1990 comedy film.

""He's doing great - he's grown in size and function.""

Azeem received a card and message from the person given his kidney, which he says was extremely moving.

""It hit me really hard,"" he says.

""It meant so much to me.

""Most people are prepared to give a little for the benefit of others.

""The pandemic has shown us that too.""

Marathon run for woman who donated kidney to friend

Mum thanks kidney donor for 'best Christmas gift'

BBC Ideas: Should human kidneys be bought and sold?

NHS Blood and Transplant",https://ichef.bbci.co.uk/ace/branded_news/1200/cpsprodpb/289F/production/_123599301_capture.png,Health
https://www.bbc.co.uk/news/entertainment-arts-60624134,The Marvellous Neil Baldwin is back to make us feel better,"Baldwin was played by Toby Jones in the Bafta-winning BBC film Marvellous, which is now on stage.","Actor Toby Jones (left) and Neil Baldwin with one of the Bafta Awards for their TV drama Marvellous

Neil Baldwin was taken to the nation's hearts thanks to the Bafta-winning BBC film Marvellous, in which he was played by Toby Jones. He has now helped create a theatre version.

People who get their life stories turned into films and plays are usually celebrities or politicians or those who have done something particularly heroic or remarkable. On the face of it, Neil Baldwin is an unlikely subject.

He's a former clown and Stoke City kit man who wasn't well-known - at least beyond his Staffordshire home town - and hasn't been at the centre of any daring or dramatic historical events.

But viewers who watched the heartwarming Marvellous in 2014 came to realise he is remarkable and heroic in his own way.

Toby Jones: 'Neil has an inspiring attitude in seizing life'

They saw his uncanny ability to spread positivity and endear himself to everybody he meets, from students to archbishops to footballers.

They also saw how he always manages to get what he wants and keep going in the face of adversity, his learning difficulties anything but an obstacle.

""When I saw it, I thought, that's a good film,"" he says now. ""The best film ever made. And I still think it is.""

Marvellous won three Baftas in 2015 including best single drama, and was also showered with prizes from the Royal Television Society, Broadcasting Press Guild and Monte Carlo TV Festival.

Since then, Baldwin has received other honours including the freedom of Stoke-on-Trent and the British Empire Medal for services to the community in Newcastle-under-Lyme.

He now wears that medal everywhere, and has it pinned to the lapel of his jacket when he comes to Newcastle-under-Lyme's New Vic theatre to discuss the stage adaptation.

He has created the show with the venue's artistic director Theresa Heskins, and it is finally reaching the stage after lengthy pandemic-enforced delays.

""Three times it was postponed because of the pandemic,"" says Heskins, who has joined Baldwin in the theatre's lounge during a break from rehearsals.

She says to him: ""Every time I phoned you, I thought, how am I going to tell Neil?

""He made me feel better every single time. I'd phone him up feeling dreadful about it, and then I'd put the phone down feeling so much better - which is Neil's special power.""

The cast members take it in turns to play Baldwin in the stage show

The play will have its official opening night on Baldwin's 76th birthday, on Tuesday.

Former Archbishop of Canterbury Rowan Williams recently conducted a special service in Baldwin's honour to mark his 62 years on campus at Keele University, where his mother worked as a cleaner and where the young Baldwin made himself a popular presence and unofficial mascot.

A far back as 1968, he was granted honorary life membership of the students' union, and he received an honorary degree in 2013.

His love of making people laugh led him to join the circus as Nello the clown in 1980. His other passions include Stoke City FC, and when he introduced himself to new manager Lou Macari in 1991, Macari decided Baldwin would be a force for good in the dressing room.

He made Baldwin the kit man and described him as ""my best-ever signing"".

Baldwin with the Stoke City FC mascot before a game in 2014

""His real value was in helping the players relax before games,"" Macari wrote in his autobiography. ""No chemist ever produced a drug that could reduce stress levels like Nello. I was convinced that this gave us an edge in matches. Nello bonded the group.""

Baldwin has even run his own football club, named Neil Baldwin FC, at Keele University since 1967, asking the likes of Kevin Keegan and Gary Lineker to serve stints as its president. They agreed, of course.

Baldwin published his autobiography in 2015 and when they started work on the play, he and Heskins went through his life story with a set of actors.

""We'd say to Neil, 'There's this bit in the autobiography, could you tell us a little bit more about that?"" Heskins explains.

""He'd tell us, then we'd try to re-stage that. While the actors were improvising, Neil would say, 'I think I did that and I said that.' And then we'd do those things.""

She adds, addressing Baldwin: ""Always, whenever we wanted to get a bit serious, you'd be the person that would always be telling us, 'Wouldn't it be funny if she had itching powder in her skirt now?'""

Baldwin (right) with actor Michael Hugo, who plays the ""Real Neil"" on stage

The world could do with more of Neil Baldwin's spirit-lifting powers. So what is his secret of staying upbeat?

""I just stay positive,"" he replies simply, before recalling a conversation with a young friend whose mother had recently died.

""He rung me up on Christmas Day and said, 'Why do you keep on being happy?' I said, 'Life is very short sometimes and you've got to keep happy.'""

Heskins has tried to dig deeper. ""Remember that time I trapped you in the auditorium for two hours?"" she says to him. ""I wouldn't let you out until you answered exactly that question. What is your recipe for happiness?

""You kept saying to me, 'Just be happy.' And I kept saying, 'What if some people can't? Offer me some concrete ideas.'

""You said, 'Get a pet. Sing. Have friends.' You said to me, 'I know I live on my own, but I've got that many friends.' And you said, 'That's one of the keys to being happy, having people.'

""You have all those friends and you are lovely to them. You make people feel good about themselves by being so kind to them, and that makes people happy. That feels like your amazing recipe for happiness. And also laughing.""

""Oh yeah,"" Baldwin says. ""I always do try to keep laughing. Sometimes people do get upset. But you've always got life to live.""

Baldwin's trademark positivity was justified when it came to making Marvellous. ""Before the film ever came out, I said, 'We're going to London to the Baftas.' [Writer] Peter Bowker says, 'Don't be a fool.' I said, 'You'll be the fool if we win.' And we won.""

That film opened doors for Baldwin to make even more friends in high places. A devout royalist, he recounts a visit to Buckingham Palace, one of his proudest days.

""William and Kate were there and William said to me, 'You've won a Bafta haven't you? What a film that was.'

""And I said to Kate, 'What lovely children you've got.' She said, 'Thank you, sir.' I turned around and said, 'I'm not a sir till you make me one!'""

Marvellous made Baldwin something approaching a national treasure, and there's still room for more gongs on his lapel.

Marvellous runs at the New Vic theatre in Newcastle-under-Lyme from 11 March to 9 April.

Marvellous wins Monte Carlo TV awards

Mascot and player get Stoke freedom

'Nello' film win 'greatest night'

The ex-clown with an honorary degree",https://ichef.bbci.co.uk/ace/branded_news/1200/cpsprodpb/1587/production/_123611550_shutterstock_editorial_4767016ax.jpg,Entertainment & Arts
https://www.bbc.co.uk/sport/cricket/60665830,England in West Indies: Tourists bowlers blunted on attritional second day in Antigua,A mixed showing from England's bowlers allows West Indies to edge an attritional second day of the first Test in Antigua.,"West Indies were 127-4 before an unbroken partnership lasting 31.4 overs from Bonner and Holder took the hosts to the close

First Test, Sir Vivian Richards Stadium, Antigua (day two):

England 311:Bairstow 140, Foakes 42; Seales 4-79

West Indies 202-4:Brathwaite 55, Holder 43*; Stokes 1-20

West Indies trail by 109 runs

Scorecard

A mixed showing from England's bowlers allowed West Indies to edge an attritional second day of the first Test in Antigua.

The tourists took 4-44 in the afternoon session but struggled otherwise as West Indies closed on 202-4, 109 runs behind.

Without James Anderson and Stuart Broad, England were wayward with the new ball and the hosts raced to 83-0, captain Kraigg Brathwaite making 55 from 70 balls.

England's seamers, helped by some poor shot-making, wrestled back the momentum but Nkrumah Bonner and Jason Holder blunted the bowling in the final session with a watchful, unbroken stand of 75.

England had earlier added 43 runs for their last four wickets before being dismissed for 311.

Jonny Bairstow, who resumed on 109, was last man out for 140, while 20-year-old seamer Jayden Seales took 4-79 for the hosts at the start of a day interrupted by a series of short rain delays.

England in West Indies 2022

TMS podcast: 'We're never going to be Jimmy and Broady overnight'

Day one was all about whether England's batters could respond to their Ashes humiliation. After West Indies quickly wrapped up the lower-order in the morning session, attention turned to England's new-look bowling attack on day two.

Once England chose to look to the future and leave Anderson and Broad, their two leading wicket-takers in Tests who have shown little sign of slowing down, out of this series comparisons were always going to be made.

Ultimately, despite all taking a wicket, this seam attack of Chris Woakes, Craig Overton, Mark Wood and all-rounder Ben Stokes allowed West Indies to move into the ascendency.

In the veterans' absence, Woakes was the leader of the attack but was particularly wayward on a slow pitch with little support through the air.

Overton, opening the bowling for England for the first time, rarely threatened either side of making the first breakthrough. He had opener John Campbell caught down the leg side for 35.

Wood carried the most threat, as ever bowling with express pace.

He produced a probing spell of reverse swing after tea but Holder, who scored a double century on England's last tour to the Caribbean, frustrated the tourists again and, having come in at 127-4 with England on top, found able support in 33-year-old Bonner, playing his 10th Test

Holder ended unbeaten on 43 and Bonner 34, ensuring West Indies hold the edge in this Test.

Woakes ended with figures of 1-54 from 12 overs

The fact England limited the scoring ensured West Indies were not able to pull away after being gifted a quick start.

In a 10-over spell before lunch England failed to hold their line and length or create opportunities.

Brathwaite, usually the grittiest of openers, was able to race to his fastest Test fifty from 62 balls, the bowling sprayed down both sides of the wicket.

Left-arm spinner Jack Leach, who was accurate but largely unthreatening throughout, was brought on after just eight overs and all five bowlers were used by 23 overs.

Sparked into life by Overton's bouncer to dismiss Campbell, England did improve, however.

Wood unsettled Brathwaite with a bumper and the opener slashed a full, wide ball to gully. Shamarh Brooks nicked Stokes to first slip for 18 and Woakes had Jermaine Blackwood caught after a review showed a looped catch taken at gully had flicked inside edge before thigh pad.

The slow pitch and a softening ball did not help England's quest for wickets late in the day.

Earlier, Bairstow did at least ensure they passed 300 for the first time this winter at the sixth attempt before he skied a catch off Alzarri Joseph when trying to add quick lower-order runs.

England bowler Mark Wood:""It was a little bit indifferent. There were parts we bowled really well and parts we were disappointed with how we bowled. The first 15-20 overs we didn't get it right. When we came back after lunch we did really well.

""There is so much talk around Broad and Anderson we know we are going to be compared to them. We have to do our best. We are never going to be a Jimmy and Broady.

""The disappointing bit for us is we didn't get the start right.""

BBC cricket correspondent Jonathan Agnew:""I can understand Chris Woakes being nervous. For years it has been Broad and Anderson. He has enormous boots to fill.

""It is a very slow pitch. There is nothing in it at all.

""It was a very valuable partnership between Bonner and Holder. The second new ball will probably determine whether England have a lead out of this.""

'My revelation made me a marked man':Meet the self-confessed conman who lifted the lid on the 'psychic mafia'

Do Esports deserve more respect?Enter the debate as gaming is set to feature in the Commonwealth Games

England and Wales Cricket Board",https://ichef.bbci.co.uk/ace/branded_sport/1200/cpsprodpb/8657/production/_123619343_gettyimages-1239057516.jpg,Cricket
